rank,id,score,category,exposure,audience,occurrences,original,new_text
1,T0433,52.0,AC,課堂中,孩子,1,左右移動，上鍵旋轉，下鍵加速，空白鍵直接落下。填满一整行便會消除。可收藏一塊，每次落定後才可再次換出。C 鍵收藏方塊。手機使用下方移動、旋轉、直落及收藏按鈕。,左右鍵移動，上鍵旋轉，下鍵加速，空白鍵直接落下。填滿一行就消除。可收藏一塊，落下後才能再換。按 C 鍵收藏。手機用下面的按鈕。
2,T2950,49.4,ACE,首頁,孩子,1,WordQuest V30 · 資料保存在此瀏覽器，沒有自動雲端同步。內置内容為 AI 編輯練習版，真人教師覆核待完成。,WordQuest · 資料只存在這個瀏覽器，不會自動上載到雲端。內置內容由 AI 編輯，還沒有教師逐題審核。
3,T2937,46.8,AB,首次使用,孩子,1,不同完整任務可以取得金幣；已發布遊戲全部可預覽。每局一幣，不自動續費。,完成不同的學習任務，可以得到金幣。所有遊戲都可以先看預覽。每局 1 枚金幣，不會自動再扣。
4,T1774,44.2,ABD,課堂中,孩子,1,遊戲票未能讀取；原資料未被取代。,讀不到遊戲票，原有資料沒有改動。請再試一次。
5,T0472,41.6,AC,課堂中,孩子,1,先看上方已選客人的訂單，依次按口味加球，再選配料。按「開始攪拌」，指針到綠色區域時按停止，最後交給客人。點其他客人的訂單可切换服務對象。,先看上面客人的訂單。按口味加雪糕球，再選配料。按「開始攪拌」，指針到綠色區就按停止。最後交給客人。點其他客人的訂單，可以換客人。
6,T0810,40.5,AD,課堂中,兩者,6,借熟悉字塊記拼法。組成的新詞要另外學意思及整字讀音；不表示詞義相加或相同詞源。 mice 是 mouse 的不規則複數，不能把 m 當成複數規則。,用熟悉的字塊記拼法。新字的意思和讀音，要另外學。mice 是 mouse 的特別複數，m 不是複數的規則。
7,T2282,39.1,AE,首頁,兩者,1,這是獨立測試版：Admin / 1234 只供假資料測試。,這是測試版。Admin / 1234 只供測試假資料。
8,T1745,39.0,AE,首頁,孩子,1,已付款，不會再扣幣,已用金幣換好，不會再扣金幣。
9,T2851,39.0,ACE,首頁,孩子,1,可以在句子填入單字，或者只聽讀音默寫整句。沒有適合句子的範圍不會勉強出題。,可以在句子裏填入單字，或只聽讀音寫出整句。沒有合適句子的範圍，不會出題。
10,T0826,36.8,AC,課堂中,兩者,1,ch＋air 是拼法記憶；chair 的意思不是「空氣」，也不是這個词的歷史來源。,ch＋air 只是幫助記拼法。chair 的意思不是「空氣」，也不是這個詞的來源。
11,T0971,36.8,AC,首頁,兩者,1,先觀察图形和數量，再按題目要求作答。,先看清楚圖形和數量，再按題目作答。
12,T2881,36.8,AC,首頁,兩者,1,舊紀錄沒有刪除。新課程不會把舊「看过教學」自動升級為已掌握。,舊紀錄沒有刪除。新課程不會把舊紀錄裏的「看過教學」，自動當作已掌握。
13,T2441,36.4,A,首頁,孩子,1,完整完成一組不同的正式練習、小測或混合複習得 1 幣，每日首四組有獎勵；完成第三組額外加 1 幣，每日合計最多 5 幣。同一組當日不重複派幣；答錯不扣幣，也不因故意答錯多派幣。,完成一組不同的練習、小測或混合複習，得 1 枚金幣。每日首四組有金幣。完成第三組，再多得 1 枚。每日最多 5 枚。同一組一天只得一次。答錯不會扣金幣。故意答錯也不會多得。
14,T2443,36.4,ADE,首頁,孩子,1,首次看玩法與所有未解鎖預覽免費。技術失敗未開始可取消退幣；已開始可暫停保存，不會自動扣下一幣。本機資料並不是防作弊伺服器。,第一次看玩法，和看沒解鎖遊戲的預覽，都是免費的。因為出錯而沒開始的一局，可以取消並退回金幣。已開始的一局可以暫停並儲存，不會自動再扣金幣。資料只存在這部裝置，不能防止作弊。
15,T1698,35.8,AD,結算,孩子,1,同課今日不重複派幣，或已達今日派幣上限,這一課今天已得過金幣，或今天的金幣已滿。
16,T2835,35.8,AD,結算,孩子,1,看教學、未完成或重複內容不重複派幣；每天最多取得 5 幣。,看教學、沒做完或重複的內容，沒有金幣。每天最多得 5 枚金幣。
17,T3310,34.0,AE,首頁,家長,1,清除目前家庭的英文、數學、奧數、街機、跨科使用紀錄、自訂圖片／音訊及所有本機復原副本？其他家庭不受影響。請先匯出家庭完整備份。,要清除目前家庭的英文、數學、奧數、遊戲、使用時間紀錄、自訂圖片／音檔，和所有備用副本嗎？其他家庭不受影響。請先匯出家庭完整備份。
18,T3439,34.0,ABE,首頁,家長,1,未能讀取復原日誌庫（瀏覽器儲存可能被封鎖或有其他分頁佔用）。為免覆蓋資料，救援還原和清除暫停。請關閉其他分頁、檢查瀏覽器儲存設定，再重新開啟本頁。,讀不到備用紀錄（瀏覽器的儲存可能被阻止，或被其他分頁佔用）。為了不蓋掉資料，還原和清除暫時不能使用。請關閉其他分頁、檢查瀏覽器的儲存設定，再重新打開這個頁面。
19,T0494,33.8,AD,課堂中,孩子,1,作品格式不正確，沒有改動現有作品。,這個檔案不是作品檔，原來的作品沒有改動。請換一個檔案。
20,T3022,33.8,AE,首頁,孩子,1,這個工房是新的學習路線，不會刪除學校範圍、80 個拼字與生活單元、圖片或街機。,這個工房是新的學習路線。學校範圍、80 個拼字與生活單元、圖片和遊戲，都不會刪除。
21,T2532,32.2,AB,首頁,兩者,1,一幣一局；不設遊玩倒數。每輪最多五次投幣，完成新的有效學習任務才可開下一輪，或由你確認開放。,每局 1 枚金幣，沒有倒數計時。每輪最多投幣五次。要再完成新的學習，才能開下一輪，或由你確認開放。
22,T4116,32.2,AB,課堂中,兩者,1,102個普通數學技能選段＋20個奧數選題；79個普通數學單元有基礎練習，並非全套官方學習重點均已完成。離線答案可被檢視，不適合正式比賽判分。,102 個普通數學技能選段，加 20 個奧數選題。79 個普通數學單元有基礎練習，但未涵蓋所有官方學習重點。答案存在本機，可以被查看，不適合用作正式比賽的評分。
23,T1326,31.4,D,首次使用,兩者,3,帳戶名稱或 PIN 不正確。,帳戶名稱或 PIN 不對，請再試一次。
24,T2572,31.2,AC,首頁,孩子,1,桌面用鍵盤 · 手機用觸控按鈕 · 訪客可免費看玩法預覽,電腦用鍵盤 · 手機用觸控 · 訪客可免費看玩法預覽
25,T1295,31.0,AE,首次使用,兩者,1,答題紀錄、金幣同設定會保存喺呢個瀏覽器。,答題紀錄、金幣和設定，會儲存在這個瀏覽器。
26,T1320,31.0,CE,首次使用,兩者,1,Admin 是預設測試帳號，請用登入；或另選家庭帳戶名稱。,Admin 是測試帳戶，請用「登入」。或另選一個家庭帳戶名稱。
27,T1767,29.9,AD,首頁,兩者,1,這個瀏覽器未能鎖定遊戲票。請用支援 Web Locks 的更新版瀏覽器。,這個瀏覽器不能鎖住遊戲票。請更新瀏覽器，或換另一個瀏覽器。
28,T1832,29.9,AD,首頁,兩者,1,這個瀏覽器不支援全螢幕，可直接在目前畫面遊玩。,這個瀏覽器不能全螢幕。直接在這個畫面玩就可以。
29,T2221,29.9,AD,首頁,兩者,1,最多 50 位孩子；未有新增或改動原資料。,最多 50 位孩子，沒有新增，原有資料也沒有改動。
30,T3859,29.9,AE,課堂中,兩者,1,每層為五個基礎選題，不是完整競賽課程。模擬卷全部原創，沒有複製正式試卷，亦不冒充任何主辦機構的成績或排名。難度尚未以真實學生數據校準。,每層有五個基礎選題，不是完整的競賽課程。模擬卷全部是原創，沒有複製正式試卷，也不代表任何主辦機構的成績或排名。難度還沒有用真實孩子的數據校準。
31,T1701,29.2,AE,結算,孩子,1,與其他任務共用每日最多 5 幣；完成獎勵不按高低分派發。,只要完成就有金幣，不看分數。每日最多 5 枚，和其他學習一起計。
32,T2834,29.2,AE,結算,孩子,1,與原本網站共用同一個金幣錢包。,金幣和原本的練習合併計算。
33,T0706,28.6,AD,課堂中,孩子,1,探索三座雲島，短跳、高跳、彈簧與短衝。安全旗幟讓重生不再連續失敗。,探索三座雲島，用短跳、高跳、彈簧和短衝。有安全旗幟，掉下去也不用從頭來。
34,T1740,28.6,AD,首頁,孩子,1,"未登入可以照常學習。${link('登入後儲金幣','login','secondary')} 遊戲須使用登入帳戶的金幣。","未登入可以照常學習。${link('登入後儲金幣','login','secondary')} 玩遊戲要用登入帳戶的金幣。"
35,T2147,28.6,AD,課堂中,孩子,1,今日餘下 ${pgTime(left)}。按確認只扣一次，然後自行按開始；時間內可重試及轉遊戲。,今天還剩 ${pgTime(left)}。按「確認」只扣一次，然後自己按「開始」。時間內可以重玩，也可以換遊戲。
36,T2416,28.6,AD,首頁,孩子,1,局面需要處理，金幣與其他遊戲紀錄仍保留。,這一局的進度有問題。金幣和其他遊戲紀錄仍保留。請家長先匯出備份。
37,T2425,28.6,AD,首頁,孩子,1,全部學習門檻已達成；繼續挑戰自己的紀錄。,全部遊戲都開放了。繼續挑戰自己的紀錄。
38,T2657,28.6,AD,課堂中,孩子,1,畫面未能更新，請先保留本頁並重試。,畫面還沒更新。請先不要關閉這個頁面，再試一次。
39,T3257,28.6,AD,首頁,孩子,1,數學資料未能讀取；沒有覆蓋原檔。,讀不到數學資料，原有檔案沒有改動。請先匯出備份。
40,T2589,28.0,AB,首頁,家長,1,首次附 50 個測試金幣。預設全部開放、遊戲免費；也可改用正常規則。測試資料、相片與音檔使用獨立儲存名稱，不會自動讀入孩子的正式紀錄。這不是雲端管理員；請勿匯入真實孩子資料。,第一次登入送 50 枚測試金幣。預設全部開放、遊戲免費，也可以改用正常規則。測試用的資料、相片和音檔，另外儲存，不會自動進入孩子的正式紀錄。這不是雲端後台。請不要匯入真實孩子的資料。
41,T3309,28.0,A,首頁,家長,1,上次家庭交易未完成，標記仍在。清除目前帳戶資料後，所有孩子、教材、進度及自訂媒體都會消失，未完成標記會一併清除，之後只能靠家庭備份還原。\n\n如果你有家庭備份，請按「取消」，改用「還原家庭備份」。\n\n仍要清除目前帳戶資料？,上次有一個操作沒有完成。\n\n清除目前帳戶的資料後，所有孩子、教材、進度和自訂的圖片音檔都會消失，未完成的標記也會一起清除，之後只能用家庭備份還原。\n\n如果你有家庭備份，請按「取消」，改用「還原家庭備份」。\n\n仍要清除目前帳戶的資料嗎？
42,T2656,26.9,AE,課堂中,孩子,2,資料已保存，但畫面未能更新。請重新開啟此頁。,資料已儲存，但畫面還沒更新。請重新打開這個頁面。
43,T0217,26.0,AB,課堂中,孩子,1,按住 Space 或「蓄力投籃」，放開出手。系統取消觸控時不會自動投球。,按住 Space 或「蓄力投籃」，放開就投。手指移開畫面時，不會自動投球。
44,T0720,26.0,A,課堂中,孩子,1,面對有反應時間的電腦對手，使用高球、網前扣球和放短球改變節奏。,電腦對手要時間反應。用高球、扣球和短球來改變節奏。
45,T2243,26.0,AD,首頁,家長,1,備份格式不正確，沒有改動。,備份檔的格式不對，資料沒有改動。請換另一份備份。
46,T2445,26.0,C,課堂中,孩子,1,實際遊戲画面,實際遊戲畫面
47,T2767,26.0,A,首頁,孩子,1,圖片是 Noto 彩色圖符的離線詞義示意，不是照片，也不是所有義項的完整情境。裝置語音只作聽讀輔助；沒有內置教師錄音，沒有自動發音評核。完整圖像來源及 SHA-256 清單附在原始碼。,圖片是 Noto 彩色圖案，用來幫助理解詞義，不是照片，也不能表示詞的所有意思。裝置語音只用來幫助聽和讀。沒有教師錄音，也不會自動評核發音。圖片來源和 SHA-256 清單，附在原始碼裏。
48,T2956,26.0,A,首頁,孩子,1,普通 HTTPS 網站也可開啟隔離測試介面，但這不是有後端權限的站長帳戶。,在一般的 https 網站，也可以打開測試畫面。但這不是有後台權限的站長帳戶。
49,T2961,26.0,C,首頁,孩子,1,词語與圖片庫,詞語與圖片庫
50,T3034,26.0,AB,課堂中,孩子,1,下方會顯示新詞拼法。看過後立即串對，記為練習，不冒充隔日掌握。,下面會顯示新詞的拼法。看過後馬上串對，只算練習，不算隔日掌握。
51,T2448,25.3,AD,首頁,兩者,1,真實引擎預覽 · 不扣幣 · 不可操作,真實玩法預覽 · 不扣金幣 · 只能看
52,T4166,25.3,AD,課堂中,兩者,1,本機資料暫時未能讀取,暫時讀不到這部裝置上的資料
53,T2574,23.8,AE,首頁,兩者,2,獨立測試環境,測試專用環境
54,T2584,23.8,CE,首頁,兩者,2,帳號,帳戶
55,T0478,23.4,AE,課堂中,孩子,1,合奏已自動播放。先選樂器，再點下方 1–16 拍加減節奏；作品可保存及匯出。,合奏已經開始播放。先選樂器，再按下面 1–16 拍來加減節奏。作品可以儲存，也可以存成檔案。
56,T0491,23.4,AE,課堂中,孩子,1,瀏覽器未能保存，請改用匯出作品。,這裏存不了作品，請按「存成檔案」。
57,T0503,23.4,AE,課堂中,孩子,1,按「播放合奏」。每一列是一件樂器，每一格是一拍。點格子開關聲音，或選樂器後用下方 1–16 拍按鈕編曲。可調速度、保存作品，匯出或匯入 JSON 節奏檔。,按「播放合奏」。每一列是一件樂器，每一格是一拍。點格子開關聲音。也可以選樂器，再按下面 1–16 拍編曲。可以調速度、儲存作品，也可以存成或讀取節奏檔。
58,T0583,23.4,AE,課堂中,孩子,1,方向鍵／WASD 飛行，Space 展開護盾。接近小鳥完成救援；寶石只計分，不會增加入場金幣。,按方向鍵或 WASD 飛行，Space 開護盾。飛近小鳥就能救牠。寶石只加分，不會得到金幣。
59,T0658,23.4,AE,課堂中,孩子,1,← → 移動；↑／Space 跳躍，短按低跳、按住高跳；X 短衝。旗幟是安全存檔點；掉下去在最近旗幟重生，不會連續扣命。,← → 移動；↑／Space 跳躍，短按低跳、按住高跳；X 短衝。旗幟是安全點。掉下去會在最近的旗幟重生，不會連續失去生命。
60,T1258,23.4,AE,課堂中,孩子,1,做題唔一定要登入；但金幣、遊戲同答題紀錄只會喺登入後保存。,做題不一定要登入。金幣、遊戲和答題紀錄，登入後才會儲存。
61,T1593,23.4,AE,首頁,孩子,1,fair 分開「公平的」和「展覽會」兩個意思。孩子每次只選一個字，不會把全組加入學校默書。首批包含 7 個英文、8 個義項。,fair 有「公平的」和「展覽會」兩個意思，會分開學。孩子每次只選一個字，不會把整組加入學校默書。首批有 7 個英文字、8 個意思。
62,T1672,23.4,AE,首頁,孩子,1,小測先收起拼法提示。完成小測與其他學習共用每日最多五幣；同一課當日不重複派幣。,小測沒有拼法提示。每日金幣最多五枚，小測和其他學習一起計。同一課一天只得一次金幣。
63,T1738,23.4,AE,首頁,孩子,1,有操作、有策略。金幣換遊戲時間，不是一次機會。,要動手，也要動腦。用金幣換遊戲時間，時間內可以重玩。
64,T1810,23.4,AE,課堂中,孩子,1,為免覆蓋新紀錄，已暫停。請只用一個分頁；從挑戰區重新讀取遊戲票。,遊戲已暫停，以免蓋掉新的紀錄。請只開一個分頁，再從遊戲街機重新讀取遊戲票。
65,T1813,23.4,AE,課堂中,孩子,1,已停止計時。可以返回挑戰區重試，現有遊戲票仍保留。,已停止計時。遊戲票仍保留。回到遊戲街機，可以再試一次。
66,T1820,23.4,AE,課堂中,孩子,1,結束這張遊戲票？未用時間不退星；保留的遊戲紀錄不受影響。,要結束這張遊戲票嗎？沒用完的時間不會退回金幣。遊戲紀錄會保留。
67,T2083,23.4,AE,首頁,孩子,1,"訪客可以先學習；登入本機帳戶後才保存金幣及遊戲進度。${link('登入／建立帳戶','login','primary')}","訪客可以先學習。登入本機帳戶後，才會儲存金幣和遊戲進度。${link('登入／建立帳戶','login','primary')}"
68,T2085,23.4,AE,首頁,孩子,1,已付款時間，重開或轉遊戲都不用再買。,這是用金幣換好的時間。重開或換遊戲，都不用再付金幣。
69,T2091,23.4,AE,首頁,孩子,1,獨立串對後，至少相隔 24 小時、不剛看答案，再串對才計入。花星不會減少字數。,自己串對後，隔至少 24 小時再串對，才會計入。看過答案後馬上答對，不計。用金幣不會減少字數。
70,T2135,23.4,AE,課堂中,孩子,1,從遊戲大廳選擇遊戲，讀取已付款時間及存檔。,到遊戲街機選遊戲，就能讀取已換的時間和存檔。
71,T2173,23.4,AE,課堂中,孩子,1,未能保存，請先匯出資料。,儲存失敗，請先匯出備份。
72,T2382,23.4,AE,課堂中,孩子,1,先5分、領先2分 · 最多7分,先得 5 分，或領先 2 分 · 最多 7 分
73,T2405,23.4,AE,首頁,孩子,1,"先看看全部遊戲與真實玩法預覽。登入才會保存學習、金幣及生命。${link('登入／建立帳戶','login','primary')}","先看看全部遊戲和玩法預覽。登入後，才會儲存學習紀錄、金幣和生命。${link('登入／建立帳戶','login','primary')}"
74,T2412,23.4,AE,首頁,孩子,1,舊票尚有 ${c.migration.due} 幣待轉入；錢包有空位後會自動處理，不會丟失。,舊遊戲票還有 ${c.migration.due} 金幣未轉入。有空位後會自動轉入，不會丟失。
75,T2417,23.4,AE,首頁,孩子,1,${r.lives} 次生命／機會尚餘。中途離開不會重新加滿。,還剩 ${r.lives} 格生命。中途離開，生命不會補滿。
76,T2435,23.4,AE,首頁,孩子,1,三款旗艦遊戲共用的配色。只改外觀，不增加生命、不加速，不需要另外買幣。,三款主打遊戲共用的配色。只改外觀，不會多一格生命，也不會加速。不用另外付金幣。
77,T2442,23.4,AE,首頁,孩子,1,舊星星一比一保留為金幣。未用遊戲票一次折回相應額度；舊局面留在備份，但不當作免費生命。本版停用舊限時遊戲入口，保留既有學習與遊戲歷史。,舊的星星會一比一變成金幣。沒用完的遊戲票，會一次轉回金幣。舊的遊戲進度留在備份裏，但不會送你生命。這個版本不再用舊的限時遊戲入口，學習和遊戲的歷史紀錄都保留。
78,T2514,23.4,AE,課堂中,孩子,1,下次驗收不通過，會用去一次機會。,下次檢查不通過，會用掉 1 格生命。
79,T2515,23.4,AE,課堂中,孩子,1,彩球驗收三次未通過，使用一次機會。,彩球檢查三次都不通過，用了 1 格生命。
80,T2518,23.4,AE,課堂中,孩子,1,取消完全未開始的一局，退回一個金幣？,要取消還沒開始的這一局，並退回 1 枚金幣嗎？
81,T2777,23.4,AE,課堂中,孩子,1,每塊只用一次。已顯示字母，因此記作輔助拼寫。,每塊只用一次。因為已顯示字母，這題算「有提示」。
82,T2802,23.4,AE,課堂中,孩子,1,這次完成了延後重溫。,這次完成了隔日複習。
83,T2940,23.4,A,首次使用,孩子,1,一般家庭請建立自己的帳戶，並定期下載備份。,請建立自己的帳戶，並定期下載備份。
84,T2942,23.4,A,首次使用,孩子,1,相機、裝置語音及 OCR 仍受瀏覽器權限與網絡影響。本機資料不會自動跨裝置同步。,相機、裝置語音和相片辨認，會受瀏覽器權限和網絡影響。資料只存在這部裝置，不會自動傳到其他裝置。
85,T2948,23.4,AE,首頁,孩子,1,V30 獨立測試,測試專用
86,T2953,23.4,AE,首頁,孩子,1,。請先進入獨立測試區；不使用家庭紀錄。,。請先進入測試專用區。測試不使用家庭紀錄。
87,T2955,23.4,AE,首頁,孩子,1,進入獨立測試區,進入測試專用區
88,T2957,23.4,AE,首頁,孩子,1,獨立測試環境（不是正式管理員）,測試專用環境（不是正式管理員）
89,T2974,23.4,AE,課堂中,孩子,1,按喇叭聽完，再輸入英文。重聽不扣分；看首字母提示會記為有輔助。,按喇叭聽完，再輸入英文。重聽不扣分。看了首字母提示，會記為有提示。
90,T3215,23.4,AE,課堂中,孩子,1,核對圖片與讀音後再保存，保留原有的教材管理方式。,核對圖片和讀音後再儲存。教材的管理方式不變。
91,T3221,23.4,AE,首頁,孩子,1,獨立作答中 · 學伴暫時安靜陪伴,自己作答中 · 學伴先安靜陪伴
92,T3252,23.4,AE,首頁,孩子,1,英文練習在下方。數學與奧數共用孩子及金幣，學習進度分開保存。,英文練習在下面。數學和奧數共用同一位孩子和金幣，學習進度分開儲存。
93,T3266,23.4,AE,首頁,孩子,1,所有街機沿用頁首聲效開關。靜音仍可遊玩；音量設為0會完全靜音。,所有街機沿用頁首聲效開關。靜音也可以玩。音量設為 0，就完全沒有聲音。
94,T3503,23.4,AE,首頁,孩子,1,今輪 5 個金幣已用完，休息一下，或者去學習。,這輪的 5 枚金幣已用完。休息一下，或去學習。
95,T0071,23.0,AB,課堂中,兩者,1,今課 ay 表示 /eɪ/。same spelling 並非所有字都只有一種讀法，例如 says 是例外，今課不混入。,這課的 ay 讀 /eɪ/。拼法相同的字不一定同音，例如 says 是例外，這課不教。
96,T0074,23.0,AB,課堂中,兩者,1,今課 ee 對應 /iː/；示範是完整單字，不朗讀 E-E 字母名稱冒充音素。,這課的 ee 讀 /iː/。示範都是整個字的讀音，不是讀兩次字母 E。
97,T0889,23.0,A,首頁,兩者,1,用清楚的步驟講解四則運算和應用題，陪你整理已知資料，再想下一步。,一步一步講解四則運算和應用題。陪你整理已知資料，再想下一步。
98,T0922,23.0,A,首頁,兩者,1,陪你數數、認識數字和練習基本加減，也會在首頁帶你開始任務。,陪你數數、認識數字、練習加減。也會在首頁帶你開始學習。
99,T0925,23.0,AB,首頁,兩者,1,學習金幣仍由原有系統結算，角色不會多派或重派。,金幣由程式原有的方法計算。角色不會多給，也不會重複給。
100,T0963,23.0,C,首頁,兩者,1,已停在這裏。准备好後，再繼續原來的一課。,已停在這裏。準備好後，再繼續原來的一課。
101,T2189,23.0,AB,首頁,兩者,1,此版本不提供射擊遊戲。,這個版本沒有射擊遊戲。
102,T2543,23.0,A,首頁,兩者,1,每完整完成一組不同的練習、小測或混合複習 +1 幣，每日首四組有獎勵。完成第三組另 +1 幣；合計最多五幣。同組當日不重複。只看字卡不派幣，完成至少三個作答項目（教材不足三個按實際題量）才算一組；技術跳題不算完整作答。拼讀五題小測共用同一上限。,完整完成一組不同的練習、小測或混合複習，得 1 枚金幣。每日首四組有金幣。完成第三組，再多得 1 枚。每日最多 5 枚。同一組一天只計一次。只看字卡沒有金幣。一組要完成至少三個作答項目；教材不足三個，就按實際題數。因技術問題跳過的題目，不算完整作答。拼讀五題小測也計入同一個上限。
103,T2599,23.0,AB,首頁,兩者,1,一幣一局，仍須符合學習門檻。可到遊戲設定提前開放或重置下一輪。,每局 1 枚金幣，仍要先達到學習門檻。可以在遊戲設定提前開放，或重設下一輪。
104,T3861,23.0,A,課堂中,兩者,1,同一主題至少兩題不用提示完成，並在小結選對方法，便會取得入門策略卡。這是本版的完成條件，不代表已全面掌握策略。,同一主題至少兩題不用提示完成，並在小結選對方法，就能得到入門策略卡。這只是這個版本的條件，不代表已經全面掌握這個策略。
105,T3968,23.0,AB,課堂中,兩者,1,答句由數值和單位組成，並非 AI 自動批改自由文字。分數：數值 2、算式 1、單位 1。,答句由數值和單位組成，不會用 AI 批改自由文字。分數：數值 2、算式 1、單位 1。
106,T4115,23.0,A,課堂中,兩者,1,2017 課程框架／2026 建模修訂另作版本記錄 · 課程及粵語語音仍待獨立教師與真人試用審核。,課程框架（2017）和建模修訂（2026）另有版本紀錄。課程和粵語語音，還要由教師審核，並經真人試用。
107,T4165,23.0,AB,課堂中,兩者,1,未能識別這個英文版本的帳戶或錢包介面。為免損壞資料，數學插件沒有啟動。請使用獨立試玩版，並提供原 HTML 作完整整合測試。,認不出這個英文版本的帳戶或金幣介面。以免損壞資料，數學功能沒有啟動。請使用獨立試玩版，並提供原來的 HTML 檔案做完整測試。
108,T4177,23.0,AB,首頁,兩者,1,本機試用帳戶，並非雲端服務。V20 已加入默書字詞點選、常用字分組及原相核對。未登入可練習及預覽，但不儲金幣或保存作答紀錄。,本機試用帳戶，不是雲端服務。未登入可以練習和預覽，但不會儲存金幣和作答紀錄。
109,T0806,22.1,A,課堂中,兩者,10,借熟悉字塊記拼法。組成的新詞要另外學意思及整字讀音；不表示詞義相加或相同詞源。,用熟悉的字塊記拼法。新字的意思和讀音，要另外學。
110,T0808,22.1,A,課堂中,兩者,7,借熟悉字塊記拼法。組成的新詞要另外學意思及整字讀音；不表示詞義相加或相同詞源。 hear 與 wear 不必然讀同一個韻，整字分開聽。,用熟悉的字塊記拼法。新字的意思和讀音，要另外學。hear 和 wear 不一定同韻，要整個字分開聽。
111,T0813,22.1,A,課堂中,兩者,70,兩個完整詞組成一個已存在的英文詞。先學兩邊基本意思，再核對新詞；不能任意相接便當成標準英文。,兩個詞合成一個新的英文詞。先學兩邊的意思，再看新詞。不是所有詞都可以隨便接在一起。
112,T0824,22.1,A,課堂中,兩者,11,從兩個來源詞各取部分拼法，認識已存在的混合字。這是記憶展示，不是一套能任意造詞的規則；先學會來源詞。,從兩個詞各取一部分，合成一個新詞。這只是幫助記憶，不能自己亂造詞。先學好原來的兩個詞。
113,T0825,22.1,A,課堂中,兩者,82,基本詞延伸,從基本詞變出新詞
114,T1835,22.0,AD,首頁,家長,1,未能讀寫本機儲存，請保留目前分頁及備份。,這部裝置儲存不到資料。請不要關閉這個分頁，並先匯出備份。
115,T2505,22.0,AD,首頁,家長,1,保留目前分頁及備份。,請不要關閉這個分頁，並先備份。
116,T3415,22.0,AD,首頁,家長,1,程式包未附完整OCR二進制資源。可在連線時下載到此瀏覽器，完成後由本機辨識印刷英文字；不支援手寫。,程式包沒有附上完整的相片辨認資料。連上網絡時，可以下載到這個瀏覽器。之後就能在本機辨認印刷的英文字。不支援手寫。
117,T2087,20.8,DE,首頁,孩子,1,取消未用時段 · 退 ,取消未用時段 · 退回 
118,T0965,20.7,AE,首頁,兩者,1,回想你用了甚麼方法，成績以課堂結算為準。,想想你用了甚麼方法。成績以這一課的結果為準。
119,T1330,20.7,A,首次使用,兩者,1,未能登出，請關閉此分頁。,登出不了，請關閉這個頁面。
120,T1872,20.7,AE,首頁,兩者,1,原相及未儲存的草稿只保留在目前分頁；重新載入或關閉後會失去。加入教材只保存已選字詞和對應文字片段，不保存整張原相。,原相片和未儲存的草稿，只留在這個分頁。重新載入或關閉頁面，就會消失。加入教材時，只儲存已選的字詞和對應的文字片段，不會儲存整張相片。
121,T2070,20.7,AE,首頁,兩者,1,Admin 一般規則：按正常學習及扣幣流程測試。,測試模式（一般規則）：照正常學習和扣金幣的方式測試。
122,T2071,20.7,AE,首頁,兩者,1,WordQuest V28 街機版 · 帳戶、金幣及紀錄只存於這個瀏覽器，沒有雲端同步。勿輸入敏感個人資料。 ,WordQuest · 帳戶、金幣和紀錄只存在這個瀏覽器，不會上載到雲端。請不要輸入個人敏感資料。
123,T2187,20.7,AE,首頁,兩者,1,還有 ${Object.keys(pgChild().pending).length} 項；訂正不算獨立串字能力。,還有 ${Object.keys(pgChild().pending).length} 項。訂正不算自己串對。
124,T2191,20.7,AE,首頁,兩者,1,今日遊玩上限已到；餘下時間保留。,今天的遊戲上限到了。沒用完的時間會保留。
125,T2197,20.7,AE,首頁,兩者,1,沿用 Admin 登入；免費測試不扣正常金幣，不改正常遊戲存檔。切換為正常規則即可測試換星及解鎖。,沿用測試帳戶登入。免費測試不扣金幣，也不改正常的遊戲存檔。切換為正常規則，就可以測試金幣換時間和解鎖。
126,T2421,20.7,AE,首頁,兩者,1,返回大堂或重開頁面不會重置。完成下一組新的有效學習任務，或請家長開放下一輪。,回到遊戲街機，或重新打開頁面，都不會重置。再完成一組新的學習，或請家長開放下一輪。
127,T2484,20.7,AE,首頁,兩者,1,獨立測試 · 不改正式錢包,測試用 · 不影響正式金幣
128,T2544,20.7,AE,首頁,兩者,1,訂正不額外派幣，避免故意答錯。答題分數不影響完成獎勵；獨立掌握仍使用原有嚴格判定。單次拼字家族少於三個字不另外派幣，完整混合複習才有。,訂正不會多給金幣，免得孩子故意答錯。金幣只看有沒有完成，不看分數。「自己掌握」的判斷，仍用原來較嚴格的標準。單次拼字家族少於三個字，沒有金幣。完整的混合複習才有。
129,T2551,20.7,AE,首頁,兩者,1,舊限時遊戲已退役，請從街機大堂投幣。,舊的限時遊戲已經停用。請到遊戲街機投幣。
130,T2564,20.7,AE,首頁,兩者,1,${s.title}：通過 ${s.words} 項複習開放。只改三款旗艦遊戲外觀，不會增加生命。,${s.title}：通過 ${s.words} 項複習後開放。只改三款主打遊戲的外觀，不會多一格生命。
131,T2579,20.7,AE,首頁,兩者,1,LOCAL SANDBOX · 測試資料獨立保存,測試專用 · 資料另外儲存
132,T2582,20.7,CE,首頁,兩者,1,測試帳號,測試帳戶
133,T2620,20.7,AE,首頁,兩者,1,只重設 Admin 測試帳戶的教材、答題、金幣和遊戲資料；不刪除正式帳戶。,只會重設測試帳戶的教材、答題、金幣和遊戲資料，不會刪除正式帳戶。
134,T2630,20.7,CE,首頁,家長,2,帳號 Admin ／ 密碼 1234,帳戶 Admin ／ 密碼 1234
135,T2637,20.7,AE,首頁,兩者,1,獨立本機測試環境；請勿放入真實孩子資料。,這是測試專用環境。請不要放入真實孩子的資料。
136,T2638,20.7,AE,首頁,兩者,1,資料只保存在此瀏覽器，沒有雲端同步。,資料只存在這個瀏覽器，不會上載到雲端。
137,T2689,20.7,AE,首頁,兩者,1,已認識 ${m.seen} 項 · ${m.delayed} 項通過延後重溫。答錯不扣金幣。,已認識 ${m.seen} 項 · ${m.delayed} 項已通過隔日複習。答錯不扣金幣。
138,T2703,20.7,AE,首頁,兩者,1,60 個拼字單元＋20 個生活主題。先看圖義，再選字塊、拼字、聽寫。,60 個拼字單元，加 20 個生活主題。先看圖認意思，再選字塊、串字、聽寫。
139,T3142,20.7,AE,首頁,兩者,1,V31 獨立測試,測試專用
140,T3144,20.7,AE,首頁,兩者,1,WordQuest V31 · 本機儲存，沒有自動雲端同步。內容為 AI 編輯版，尚待真人教師逐題覆核。,WordQuest · 資料只存在這部裝置，不會自動上載到雲端。內容由 AI 編輯，還沒有教師逐題審核。
141,T3147,20.7,AE,首頁,兩者,1,按字塊依次組合；剪字玩法先替每個來源詞選一部分。Tab／Enter 或輕觸都可以操作。自己串字會收起提示；需要提示時按按鈕，答錯不扣幣。,按字塊的次序組合。剪字玩法要先為每個來源詞選一部分。可以用 Tab／Enter，也可以輕觸。自己串字時提示會收起，需要時按按鈕。答錯不扣金幣。
142,T3374,20.7,AE,首頁,家長,2,沒有待恢復的家庭交易。,沒有未完成的操作。
143,T3714,20.7,AE,課堂中,兩者,1,題庫已更新。舊作答、金幣及設定已保留；未完成的課堂請重新開始。舊版評分不會改寫，請做新題確認掌握情況。,題庫已更新。舊的作答、金幣和設定都保留。未完成的練習要重新開始。舊的評分不會改動，請做新題，確認掌握情況。
144,T3810,20.7,AE,課堂中,兩者,1,同一個學習檔案，兩條獨立路線,同一個學習檔案，兩條路線
145,T3988,20.7,AE,課堂中,兩者,1,先獨立試一試；這道開場題不計入掌握度。,先自己試一試。這道開場題不計入掌握度。
146,T4028,20.7,AE,課堂中,兩者,1,你完成了 ${count} 次獨立練習作答。需要訂正的題目，會用新數字再練。,你完成了 ${count} 次自己作答的練習。需要訂正的題目，會用新數字再練。
147,T4049,20.7,AE,課堂中,兩者,1,${normal.length} 次獨立練習紀錄 · 已掌握 ${mastered('normal')} 個入門技能,${normal.length} 次自己作答的練習紀錄 · 已掌握 ${mastered('normal')} 個入門技能
148,T4052,20.7,AE,課堂中,兩者,1,奧數 · 獨立紀錄,奧數 · 另外的紀錄
149,T4053,20.7,AE,課堂中,兩者,1,${oly.length} 次獨立練習紀錄,${oly.length} 次自己作答的練習紀錄
150,T4101,20.7,AE,課堂中,兩者,1,刪除目前學員本機資料,刪除目前孩子在這部裝置上的資料
151,T4107,20.7,AE,課堂中,兩者,1,已提交的答案已保存。繼續上次一課，或結束這輪再重新選擇。,已提交的答案已儲存。可以繼續上次的一課，或結束這一輪再重新選擇。
152,T4142,20.7,AE,課堂中,兩者,1,原創10題模擬卷；不是任何主辦機構的真題、評級或正式競賽成績。,原創 10 題模擬卷。不是任何主辦機構的真題、評級或正式競賽成績。
153,T4161,20.7,AE,課堂中,兩者,1,草稿未能儲存。取消會保留目前畫面；確定則返回英文，未保存的草稿可能遺失。,草稿儲存失敗。按「取消」會留在目前畫面。按「確定」會回到英文，沒儲存的草稿可能會丟失。
154,T2245,20.0,A,首頁,家長,1,還原教材及學習紀錄；金幣、已購時間、遊玩用量及家長規則以目前資料為準，不會倒退。繼續？,會還原教材和學習紀錄。金幣、已換的時間、遊戲用時和家長規則，都保持現在的樣子，不會倒退。要繼續嗎？
155,T2549,20.0,AB,首頁,家長,1,家長密碼只作本機操作確認，並不是伺服器端安全授權。請定期備份，不要讓孩子使用測試版。,家長密碼只用來在這部裝置上確認身份，不是網上的安全驗證。請定期備份。不要讓孩子用測試版。
156,T3368,20.0,A,首頁,家長,1,${wq20RestoreNote()}會取代目前家庭的孩子、教材、進度及媒體，不是合併。登入密碼不變。同一家庭還原會保留目前金幣、街機局面及較高使用時間，避免重複免費入場。建議先匯出目前家庭備份。,${wq20RestoreNote()}會取代目前家庭的孩子、教材、進度、圖片和音檔，不是合併。登入密碼不變。還原同一個家庭時，會保留現在的金幣、遊戲進度和較長的使用時間，免得重複免費入場。建議先匯出目前家庭備份。
157,T1694,19.5,A,結算,孩子,1,${r.pending} 題因播放問題跳過，不計錯；補做完整小測才領金幣。,有 ${r.pending} 題播不出聲音，已跳過，不算錯。補做完整小測，才有金幣。
158,T2825,19.5,A,結算,孩子,1,已作答的紀錄保留，未完成的題目不算答錯，也不派完成獎勵。,已答的題目有紀錄。沒做完的題目不算答錯，也沒有完成獎勵。
159,T3084,19.5,A,結算,孩子,1,同日相同組合不重複派幣；每日與主站共用五幣上限。剛看過答案的串字不當成隔日掌握。,同一天，相同的組合只得一次金幣。每日金幣上限是 5 枚，和主站練習一起計。剛看過答案才串對的，不算隔日掌握。
160,T1116,18.5,D,課堂中,兩者,2,請先加入默書範圍。,請家長先加入默書範圍。
161,T4169,18.4,DE,課堂中,兩者,1,修改損壞名單需要人工核對；本頁不會自動建立同名的新學員。,損壞的名單要人手核對才能修改。這個頁面不會自動建立同名的新孩子。
162,T1770,18.2,D,課堂中,孩子,1,未能儲存遊戲票，沒有扣幣。請先解決儲存問題。,遊戲票未能儲存，沒有扣金幣。請家長檢查瀏覽器的儲存設定。
163,T1771,18.2,D,課堂中,孩子,1,未能開啟遊戲，請檢查儲存狀態。,遊戲打不開。請家長檢查瀏覽器的儲存設定。
164,T2400,18.2,BE,首頁,孩子,1,一個金幣，開啟一局新冒險。,一枚金幣，換一局新遊戲。
165,T2413,18.2,BE,首頁,孩子,1,已投幣，不必再買,已投幣，不用再投
166,T2521,18.2,D,課堂中,孩子,1,未能儲存，這一局仍保留。,儲存失敗，這一局仍保留。請再試一次。
167,T2822,18.2,BE,課堂中,孩子,1,尚未保存 · 請勿關閉分頁,還沒儲存 · 請不要關閉分頁
168,T2965,18.2,BE,課堂中,孩子,1,答案仍在本頁，未成功保存。請勿關閉。,答案還在這個頁面，但沒有儲存成功。請不要關閉頁面。
169,T2995,18.2,D,課堂中,孩子,1,讀音暫時無法使用。,讀音暫時用不到。可以先用文字學習。
170,T1566,18.0,AE,首頁,家長,1,已接入 ${sharedEntries.length.toLocaleString('en')} 項共用詞庫（教材草稿）。${multi?'有 '+multi+' 項可能有多個意思，請自行填寫今次要教的中文。':''}${missing?'有 '+missing+' 項未收錄，請補上意思。':''}原稿與你填寫的中文不會被替換。圖片仍須按意思核對；尚未內置全庫英式錄音。,已接入 ${sharedEntries.length.toLocaleString('en')} 個共用詞（教材草稿）。${multi?'有 '+multi+' 項可能有多個意思，請自行填寫今次要教的中文。':''}${missing?'有 '+missing+' 項未收錄，請補上意思。':''}原稿和你填寫的中文不會被改動。圖片要按意思核對。英式錄音還未全部內置。
171,T1830,18.0,AE,首頁,家長,1,關閉後孩子的挑戰區不會出現射擊遊戲。這是本機設定，不是防篡改家長鎖。,關閉後，孩子的遊戲街機不會出現射擊遊戲。這只是這部裝置的設定，不能防止別人改動。
172,T2244,18.0,AE,首頁,家長,1,身份已切換或家長授權到期，已取消還原。,帳戶已切換，或家長確認已過期，所以取消還原。請重新確認。
173,T2248,18.0,AE,首頁,家長,1,學習資料已還原；金幣與遊玩額度沒有回退。,學習資料已還原。金幣和遊戲時間沒有倒退。
174,T2281,18.0,AE,首頁,家長,1,V23 標準版沒有預設管理員。新帳戶使用 8–128 字的本機家長密碼。${WQ_TEST_MODE?'這是獨立測試版：Admin / 1234 只供假資料測試。':''},新帳戶要設定家長密碼，8 至 128 個字。${WQ_TEST_MODE?'這是獨立測試版：Admin / 1234 只供假資料測試。':''}
175,T2294,18.0,AE,首頁,家長,1,已找到本機錢包保障紀錄。恢復教材與作答紀錄，保留最新已保存金幣及用時。,找到這部裝置上的金幣備用紀錄。會還原教材和作答紀錄，並保留最新已儲存的金幣和遊戲時間。
176,T2295,18.0,AE,首頁,家長,1,原資料已損壞，沒有可核對的錢包保障紀錄。只恢復教材及學習成果；金幣及未用遊戲時間重設為 0，今天暫停遊戲。原損壞檔會保留。,原有資料已損壞，也找不到可以核對的金幣備用紀錄。只會還原教材和學習成果。金幣和沒用完的遊戲時間會歸零，今天不能玩遊戲。損壞的檔案會保留。
177,T2873,18.0,AE,首頁,家長,1,學校範圍最近獨立串對 ${school.ready} 項；拼字教室 ${n.delayed} 項通過延後重溫。兩類證據分開展示，不重複計數。,學校範圍最近自己串對 ${school.ready} 項。拼字教室有 ${n.delayed} 項通過隔日複習。兩類紀錄分開顯示，不會重複計算。
178,T3241,18.0,AE,首頁,家長,1,刪除復原未完成，請保留本頁並匯出備份。,刪除備用副本沒有完成。請不要關閉這個頁面，並匯出備份。
179,T3393,18.0,AE,首頁,家長,1,上次家庭交易未完成，已暫停寫入。請到「家長 → 家庭管理」按「恢復中斷交易」；若日誌遺失，請用家庭備份還原。,上次有一個操作沒有完成，暫時不能儲存。請到「家長 → 家庭管理」按「處理未完成的操作」。如果備用紀錄不見了，請用家庭備份還原。
180,T3438,18.0,AE,首頁,家長,1,復原日誌完整。請先按「恢復中斷交易」，把資料恢復到上次交易前；不要用備份或清除去覆蓋完好的復原日誌。,備用紀錄完整。請先按「處理未完成的操作」，把資料回到上次操作之前。不要用備份或清除資料，去蓋掉完好的備用紀錄。
181,T1429,17.5,AB,家長頁,家長,1,下載只傳送核對後的英文內容，不附上帳戶中的孩子姓名、答題紀錄或原相片。英文內容本身若有姓名等個人資料，請先刪去或改用自行補音檔。公共英式錄音來自 Wikimedia Commons；如網站管理員已接好 Microsoft 英式語音，亦可生成固定音檔。並非每個字都有公共錄音；read、lead 等多讀音字仍要按詞義核對。,下載時只會傳送你核對過的英文內容，不會傳送孩子姓名、答題紀錄或原相片。如果英文內容本身有姓名等個人資料，請先刪去，或改為自己補音檔。公共英式錄音來自 Wikimedia Commons。如果網站已接上 Microsoft 英式語音，也可以生成固定音檔。不是每個字都有公共錄音。read、lead 這類有多個讀音的字，要按意思核對。
182,T3348,17.5,AB,家長頁,家長,1,未部署服務或未設定伺服器金鑰時，不會聲稱固定聲線已可用；API金鑰不得貼在此處。,還沒安裝語音服務，或沒有設定伺服器金鑰時，固定的聲音不能使用。請不要把 API 金鑰貼在這裏。
183,T2154,16.2,AD,家長頁,家長,1,作品檔格式不正確。,作品檔的格式不對，請換另一個檔案。
184,T3083,16.2,D,結算,孩子,1,未完成的題目不算答錯；這組不派幣。,沒做完的題目不算答錯。這一組沒有金幣。
185,T3363,16.2,AE,家長頁,家長,1,一次備份英文、數學、奧數、街機及自訂媒體，也可搬入舊數學學員紀錄。,一次備份英文、數學、奧數、遊戲和自訂的圖片音檔，也可轉入舊數學紀錄。
186,T2072,16.1,D,首頁,兩者,1,未能更改測試方式。,測試方式沒有改到。請再試一次。
187,T2190,16.1,D,首頁,兩者,1,今日餘額不足這張遊戲票；沒有扣幣。,今天剩下的時間不夠這張遊戲票，沒有扣金幣。請明天再試。
188,T2480,16.1,BE,首頁,兩者,1,繼續你的街機冒險,繼續你的遊戲
189,T2556,16.1,BE,首頁,兩者,1,舊版遊戲歷史（已退役）,舊版遊戲紀錄（已停用）
190,T2644,16.1,D,首頁,兩者,1,未能更改測試模式。,測試模式沒有改到。請再試一次。
191,T3275,16.1,D,首頁,兩者,1,音量只在目前分頁生效，未能儲存。,音量只在這個分頁有效，沒有儲存成功。請再試一次。
192,T3312,16.0,DE,首頁,家長,1,家庭資料處理或恢復未完成，暫停其他儲存。,家庭資料的處理還沒完成，暫時不能儲存其他資料。請到「家長 → 家庭管理」處理。
193,T2372,15.9,A,首頁,兩者,2,V28 測試版,測試版
194,T3512,15.9,A,首頁,兩者,2,向左或向右滑動換跑道，輕按跳躍，向下滑動滑行。,左右滑動換跑道，輕按跳躍，向下滑動滑行。
195,T3655,15.6,ABD,課堂中,兩者,1,小數不能四捨五入後冒充精確值,小數不能四捨五入後，當作精確的答案。
196,T0160,15.6,A,課堂中,孩子,1,角色會自動前進。用左右鍵切換隧道的六面跑道，遇到空格就跳過。跳躍不能連按；先看遠一點的路。,角色會自動向前跑。按左右鍵換跑道。遇到空格就跳過去。不能連續跳，先看遠一點。
197,T0167,15.6,A,課堂中,孩子,1,請放至少 5 個不同路點；相鄰路點相隔 25 像素，圍出有面積的賽道。,請至少放 5 個點，點與點要隔遠一點，圍成一圈。
198,T0178,15.6,A,課堂中,孩子,1,車會自動加速，左右鍵轉向，下鍵煞車。留在米色道路內，順時針經過四個路標。三圈完成一局。圈速只用作紀錄，不是倒數；手機用轉向及煞車按鈕。,車會自動加速。左右鍵轉向，下鍵煞車。留在米色路上，順時針經過四個路標。跑完三圈就完成。圈速只做紀錄，不是倒數。手機用轉向和煞車按鈕。
199,T0188,15.6,A,課堂中,孩子,1,一個按鈕，掌握每個轉角時機。,一個按鈕，抓準每個轉角。
200,T0190,15.6,A,課堂中,孩子,1,小車只沿兩個方向前進。按一次就轉向，再按一次就轉回。在轉角的中央切換方向，保持在米色小徑之內。,小車只走兩個方向。按一下轉向，再按一下轉回。在轉角中央轉向，留在米色路上。
201,T0192,15.6,A,課堂中,孩子,1,拖動手指／滑鼠，或按 ← →，引導兔仔落到下一個鈴鐺。,拖動手指或滑鼠，或按 ← →。帶兔仔落在下一個鈴鐺上。
202,T0204,15.6,A,課堂中,孩子,1,兔仔會自動跳起。用左右方向鍵或 A、D 移動，手機用下方方向按鈕。讓兔仔下降時踏到鈴鐺，就會再次彈起。,兔仔會自己跳。按左右鍵或 A、D 移動。手機用下面的方向鍵。下降時踏到鈴鐺，兔仔就會再彈起。
203,T0216,15.6,A,課堂中,孩子,1,用左右鍵或 A、D 控制下方球拍，手機用左右按鈕。球碰到球拍邊緣會斜飛。先取得 5 分獲勝，失 3 分則結束這局。,用左右鍵或 A、D 移動球拍。手機用左右按鈕。球撞到球拍邊緣會斜飛。先得 5 分就贏，失 3 分就結束。
204,T0232,15.6,A,課堂中,孩子,1,按住蓄力、放手投籃，掌握恰好的力度。,按住蓄力，放手投籃，力度要剛好。
205,T0234,15.6,A,課堂中,孩子,1,按住 Space 蓄力，再放開投籃；手機按住「蓄力投籃」再放開。力度條幫你掌握距離。球從籃框上方落入得分；最多 7 球，或失 3 球後結算。,按住 Space 蓄力，放開就投。手機按住「蓄力投籃」再放開。力度條會顯示遠近。球從籃框上方入網才得分。最多投 7 球，失 3 球就結束。
206,T0237,15.6,A,課堂中,孩子,1,正中甜區！6 分,正中金圈！6 分
207,T0246,15.6,A,課堂中,孩子,1,球到甜區才出手，揮出漂亮一球。,球到金圈才揮棒，打出漂亮一球。
208,T0248,15.6,A,課堂中,孩子,1,球由右方過來，到達左邊金色圈時按「揮棒」或空白鍵。越接近中心，得分越高。每球只能揮一次，共 10 球。,球從右邊飛來。到金色圈時按「揮棒」或空白鍵。越近圈心，分數越高。每球只揮一次，共 10 球。
209,T0250,15.6,A,課堂中,孩子,1,虛線是「現在剪斷」的落點，變綠色就剪！兩條繩要先剪一條，等蜜糖擺到好位置再剪另一條。,虛線是現在剪斷的落點。變綠色就剪！有兩條繩時，先剪一條，等蜜糖擺好再剪另一條。
210,T0268,15.6,A,課堂中,孩子,1,點繩子，或用下方按鈕剪斷指定繩子。蜜糖會隨重力擺動，剪繩次序和時機會改變落點。送進杯中就過關，途中可收集花星。,點繩子，或按下面的按鈕剪斷指定的繩。蜜糖會隨重力擺動，剪繩的次序和時機會改變落點。送進杯中就過關，途中可收集花星。
211,T0272,15.6,A,課堂中,孩子,1,用方向鍵或在畫面上滑動，翻滾長方體；直立落在金色目標格才過關。,按方向鍵，或在畫面上滑動，翻滾長方體。直立落在金色格就過關。
212,T0287,15.6,A,課堂中,孩子,1,按方向鍵翻滾長方體。橫躺時會佔兩格，直立時佔一格；所有接觸平台的格子都要有地面。最後必須直立在金色格。可退一步或看下一步提示。,按方向鍵翻滾長方體。橫躺佔兩格，直立佔一格。每一格都要踏在地面上。最後要直立在金色格。可以退一步，或看提示。
213,T0305,15.6,A,課堂中,孩子,1,在畫面拖動畫線，再按「開水」。水滴會沿斜線滑落；平線容易讓水滴停住。把指定數量引進杯子便過關。可撤銷、清除線條，或重新裝水。,在畫面拖動畫線，再按「開水」。水滴會沿斜線滑下，平線會讓水停住。把指定份量的水引進杯子就過關。可以復原、清除線條，或重新裝水。
214,T0312,15.6,A,課堂中,孩子,1,遮住不想上色的部分，再染色。除去所有遮罩後按「驗收」。,遮住不想上色的部分，再染色。除去所有遮罩後按「檢查」。
215,T0320,15.6,A,課堂中,孩子,1,驗收,檢查
216,T0321,15.6,A,課堂中,孩子,1,還原白球,回到白球
217,T0326,15.6,A,課堂中,孩子,1,還有部分顏色不同，對照右方目標再試。,有些顏色不同。看看右邊的目標，再試一次。
218,T0334,15.6,A,課堂中,孩子,1,點「遮上半／下半／左半／右半」覆蓋部分球面，可同時用兩個遮罩。染色只改變沒被遮住的地方。完成後除去遮罩再驗收；不同遮罩次序可以做出不同圖案。,按「遮上半／下半／左半／右半」，蓋住一部分球面。可以同時用兩個遮罩。染色只會染沒蓋住的地方。完成後除去遮罩，再按「檢查」。遮罩次序不同，圖案也不同。
219,T0357,15.6,A,課堂中,孩子,1,在設計區用「連桿」點兩個零件把它們連起來。可加車輪、移動零件。按「試行」讓有動力的車輪前進；貨箱到達旗幟才算成功。用「基本車架」可載入可行範例。,在設計區按「連桿」，再點兩個零件，把它們連起來。可以加車輪、移動零件。按「試行」，有動力的車輪就會前進。貨箱到達旗幟才成功。按「基本車架」可看範例。
220,T0369,15.6,A,課堂中,孩子,1,上下左右滑動，或按方向鍵。相同數字相撞便合併，一次移動每塊最多合併一次。每次有效移動後會加入新數字。保留空間，不要把自己封住。,上下左右滑動，或按方向鍵。相同的數字相撞就會合併。每次移動，每塊最多合併一次。每次移動後會出現新數字。要留空位，別把自己困住。
221,T0380,15.6,A,課堂中,孩子,1,用左右鍵旋轉中央六角形。落下的色塊會疊在面向它的一面；同一面最外層連續三塊或以上同色就會消除。一面疊到八塊便結束。,按左右鍵轉動中間的六角形。色塊會疊在對著它的一面。同一面最外面連續三塊同色，就會消除。一面疊到八塊就結束。
222,T0397,15.6,A,課堂中,孩子,1,先選下方一組積木，可按「旋轉積木」改方向，再點棋盤放置。蜂巢沿三個方向，任何完整一行都會消除。三組用完才補新積木。,先選下面一組積木，可按「旋轉積木」轉方向，再點棋盤放下。蜂巢有三個方向，排滿一行就消除。三組用完，才有新積木。
223,T0416,15.6,A,課堂中,孩子,1,金色格是下一塊路片。左右旋轉，再按「放置」。金線會沿路片自動前進；走回舊路片也會繼續穿過。路走出邊界或合成花環時結算。每片可交換一次備用片。,金色格是下一塊路片。左右轉動，再按「放置」。金線會沿路片自己前進，走回舊路片也會穿過。走出邊界或圍成花環，這一局就結束。每塊路片可換一次備用片。
224,T0424,15.6,A,課堂中,孩子,1,方塊資料不完整，請重新開始。,這局的方塊讀不到，請重新開始。
225,T0436,15.6,C,課堂中,孩子,1,香草,雲呢拿
226,T0443,15.6,A,課堂中,孩子,1,看客人的訂單，依次加雪糕、選配料、攪拌，再交給客人。,看客人的訂單。加雪糕、選配料、攪拌，再交給客人。
227,T0457,15.6,A,課堂中,孩子,1,和訂單還有不同，對照口味、次序和配料。,和訂單還不一樣。再看看口味、次序和配料。
228,T0485,15.6,A,課堂中,孩子,1,匯出作品 JSON,存成檔案
229,T0486,15.6,A,課堂中,孩子,1,匯入作品,讀取檔案
230,T0493,15.6,A,課堂中,孩子,1,已匯出節奏資料；可用匯入作品重新開啟。,已存成檔案。想再打開，按「讀取檔案」。
231,T0495,15.6,A,課堂中,孩子,1,作品已匯入。,已讀取作品。
232,T0507,15.6,A,課堂中,孩子,1,先聽 4 拍預備。金球轉到下一個光圈時，按一下空白鍵／拍子。,先聽 4 拍預備。金球到光圈時，按一下空白鍵或拍子鈕。
233,T0516,15.6,A,課堂中,孩子,1,跟着預備拍輕拍，幫你校準節拍,跟着預備拍輕拍，電腦會對準節拍
234,T0525,15.6,A,課堂中,孩子,1,先聽四拍預備。金球沿圓軌轉動，當它到下一個光圈時按一下。越接近正拍得分越高；漏拍不會出現傷害動畫。共 32 拍，有三種速度。,先聽四拍預備。金球沿圓軌轉動，到光圈時按一下。按得越準，分數越高。漏拍不會受傷。共 32 拍，有三種速度。
235,T0546,15.6,A,課堂中,孩子,1,取消完全未玩的局,取消沒開始的一局
236,T0582,15.6,A,課堂中,孩子,1,局面已隔離：,這一局的存檔有問題，已暫時停用：
237,T0614,15.6,A,課堂中,孩子,1,這杯與訂單不同，留意由下至上的口味。,這杯和訂單不同。留意由下至上的口味。
238,T0623,15.6,A,課堂中,孩子,1,駕駛小狐狸的雙翼機，把迷路小鳥送回雲海。,駕駛小狐狸的雙翼機。把迷路的小鳥送回雲海。
239,T0624,15.6,A,課堂中,孩子,1,方向鍵或 WASD 飛行，Space 使用護盾。每局三格生命，救援十二隻小鳥完成任務。每救援／收集五次可使用護盾。沒有武器或射擊；收集物只加分。,按方向鍵或 WASD 飛行，Space 開護盾。每局有三格生命。救起十二隻小鳥就完成。每救或收集五次，護盾可以用一次。沒有武器，也不用射擊。收集物只加分。
240,T0628,15.6,A,課堂中,孩子,1,跳過木樁、滑過花拱，穿越陽光與月夜森林。,跳過木樁，滑過花拱。穿過日間和月夜的森林。
241,T0629,15.6,A,課堂中,孩子,1,← →／A D 換路，↑／W／Space 跳躍，↓／S 滑行。三格生命，完成一千五百米路線即完成一局；露珠只加分，沒有倒數。,← →／A D 換路，↑／W／Space 跳躍，↓／S 滑行。有三格生命。跑完 1500 米就完成。露珠只加分，沒有倒數。
242,T0633,15.6,A,課堂中,孩子,1,替動物朋友製作分層雪糕，收集完美訂單。,替動物朋友做分層雪糕，做對每張訂單。
243,T0634,15.6,A,課堂中,孩子,1,數字1至4選口味，Q／E改配料，← →換客人，Backspace退一步，Space交杯。只有交錯訂單才扣一格生命；沒有等候倒數。完成六至十張訂單結束一局。,按數字 1 至 4 選口味，Q／E 換配料，← → 換客人，Backspace 退一步，Space 交杯。交錯訂單才會扣一格生命。沒有等候倒數。完成六至十張訂單就結束一局。
244,T0670,15.6,A,課堂中,孩子,1,方向鍵／WASD 飛行，自動發射能量泡；Space 護盾、X 切換散射／集中。按住 Shift 慢速精準移動，閃開核心就安全。每區六波編隊及一艘守關機。,按方向鍵或 WASD 飛行，會自動發射能量泡。Space 開護盾，X 切換散射／集中。按住 Shift 可以慢慢移動。閃開核心就安全。每區有六波敵機和一架大型敵機。
245,T0671,15.6,A,課堂中,孩子,1,完成 ${this.bosses} 區守關機，得分 ${Math.floor(this.score)}。,闖過 ${this.bosses} 區的大型敵機，得 ${Math.floor(this.score)} 分。
246,T0673,15.6,A,課堂中,孩子,1,守關機解除，前往下一段星環。,大型敵機已解除，前往下一段星環。
247,T0674,15.6,A,課堂中,孩子,1,第 ${this.level}/3 星環 · 編隊 ${this.wave}/6 · ${this.mode?'集中':'散射'} · 護盾 ${this.shieldCD?this.shieldCD.toFixed(1)+' 秒':'可用'},第 ${this.level}/3 星環 · 第 ${this.wave}/6 波 · ${this.mode?'集中':'散射'} · 護盾 ${this.shieldCD?this.shieldCD.toFixed(1)+' 秒':'可用'}
248,T0681,15.6,A,課堂中,孩子,1,← →／A D 移動；↓ 穿過腳下平台；Space 緊急降落傘。移動、輸送帶、彈簧、脆裂平台各有節奏。頂部警戒線會追近，目標深入 60 層。,← →／A D 移動；↓ 穿過腳下的平台；Space 開降落傘。平台有移動的、輸送帶、彈簧和會碎的。頂部的警戒線會追上來。目標是下到 60 層。
249,T0689,15.6,A,課堂中,孩子,1,← → 移動，↑ 跳躍；Space 近球擊球。跳起近網扣球，地面按住 ↓＋Space 放短球，普通擊球打高球。每邊最多三觸球；先得5分且領先2分（最多7分）勝出。,← → 移動，↑ 跳躍；Space 擊球。跳起近網可以扣球。在地面按住 ↓＋Space 打短球。每邊最多碰球三次。先得 5 分並領先 2 分就贏（最多 7 分）。
250,T0691,15.6,A,課堂中,孩子,1,超過三次觸球。,碰球超過三次。
251,T0695,15.6,A,課堂中,孩子,1,${this.points[0]} : ${this.points[1]} · 來回 ${this.rally} · 我方 ${this.touches[0]}/3 觸球,${this.points[0]} : ${this.points[1]} · 來回 ${this.rally} · 我方碰球 ${this.touches[0]}/3
252,T0703,15.6,A,課堂中,孩子,1,石林、峽谷、月廟三段送信。必須辨認橫欄與拱門，再決定跳、滑或換線。,石林、峽谷、月廟，一共三段。看清橫欄和拱門，再決定跳、滑或換線。
253,T0704,15.6,A,課堂中,孩子,1,方向鍵或 WASD：左右換線、上跳、下滑；Space 亦可跳。橫跨三線的障礙不能只靠換線避過。三格生命，1500米完成；收集物只增加分數，不派金幣。,方向鍵或 WASD：左右換線、上跳、下滑；Space 也可以跳。橫跨三線的障礙，一定要跳或滑。有三格生命，跑完 1500 米就完成。收集物只加分，不會得金幣。
254,T0707,15.6,A,課堂中,孩子,1,← →／A D 移動，↑／W／Space 跳躍，短按低跳、按住高跳；X 短衝。移動平台、彈簧與風球改變路線。三島完成；三格生命跨區共用。,← →／A D 移動，↑／W／Space 跳躍，短按低跳、按住高跳；X 短衝。移動平台、彈簧和風球會改變路線。三座島都完成就過關。三格生命，三座島共用。
255,T0709,15.6,A,課堂中,孩子,1,編隊 × 彈幕 × 守關,閃避 × 走位 × 大型敵機
256,T0710,15.6,A,課堂中,孩子,1,切換散射與集中能量泡，穿梭三種編隊；守關機半血後會轉換彈幕。,切換散射和集中的能量泡。穿過三種敵機陣形。大型敵機打到一半，會換攻擊方式。
257,T0711,15.6,A,課堂中,孩子,1,方向鍵／WASD 飛行，自動發射能量泡；Space 護盾，X 切換集中／散射；Shift 精準慢移。每區六波編隊加守關機，三區完成。只有機械與能量效果，沒有血腥內容。,按方向鍵或 WASD 飛行，會自動發射能量泡。Space 開護盾，X 切換集中／散射，Shift 慢慢移動。每區有六波敵機和一架大型敵機，三區都完成就過關。只有機械和能量，沒有血腥。
258,T0715,15.6,A,課堂中,孩子,1,越過輸送帶、移動、脆裂與彈簧平台，收集燈芯，深入六十層。,越過輸送帶、移動平台、會碎的平台和彈簧。收集燈芯，下到六十層。
259,T0716,15.6,A,課堂中,孩子,1,← →／A D 移動，↓ 穿過腳下平台；Space 使用有冷卻的降落傘。避開橙色尖台及上方警戒線，先看下一個落點。三格生命，深入60層完成。,← →／A D 移動，↓ 穿過腳下的平台。Space 開降落傘，用完要等一會才能再用。避開橙色尖台和上面的警戒線。先看下一個落點。有三格生命，下到 60 層就完成。
260,T0719,15.6,A,課堂中,孩子,1,扣球 × 短球 × 預判,扣球 × 短球 × 看準球路
261,T0721,15.6,A,課堂中,孩子,1,← →／A D 移動、↑／W 跳躍、Space 擊球。空中近網可扣球；↓＋Space 放短球；身體碰球會自動接高球。每邊三觸球；先5分且領先2分，最多7分。,← →／A D 移動、↑／W 跳躍、Space 擊球。在空中近網可以扣球。↓＋Space 打短球。身體碰到球，會自動接高球。每邊最多碰三次。先得 5 分並領先 2 分就贏，最多 7 分。
262,T1074,15.6,A,課堂中,孩子,1,今天的安排已完成，可以休息或自選練習。,今天的練習做完了。可以休息，或自己選練習。
263,T1592,15.6,A,首頁,孩子,1,這是拼法及讀音比較，不是字源分析。chair 不表示空氣；repair 不會教成 re + pair 的字義組合。rep | air 亦不當作音節。,這裏比較的是拼法和讀音，不是字的來源。chair 不是「空氣」的意思。repair 也不是「再＋一對」。rep | air 也不是音節的分法。
264,T1594,15.6,A,首頁,孩子,1,同一輪剛看過提示後答對，只表示本輪能串出；未代表隔日仍然記得。新模組的紀錄與原有正式默書成績分開。,同一輪看過提示後答對，只表示這一輪能串出，不代表隔天還記得。新練習的紀錄，和正式默書成績分開。
265,T1636,15.6,A,課堂中,孩子,1,先開始另一項？已完成的紀錄會保留，未完成的小測會重新開始。,要改做另一項嗎？做好的紀錄會保留。沒做完的小測要重做。
266,T1640,15.6,A,課堂中,孩子,1,已存音檔優先；否則使用裝置英式聲線。,會先播放已存的音檔。沒有的話，用裝置的英式聲音。
267,T1756,15.6,A,首頁,孩子,1,原創圖形及玩法，無廣告、無付費道具、無公開排行榜。遊戲得分不會增加金幣。,圖形和玩法都是原創，沒有廣告，也沒有付費道具和排行榜。得分不會換金幣。
268,T1758,15.6,A,課堂中,孩子,1,"${['入門','標準','挑戰'][arcPrefs().level]} · ${adminUnlocks()?'Admin 測試免扣幣':`用 ${g.cost} 枚金幣`}，玩 ${db.settings.gameMinutes} 分鐘。時間內可重試；暫停及看結果不會用掉時間。","${['入門','標準','挑戰'][arcPrefs().level]} · ${adminUnlocks()?'Admin 測試免扣幣':`用 ${g.cost} 枚金幣`}，玩 ${db.settings.gameMinutes} 分鐘。時間內可以重玩。暫停和看結果，都不會用掉時間。"
269,T1766,15.6,A,課堂中,孩子,1,目前帳戶和金幣只存在此瀏覽器，不是雲端帳戶。,帳戶和金幣只存在這個瀏覽器，不會上載到雲端。
270,T1772,15.6,A,課堂中,孩子,1,另一個分頁正在使用此帳戶的遊戲票。,另一個分頁正在用這個帳戶的遊戲票。
271,T1817,15.6,A,課堂中,孩子,1,畫面暫時停頓，已暫停；停頓時間不扣除。,畫面停了一會，遊戲已暫停。停住的時間不會用掉。
272,T1818,15.6,A,課堂中,孩子,1,今日遊戲上限已到；未用時間保留。,今天的遊戲上限到了。沒用完的時間會保留。
273,T2089,15.6,A,首頁,孩子,1,"再有 ${Math.max(0,next-n)} 個學習項目通過複習，開放下一組遊戲","再通過 ${Math.max(0,next-n)} 個複習，下一組遊戲就開放。"
274,T2102,15.6,A,首頁,孩子,1,維持原本金幣價格及每次 ${db.settings.gameMinutes} 分鐘；每日上限與新遊戲共用。原有遊戲票可繼續。,金幣價錢和每次 ${db.settings.gameMinutes} 分鐘都不變。每日遊戲上限，新舊遊戲一起計。原有的遊戲票可以繼續用。
275,T2104,15.6,A,首頁,孩子,1,"射擊遊戲已停用，舊紀錄保留。可免費將未用時間轉入新遊戲。${pgButton('轉移未用時間','transfer')}","射擊遊戲已停用，舊紀錄保留。沒用完的時間，可以免費轉到新遊戲。${pgButton('轉移未用時間','transfer')}"
276,T2143,15.6,A,課堂中,孩子,1,"挑戰程度：${['入門','標準','挑戰'][c.difficulty]} · 遊戲內分數不會產生學習金幣。","挑戰程度：${['入門','標準','挑戰'][c.difficulty]} · 遊戲分數不會換成金幣。"
277,T2150,15.6,A,課堂中,孩子,1,累積 ${p.words} 個學習項目通過複習即可永久開放；現在有 ${PG.count(c)} 個。,通過 ${p.words} 個學習項目的複習，這款遊戲就永久開放。現在有 ${PG.count(c)} 個。
278,T2181,15.6,A,課堂中,孩子,1,此瀏覽器沒有 Web Audio,這個瀏覽器不能播放遊戲聲音。
279,T2182,15.6,A,課堂中,孩子,1,未能啟動音效；可無聲遊玩，或按「試音」重試。,音效開不到。可以不開聲音玩，或按「試音」再試。
280,T2183,15.6,A,課堂中,孩子,1,目前總聲效已關閉，先按頁首聲效開關。,聲音全部關了。請先按頁面上方的聲音開關。
281,T2391,15.6,A,課堂中,孩子,1,完成作品後，按「完成演出」結算,完成作品後，按「完成演出」看成績
282,T2424,15.6,A,首頁,孩子,1,再通過 ${next.words-n} 個學習項目複習，開放更多遊戲。,再通過 ${next.words-n} 個複習，就開放更多遊戲。
283,T2513,15.6,A,課堂中,孩子,1,免費再驗收一次。,免費再檢查一次。
284,T2520,15.6,A,課堂中,孩子,1,結束這一局，不退回已用的金幣。下次重新投幣才開始新局。繼續？,要結束這一局嗎？已用的金幣不會退回。下次要再投幣，才開始新的一局。
285,T2658,15.6,A,課堂中,孩子,1,尚有未儲存的答案，請先重試儲存，暫時不要關閉頁面。,答案還沒儲存。請再試一次，先不要關閉頁面。
286,T2725,15.6,A,課堂中,孩子,1,內容已作程式及文字校對，尚未經真人教師逐題簽核。聲音使用裝置英語語音，不是教師錄音；暫不能用來評核孩子發音。,內容已經過程式和文字校對，但還沒有教師逐題審核。聲音是裝置的英語語音，不是教師錄音，不能用來評核孩子的發音。
287,T2733,15.6,A,課堂中,孩子,1,找到 ${units.length} 個單元 · 沒有時間壓力，按需要分次學。,找到 ${units.length} 個單元 · 不用趕時間，可以分幾次學。
288,T2740,15.6,A,課堂中,孩子,1,${words.length} 個詞形／義項,${words.length} 個詞語
289,T2742,15.6,A,課堂中,孩子,1,每次選少量：認識意思 → 選英文 → 試串字 → 訂正。看到答案後再串對，會記作練習，不當作隔日掌握。,每次學少量：認識意思 → 選英文 → 試串字 → 訂正。看過答案才串對，只算練習，不算隔日掌握。
290,T2746,15.6,A,課堂中,孩子,1,自動優先安排尚未練過、或最近需要重溫的詞。可以隨時暫停。,會先安排沒練過的詞，或最近要重溫的詞。可以隨時暫停。
291,T2750,15.6,A,課堂中,孩子,1,看到英文會記為「看過答案」。抽象詞沒有合適圖片時用文字情境，不隨便配圖。,看到英文，就會記為「看過答案」。抽象的詞沒有合適的圖，就用文字情境，不亂配圖。
292,T2752,15.6,A,課堂中,孩子,1,先備能力,學這課前要會的
293,T2758,15.6,A,首頁,孩子,1,按指定意思找英文。${D30.words.length} 個詞形／義項，${new Set(D30.words.map(w=>w.canonical)).size} 個不重複形式。,按意思找英文。共有 ${D30.words.length} 個詞（含不同形式和意思），其中 ${new Set(D30.words.map(w=>w.canonical)).size} 個拼法不同。
294,T2762,15.6,A,首頁,孩子,1,找到 ${all.length} 個義項 · 顯示 ${all.length?start+1:0}–${start+shown.length},找到 ${all.length} 個意思 · 顯示 ${all.length?start+1:0}–${start+shown.length}
295,T2769,15.6,A,課堂中,孩子,1,上一組的題號、草稿和已答紀錄仍保留。先完成或在練習頁明確結束，才開新一組。,上一組的題目、草稿和答案都保留了。請先完成，或在練習頁結束這一組，再開新的一組。
296,T2798,15.6,A,課堂中,孩子,1,提示：${esc(w.form[0])}…　共有 ${w.form.length} 個字元。本題會記作有提示的練習。,提示：${esc(w.form[0])}…　共有 ${w.form.length} 個字母。這題會記為有提示的練習。
297,T2799,15.6,A,課堂中,孩子,1,聲音或裝置出了問題，這題未評分，留待補聽。,聲音或裝置有問題，這題不評分，稍後補聽。
298,T2804,15.6,A,課堂中,孩子,1,這次完成了練習；剛看過答案或有字塊輔助，不當成隔日掌握。,這次完成了練習。剛看過答案或用了字塊，不算隔日掌握。
299,T2815,15.6,A,課堂中,孩子,1,這頁沒有編輯權。請先關閉另一個正在編輯的分頁；現在不會派幣或提交。,這個頁面不能編輯。請先關閉另一個正在編輯的分頁。現在不會給金幣，也不能提交答案。
300,T2840,15.6,A,課堂中,孩子,1,這個詞需要指定語境讀音,這個詞的讀音要看句子
301,T2841,15.6,A,課堂中,孩子,1,這個詞有不同讀法。未加入經核對的語境錄音前，不用裝置猜讀音；可以先練詞義和串字。,這個詞有不同的讀法。還沒有核對過的錄音，所以不會用裝置聲音來猜。可以先練詞義和串字。
302,T2949,15.6,A,首頁,孩子,1,V30 學習版,學習版
303,T2954,15.6,A,首頁,孩子,1,你已在獨立測試區，直接輸入以上資料登入。,你已在測試專用區。請輸入以上資料登入。
304,T2973,15.6,A,課堂中,孩子,1,按喇叭聽完，再選英文。中文用來分清同音字。聲音失敗可標記待補聽。,按喇叭聽完，再選英文。中文用來分清同音字。聽不到聲音，可以標記待補聽。
305,T2975,15.6,A,課堂中,孩子,1,按中文意思輸入完整英文，留意大小寫。按 Enter 提交；輸入法仍在選字時不會交卷。,按中文意思輸入完整英文，留意大小寫。按 Enter 提交。用輸入法選字時，按 Enter 不會提交。
306,T2976,15.6,A,課堂中,孩子,1,只填空缺部分，不用重寫整個詞。這是字母提示練習，不當成完整獨立串寫。,只填缺少的部分，不用重寫整個詞。這是有字母提示的練習，不算自己串對。
307,T2978,15.6,A,課堂中,孩子,1,觀察已顯示的詞，找出這課的相同字塊。,看看這些詞，找出這課相同的字塊。
308,T2980,15.6,A,課堂中,孩子,1,保留大部分字母，改一個字母，變成中文指定的新詞。,只改一個字母，其他不變，變成中文所說的新詞。
309,T2981,15.6,A,課堂中,孩子,1,在句子的空格填入指定意思的英文。所有完整答案位置已遮住。,在句子的空格，填入符合意思的英文。完整的答案已遮住。
310,T2992,15.6,A,課堂中,孩子,1,讀音未完成；可重試，不會把技術問題計成答錯。,讀音沒有播完。可以再試。因為聲音問題，不會算答錯。
311,T3010,15.6,A,首頁,孩子,1,用熟悉拼法記新詞，不把詞義亂相加。,用熟悉的拼法記新詞。不要把詞義隨便加起來。
312,T3014,15.6,A,首頁,孩子,1,選取來源詞的一部分，組出已有的新詞。,選出來源詞的一部分，組成新詞。
313,T3019,15.6,A,首頁,孩子,1,找到 ${groups.length} 組。組合與詞義已作工程校對，尚未經真人教師逐題簽核。,找到 ${groups.length} 組。組合和詞義已用程式校對，但還沒有教師逐題審核。
314,T3038,15.6,A,課堂中,孩子,1,字塊、答案和已作答紀錄仍保留。先繼續或明確結束，再開始新一組。,字塊、答案和已答的紀錄都保留了。請先繼續，或結束這一組，再開始新的一組。
315,T3064,15.6,A,課堂中,孩子,1,這次的操作已記錄。字塊練習不等於獨立掌握。,這次的操作已記錄。字塊練習不算自己掌握。
316,T3065,15.6,A,課堂中,孩子,1,先前答案會保留；完成訂正不會改寫第一次結果，也不會多派幣。,第一次的答案會保留。完成訂正，不會改變第一次的結果，也不會多得金幣。
317,T3070,15.6,A,課堂中,孩子,1,這頁是唯讀，請先關閉另一個編輯中的分頁。,這個頁面只能查看。請先關閉另一個正在編輯的分頁。
318,T3071,15.6,A,課堂中,孩子,1,裝置讀音作輔助，不是教師錄音；不會自動評核發音。,讀音來自裝置，不是教師錄音，也不會自動評核發音。
319,T3074,15.6,A,課堂中,孩子,1,${l31Dirty?'未儲存；請勿關閉。':'會保存本局字塊與草稿。'} 答錯不扣金幣；至少完成兩個不同組合才可領本組獎勵。,${l31Dirty?'未儲存；請勿關閉。':'會保存本局字塊與草稿。'} 答錯不扣金幣。至少完成兩個不同組合，才有這一組的獎勵。
320,T3130,15.6,A,首頁,孩子,1,加字塊、兩個詞合體、剪字混合：先理解，再動手。,加字塊、兩詞合體、剪字混合。先看懂，再動手。
321,T3134,15.6,A,首頁,孩子,1,直接閉卷重溫 air,不看提示，直接重溫 air
322,T3158,15.6,A,課堂中,孩子,1,。由原站結算，不重複派發。,。金幣由原來的練習計算，不會重複計算。
323,T3201,15.6,A,課堂中,孩子,1,稍休一下，原有局面和生命保留。,休息一下。進度和生命都保留。
324,T3207,15.6,A,課堂中,孩子,1,我是烈烈老師。先登入自己的帳戶，就可以跟學習夥伴一起開始。,我是烈烈老師。先登入你的帳戶，就能和夥伴一起學。
325,T3208,15.6,A,課堂中,孩子,1,選一組熟悉的拼法，再一起學意思和串字。,選一組熟悉的拼法。再一起學意思和串字。
326,T3210,15.6,A,課堂中,孩子,1,用已認識的詞和字塊學新詞，不只是按拼音分類。,用已認識的詞和字塊學新詞。不只是按拼音分類。
327,T3211,15.6,A,課堂中,孩子,1,選「跟着學」，我會陪你認識、組合，再自己串字。,選「跟着學」。我會陪你認識、組合，再自己串字。
328,T3212,15.6,A,課堂中,孩子,1,選一種練習就可以開始，不需要全部一起做。,選一種練習就可以開始。不用全部都做。
329,T3213,15.6,A,課堂中,孩子,1,先看清楚學校的默書範圍，核對後才交給孩子。,先看清楚學校的默書範圍。核對後，才交給孩子。
330,T3214,15.6,A,課堂中,孩子,1,辨認結果要核對；樓層、頁碼或不確定的字，不當作已確認教材。,辨認結果要核對。樓層、頁碼或不確定的字，不會當作已確認的教材。
331,T3226,15.6,A,首頁,孩子,1,短暫進場動效,角色出場動畫
332,T3227,15.6,A,首頁,孩子,1,只改角色顯示。草稿、提示級別、答案和金幣均不會改動。,只改角色顯示。草稿、提示、答案和金幣都不會變。
333,T3272,15.6,A,課堂中,孩子,1,瀏覽器未提供全螢幕，已使用頁內放大模式。,瀏覽器不能全螢幕，已改為在頁面內放大。
334,T3350,15.6,A,首頁,孩子,1,${esc(c.name)}，按以下次序完成今天的小目標。每個入口沿用原有作答及獎勵規則。,${esc(c.name)}，照下面的次序，完成今天的小目標。每個入口的作答和獎勵規則都不變。
335,T3356,15.6,A,首頁,孩子,1,"今天全站已用 ${Math.ceil(F3.usageTotal(s,c.id)/60000)}／${s.limitMinutes} 分鐘。","今天一共用了 ${Math.ceil(F3.usageTotal(s,c.id)/60000)}／${s.limitMinutes} 分鐘。"
336,T3504,15.6,A,首頁,孩子,1,金幣用完了，完成一段學習就有新金幣！,金幣用完了。完成一段學習，就有新金幣！
337,T3591,15.6,A,課堂中,孩子,1,這是探索教具，不是額外的作答題。可更改數值比較；本題的準確圖像及條件以題幹為準。,這是探索教具，不是額外的題目。可以改變數值來比較。本題的圖像和條件，以題目文字為準。
338,T3599,15.6,A,課堂中,孩子,1,"24小時數字時間：${String(t.hour).padStart(2,'0')}:${String(t.minute).padStart(2,'0')}。移動分鐘時，時針也會相應移動。","24 小時制的數字時間：${String(t.hour).padStart(2,'0')}:${String(t.minute).padStart(2,'0')}。移動分鐘時，時針也會跟着移動。"
339,T3603,15.6,A,課堂中,孩子,1,量角時把頂點對中心、第一條邊對0度基線，再讀另一邊的刻度。,量角時，把頂點對準中心，第一條邊對準 0 度基線。再讀另一邊的刻度。
340,T3331,14.6,AE,家長頁,家長,3,恢復中斷交易,處理未完成的操作
341,T2291,14.0,D,首頁,家長,1,目前無法讀取儲存，沒有開始還原。,現在讀不到儲存的資料，還原沒有開始。請稍後再試。
342,T0068,13.8,A,課堂中,兩者,1,這是拼法關聯，不是詞根切分。repair 的重音在後一音節；stairs 最後還有 s。air 在詞尾的 r 是否發出，要看口音及下一個音。,這是拼法的關聯，不是字根拆解。repair 的重音在後面一個音節；stairs 最後多了 s。air 的 r 在字尾發不發音，要看口音和下一個音。
343,T0077,13.8,A,課堂中,兩者,1,採英式 /əʊ/。這是本課所選單字的對應，不是一條沒有例外的規則。,這課用英式讀音 /əʊ/。只適用於這課的字，不是沒有例外的規則。
344,T0080,13.8,A,課堂中,兩者,1,這組 igh 對應 /aɪ/，並非逐個字母朗讀；right 在本課只教「右邊」。,igh 要當成一組，讀 /aɪ/，不是逐個字母讀。right 這課只教「右邊」的意思。
345,T0086,13.8,A,課堂中,兩者,1,本課 ch 是 /tʃ/，先擋住再放出氣流；school 的 ch 讀 /k/，不屬本課這個讀音。,這課的 ch 讀 /tʃ/：先擋住氣，再放開。school 的 ch 讀 /k/，不在這課教。
346,T0089,13.8,A,課堂中,兩者,1,thin 的 /θ/ 是清音，與 this 的 /ð/ 分課比較；不是 /s/ 或 /f/。不以同一字串判定相同發音。,thin 的 /θ/ 不震動喉嚨，this 的 /ð/ 會震動，兩者分開兩課教。它們也不是 /s/ 或 /f/。相同的字母串，讀音不一定相同。
347,T0092,13.8,A,課堂中,兩者,1,this、that、them、then 的 th 是 /ð/。輕觸喉部可感受震動；跟讀只作自行練習，系統不判斷口音。,this、that、them、then 的 th 讀 /ð/。輕摸喉嚨，會感覺到震動。跟讀只是自己練習，程式不會評分。
348,T0095,13.8,A,課堂中,兩者,1,本課 ph 表示 /f/；上門牙輕碰下唇送氣。photo、elephant、dolphin 的重音與其他母音仍要逐字聽。,這課的 ph 讀 /f/：上門牙輕碰下唇，送氣。photo、elephant、dolphin 的重音和其他母音，要一個字一個字聽。
349,T0098,13.8,A,課堂中,兩者,1,本課 a_e 是分隔的字母組合，對應 /eɪ/，末尾 e 不另讀；不是所有 a_e 都如此，例如 have 不在這組。小測補字時按次序填 a、e。,這課的 a_e 是隔開的一組字母，讀 /eɪ/，最後的 e 不讀。不是所有 a_e 都這樣讀，例如 have 不在這組。小測補字時，依次填 a、e。
350,T0892,13.8,A,首頁,兩者,1,先讀清楚題目，再用原有教學與提示一步一步完成。,先讀清楚題目。再按教學和提示，一步一步做。
351,T0902,13.8,A,首頁,兩者,1,用圖像觀察形狀、空間、分數和數線，幫你把抽象的關係看清楚。,用圖像看形狀、空間、分數和數線。幫你看清楚抽象的關係。
352,T0905,13.8,A,首頁,兩者,1,先比較相同與不同，再操作程式的正式教具。,先比較相同和不同。再用程式裏的教具。
353,T0913,13.8,A,首頁,兩者,1,需要提示、重試或休息時，陪你把事情拆成小步驟。,你需要提示、重試或休息時，會陪着你。事情會拆成小步驟。
354,T0932,13.8,A,首頁,兩者,1,喜歡挑戰，也願意先畫圖、列表，再比較不同解法。,喜歡挑戰。會先畫圖、列表，再比較不同方法。
355,T0941,13.8,A,首頁,兩者,1,把圖形積木、數學操作和創意探索連在一起，鼓勵你動手觀察。,用圖形積木、數學操作和創意探索，鼓勵你動手觀察。
356,T0948,13.8,A,首頁,兩者,1,先獨立完成，交卷後再回看。,先自己做完，交卷後再回看。
357,T0950,13.8,A,首頁,兩者,1,這一組完成了。成績與金幣以下方結算為準。,這一組完成了。成績和金幣，請看下面。
358,T0951,13.8,A,首頁,兩者,1,先處理裝置提示；角色不判定這題對錯。,先看裝置的提示。角色不會判斷這題對不對。
359,T0953,13.8,A,首頁,兩者,1,用了提示也完成了這一步，再找機會自己試。,你借助提示完成了這一步。下次試試自己做。
360,T0955,13.8,A,首頁,兩者,1,先看看下方回饋，再用另一個方法試試。,先看看下面的回饋。再用另一個方法試試。
361,T0957,13.8,A,首頁,兩者,1,先看中文意思，再聽讀音，留意英文拼法。,先看中文意思，再聽讀音。留意英文怎樣拼。
362,T0958,13.8,A,首頁,兩者,1,原有提示已打開，這次會記作有提示的練習。,提示已打開。這次會記作「有提示」。
363,T0960,13.8,A,首頁,兩者,1,先獨立完成。,先自己試試。
364,T0970,13.8,A,首頁,兩者,1,選一課就可以開始，每次專心做一件事。,選一課就可以開始。每次專心做一件事。
365,T0974,13.8,A,首頁,兩者,1,看看自己用了甚麼方法，再繼續下一題。,看看自己用了甚麼方法。再做下一題。
366,T1149,13.8,A,首頁,兩者,1,暫時沒有已記錄的弱項；未做的題型仍未檢查。,暫時沒有弱項紀錄。未做過的題型，還沒檢查。
367,T1192,13.8,A,首頁,家長,2,請選擇 JPG、PNG 或其他可讀取的相片，不接受 SVG。,請用 JPG 或 PNG 相片。
368,T1352,13.8,A,首頁,兩者,1,目前裝置未提供 en-GB 英式聲線。,這部裝置沒有英式聲音。
369,T1487,13.8,A,首頁,家長,2,網站管理員配置的 Microsoft Speech 服務,網站管理員設定的 Microsoft Speech 語音服務
370,T1568,13.8,A,首頁,兩者,1, 項可能有多個意思，請自行填寫今次要教的中文。, 個詞可能有多個意思，請自己填寫今次要教的中文。
371,T1569,13.8,A,首頁,兩者,1, 項未收錄，請補上意思。, 個詞未收錄，請補上意思。
372,T2020,13.8,A,首頁,兩者,1,目前離線，辨認元件或英文資料未準備好。仍可貼文字及選字。,目前沒有網絡，辨認功能或英文資料還沒準備好。仍可貼上文字和選字。
373,T2194,13.8,A,首頁,兩者,1,金幣、解鎖、每日上限及逐款遊戲權限。,金幣、解鎖、每日上限，以及每款遊戲的開放設定。
374,T2201,13.8,A,首頁,兩者,1,取消這個完全未使用的時段，退回金幣？,要取消這個完全沒用過的時段，並退回金幣嗎？
375,T2219,13.8,A,首頁,兩者,1,這款遊戲的存檔已隔離，尚未扣幣。,這款遊戲的存檔有問題，已先停用。還沒扣金幣。
376,T2220,13.8,A,首頁,兩者,1,重設這款遊戲存檔（保留金幣及其他紀錄）,重設這款遊戲的存檔（金幣和其他紀錄不變）
377,T2222,13.8,A,首頁,兩者,1,畫面暫時停頓，已自動暫停；停頓時間不扣除。,畫面停了一會，遊戲已自動暫停。停住的時間不會用掉。
378,T2274,13.8,A,首頁,兩者,1,標準版已停用公開 Admin。測試請使用獨立測試版。,標準版沒有 Admin 帳戶。要測試，請用測試版。
379,T2275,13.8,A,首頁,兩者,1,登入嘗試太多，請稍後再試。,登入試了太多次，請稍後再試。
380,T2285,13.8,A,首頁,兩者,1,只重設這款遊戲此難度的棋盤？金幣及其他遊戲不變。,只重設這款遊戲這個難度的進度嗎？金幣和其他遊戲不變。
381,T2286,13.8,A,首頁,兩者,1,請改用其他練習，這題不會提供答案提示。,這題不會給答案提示。請改做其他練習。
382,T2335,13.8,A,首頁,兩者,1,這題答對與否已記錄；因為剛看過答案，不當作獨立回想。,這題答對或答錯都已記錄。因為剛看過答案，不算自己記得。
383,T2336,13.8,A,首頁,兩者,1,寬鬆練習結果；未代表嚴格默書已掌握。,這是寬鬆練習的結果，不代表嚴格默書已掌握。
384,T2337,13.8,A,首頁,兩者,1,通過延後複習：${n.words} 個字詞、${n.sentences} 句完整句子。每句只計 1 項，不拆成多個已學字。,隔日複習通過：${n.words} 個字詞、${n.sentences} 句完整句子。每句只算 1 項，不會拆成幾個字。
385,T2426,13.8,A,首頁,兩者,1,目前街機已開放，包含家長提前開放的遊戲。,現在開放的遊戲，包括家長提前開放的。
386,T2452,13.8,A,首頁,兩者,1,先完成或結束那一局，才開另一部街機。,先完成或結束那一局，才可以玩另一款遊戲。
387,T2454,13.8,A,首頁,兩者,1,金幣 ${activeChild().stars} · 這輪已投 ${c.batch.used}/5 · 只扣一次，按開始才進入遊戲。,金幣 ${activeChild().stars} · 這輪已投 ${c.batch.used}/5 · 金幣只扣一次，再按「開始」才進入遊戲。
388,T2475,13.8,A,首頁,兩者,1,畫面暫時停頓，已暫停；沒有扣生命或再扣幣。,畫面停了一會，遊戲已暫停。沒有扣生命，也沒有再扣金幣。
389,T2481,13.8,A,首頁,兩者,1,局面及尚餘生命保留；請從大堂重新接續。,進度和剩下的生命都保留了。請從遊戲街機重新繼續。
390,T2492,13.8,A,首頁,兩者,1,已投幣。生命用完或任務完成才結算，沒有遊玩倒數。,已投幣。生命用完，或完成任務，才算一局結束。沒有倒數計時。
391,T2495,13.8,A,首頁,兩者,1,回來時保留原本局面與生命，不再扣幣。,回來時，進度和生命都保留，不會再扣金幣。
392,T2537,13.8,A,首頁,兩者,1,難度在下一次投幣生效，不能中途切換以重置生命。暫停後仍保留局面。,難度會在下一次投幣時生效。不能中途切換難度來重設生命。暫停後，進度仍保留。
393,T2538,13.8,A,首頁,兩者,1,逐款遊戲權限（未開放仍有預覽）,每款遊戲的開放設定（沒開放的，也可以預覽）
394,T2542,13.8,A,首頁,兩者,1,固定派幣規則,金幣獎勵規則
395,T2553,13.8,A,首頁,兩者,1,舊時間票會一次轉回相應金幣，原紀錄保留。,舊的時間票，會一次轉回金幣。原有紀錄保留。
396,T2557,13.8,A,首頁,兩者,1,以下只保留舊版票券歷史；未用額度在 V28 首次升級時一次轉回金幣。,以下是舊版遊戲票的紀錄。沒用完的部分，已在更新時一次轉回金幣。
397,T2563,13.8,A,首頁,兩者,1,已開放下一輪，沒有額外派幣。,已開放下一輪，沒有多給金幣。
398,T2593,13.8,A,首頁,兩者,1,只操作測試帳戶，不會替孩子填造學習成績。,只操作測試帳戶，不會改動孩子的學習成績。
399,T2598,13.8,A,首頁,兩者,1,不收金幣，不受五局上限限制；遊戲本身仍有生命與過關條件。造型也可直接試用。,不收金幣，也沒有五局上限。遊戲本身仍有生命和過關條件。造型可以直接試用。
400,T2625,13.8,C,首頁,兩者,1,Admin 登入,測試帳戶登入
401,T2632,13.8,A,首頁,兩者,1,V29 測試版,測試版
402,T2640,13.8,A,首頁,兩者,1,這個帳戶名稱不能使用，請改用自己建立的家庭帳戶。,不能用這個帳戶名稱。請用你自己建立的家庭帳戶。
403,T2683,13.8,A,首頁,兩者,1,先學 ${d.assignment?.count||L30.pace(c?.grade||1)} 個詞語，認識意思，再試一試自己串字。,先學 ${d.assignment?.count||L30.pace(c?.grade||1)} 個詞語，認識意思。再自己串字試一試。
404,T2692,13.8,A,首頁,兩者,1,每個按鈕只做一件事，選一種就可以開始。,每個按鈕只做一件事。選一種就可以開始。
405,T2699,13.8,A,首頁,兩者,1,上次的題目、答案草稿及進度已保留，不需要重新開始。,上次的題目、答案草稿和進度都保留了。不用重新開始。
406,T2771,13.8,A,課堂中,兩者,1,課程紀錄已達容量，請家長先備份。,課程紀錄已滿，請家長先備份。
407,T2861,13.8,A,首頁,兩者,1,拼字教室已完成 ${n.completed} 組；${n.weak} 個義項最近需要再練。,拼字教室已完成 ${n.completed} 組。有 ${n.weak} 個意思最近要再練。
408,T2968,13.8,A,首頁,兩者,1,這題將標為「待補聽」，不當成孩子答錯；這組暫不派完成金幣。,這題會標為「待補聽」，不算孩子答錯。這一組暫時沒有完成金幣。
409,T2969,13.8,A,首頁,兩者,1,結束這組，不派完成獎勵。已作答的紀錄會保留，下一次可另選一組。,要結束這一組嗎？不會得到完成獎勵。已答的紀錄會保留，下次可以另選一組。
410,T3136,13.8,A,首頁,兩者,1,用基本詞延伸新詞；查看組合、詞義和獨立串字的不同證據。,用基本詞學新詞。可以分開看組合、詞義和自己串字的紀錄。
411,T3148,13.8,A,首頁,兩者,1,結束這組，不派完成獎勵；已作答紀錄仍保留。,要結束這一組嗎？不會得到完成獎勵。已答的紀錄仍保留。
412,T3218,13.8,A,首頁,兩者,1,WordQuest R3.4 · 森林學園六角色 · 本機儲存，沒有自動雲端同步。教材尚待真人教師逐題覆核。,WordQuest · 森林學園六位角色 · 資料只存在這部裝置，不會自動上載到雲端。教材還沒有教師逐題審核。
413,T3219,13.8,A,首頁,兩者,1,角色未能正常顯示。請重新開啟 R3.1 完整版本；原有學習功能仍保留。,角色顯示不到。請重新打開完整版本。原有的學習功能仍可使用。
414,T3259,13.8,A,首頁,兩者,1,數學尚未完成載入，請重新開啟完整檔案。,數學還沒載入完成。請重新打開完整的檔案。
415,T3506,13.8,A,首頁,兩者,1,動感效果（震動、閃光、彩帶、手機震動）,動感效果（畫面震動、閃光、彩帶，手機也會震動）
416,T3509,13.8,A,首頁,兩者,1,向上、下、左、右滑動畫面，滾動方塊。,上下左右滑動畫面，滾動方塊。
417,T3514,13.8,A,首頁,兩者,1,左右拖動移動，輕按開降落傘，向下滑動加速落下。,左右拖動移動，輕按開降落傘，向下滑動加速。
418,T3515,13.8,A,首頁,兩者,1,左右拖動移動，輕按擊球，向上滑跳躍，向下滑打短球。,左右拖動移動，輕按擊球。向上滑跳起，向下滑打短球。
419,T3525,13.8,A,首頁,兩者,1,先選下方積木，再輕按棋盤：第一下預覽，第二下放置。,先選下面的積木，再輕按棋盤。第一下預覽，第二下放置。
420,T3527,13.8,A,首頁,兩者,1,輕按畫面旋轉，左右滑動移動，向下滑直接落下。,輕按旋轉，左右滑動移動，向下滑直接落下。
421,T3659,13.8,A,課堂中,兩者,1,請用題目指定的數字格式作答。,請按題目要求的數字寫法作答。
422,T3837,13.8,A,課堂中,兩者,1,；79個單元均有可作答的基礎選段。這不是每個官方學習重點均完成的全套課本；新增內容待教師審核。,；79 個單元都有可作答的基礎選段。這不是涵蓋所有官方學習重點的完整課本。新增內容還沒有教師審核。
423,T3845,13.8,A,課堂中,兩者,1,先備：${sk.prerequisites.map(i=>L.skills.get(i).name_zh).map(esc).join('、')},需要先會：${sk.prerequisites.map(i=>L.skills.get(i).name_zh).map(esc).join('、')}
424,T3898,13.8,A,課堂中,兩者,1,兩條總長相同。點上方的等份，試試不同分母的每一份有多大。,兩條的總長相同。點上方的等份，看看不同分母的每一份有多大。
425,T3925,13.8,A,課堂中,兩者,1,簡化港幣教具，不是真鈔圖樣。只用整元；小店找贖定位在小二或以上。,簡化的港幣教具，不是真鈔圖樣。只用整元。小店找贖適合小二或以上。
426,T3948,13.8,A,課堂中,兩者,1,按錢幣砌找贖，再交給客人。定位小二以上，會用同一題目引擎記錄。,按錢幣砌出找贖，再交給客人。適合小二以上，成績會記在數學紀錄裏。
427,T3950,13.8,A,課堂中,兩者,1,這兩款是數學操作練習，不是完整街機遊戲；原英文小遊戲沒有改動。,這兩款是數學操作練習，不是完整的遊戲。原有的英文小遊戲沒有改動。
428,T3967,13.8,A,課堂中,兩者,1,④ 答句（答句格式）,④ 答句（數值加單位）
429,T3991,13.8,A,課堂中,兩者,1,原來作答會保留作學習資料；下一題會換數字，不靠背答案。,原來的作答會保留，作為學習紀錄。下一題會換數字，不能靠背答案。
430,T4015,13.8,A,課堂中,兩者,1,選擇本課真正用到的方法，不是最快按答案。,選擇本課真正用到的方法。不是選最快按答案的。
431,T4027,13.8,A,課堂中,兩者,1,起步測試不會顯示總分，也不是全科或比賽能力評級。,起步測試不會顯示總分。它也不是全科或比賽的能力評級。
432,T4031,13.8,A,課堂中,兩者,1,起步測試不派獎勵。,起步測試沒有獎勵。
433,T4033,13.8,A,課堂中,兩者,1,這輪沒有額外金幣。今天可能已完成同一任務，或仍需多練習。,這輪沒有多得金幣。今天可能已完成同一個任務，或需要多練習。
434,T4040,13.8,A,課堂中,兩者,1,過一段時間再試新題，看看方法是否記得。,過一段時間再試新題，看看還記不記得這個方法。
435,T4078,13.8,A,課堂中,兩者,1,慢速模式：停用快速亂估提示；所有練習本來都不計時,慢速模式：不再顯示「快速亂估」提示。所有練習本來都沒有計時。
436,T4079,13.8,A,課堂中,兩者,1,高小顯示數值成績（小一至小三仍不顯示百分比）,高小顯示數值成績（小一至小三不顯示百分比）
437,T4087,13.8,A,課堂中,兩者,1,重試待結算獎勵,重試未處理的獎勵
438,T4093,13.8,A,課堂中,兩者,1,請返回英文程式，使用原有的孩子切換功能。,請回到英文部分，用原有的切換孩子功能。
439,T4132,13.8,A,課堂中,兩者,1,保留現有英文錢包，不派發舊獎勵。已提交數學紀錄合併；相同紀錄去重。已完成的評分不重新計算，掌握度採最後更新的一份。同日數學時間取較大值，不將可能重疊的時段重複相加。未完成的舊課不搬移。,會保留現有的英文金幣，不會再給舊的獎勵。已提交的數學紀錄會合併，相同的紀錄只留一份。已完成的評分不會重新計算，掌握度以最後更新的一份為準。同一天的數學時間，取較大的一個，不會把可能重疊的時間加起來。沒完成的舊練習不會轉入。
440,T4137,13.8,A,課堂中,兩者,1,已合併 ${r.addedAttempts} 筆舊紀錄，合共 ${r.totalAttempts} 筆；沒有重複派金幣。,已合併 ${r.addedAttempts} 筆舊紀錄，合共 ${r.totalAttempts} 筆；沒有重複給金幣。
441,T4140,13.8,A,課堂中,兩者,1,結束未完成的數學練習並開始模擬卷？已提交答案保留。,要結束未完成的數學練習，並開始模擬卷嗎？已提交的答案會保留。
442,T4157,13.8,A,課堂中,兩者,1,沒有未結算的新增金幣。,沒有未處理的新金幣。
443,T4176,13.8,A,首頁,兩者,1,此程式需要開啟 JavaScript 才能學習及儲存資料。,這個程式需要開啟 JavaScript，才能學習和儲存資料。
444,T3357,13.8,AD,家長頁,家長,1,上次家庭資料交易尚未完成，已暫停寫入。,上次有一個操作沒有完成，所以暫時不能儲存。請到「家長 → 家庭管理」按「處理未完成的操作」。
445,T0527,13.5,AD,課堂中,孩子,1,金幣資料整數無效,金幣紀錄有誤（數字不對）。請重新開啟頁面。
446,T0528,13.5,AD,課堂中,孩子,1,金幣資料文字無效,金幣紀錄有誤（文字不對）。請重新開啟頁面。
447,T0529,13.5,AD,課堂中,孩子,1,紀錄識別碼無效,遊戲紀錄的編號不對。請重新開啟頁面。
448,T0530,13.5,AD,課堂中,孩子,1,金幣資料物件無效,金幣紀錄有誤，讀不了。請重新開啟頁面。
449,T0531,13.5,AD,課堂中,孩子,1,金幣資料保留鍵,金幣紀錄含有不可用的名稱，讀不了。
450,T0536,13.5,AD,課堂中,孩子,1,投幣識別碼過長,投幣編號太長，請重新開始這一局。
451,T0541,13.5,AD,課堂中,孩子,1,金幣不足；尚未扣幣,金幣不夠，沒有扣金幣。先做練習賺金幣吧。
452,T0545,13.5,AD,課堂中,孩子,1,錢包已滿，取消尚未完成,金幣已滿，取消不了這一局。
453,T0548,13.5,AD,課堂中,孩子,1,學習項目清單無效,學習項目的清單有誤。請重新開啟頁面。
454,T0549,13.5,AD,課堂中,孩子,1,今日有效任務紀錄已滿；未改動金幣,今天的學習紀錄已滿，金幣沒有改變。
455,T0554,13.5,AD,課堂中,孩子,1,金幣資料版本不支援,金幣紀錄的版本讀不了。請用備份還原。
456,T0556,13.5,AD,課堂中,孩子,1,街機開放設定無效,遊戲開放設定有誤。請家長重新儲存設定。
457,T0557,13.5,AD,課堂中,孩子,1,街機權限無效,遊戲開放設定有誤。請家長重新儲存設定。
458,T0558,13.5,AD,課堂中,孩子,1,造型無效,造型設定有誤，請重新選擇。
459,T0560,13.5,AD,課堂中,孩子,1,任務清單過大,學習任務太多，不能再加。
460,T0563,13.5,AD,課堂中,孩子,1,投幣紀錄過大,投幣紀錄已滿，請先匯出備份。
461,T0569,13.5,AD,課堂中,孩子,1,家長開輪不能派幣,家長開放下一輪，不會送金幣。
462,T0570,13.5,AD,課堂中,孩子,1,最佳紀錄過大,最高分紀錄太多，不能再加。
463,T0576,13.5,AD,課堂中,孩子,1,已玩局不能退款,已經玩過的一局，不能退回金幣。
464,T0579,13.5,AD,課堂中,孩子,1,已無生命，不能繼續,生命用完了，這一局不能繼續。請重新開始。
465,T0580,13.5,AD,課堂中,孩子,1,存檔超過 900 KB,遊戲存檔太大，存不了。請重新開始這一局。
466,T0764,13.5,AD,課堂中,孩子,1,尚未成功聽完，這題未作評分。,還沒聽完讀音，這題不計分。請再按喇叭聽一次。
467,T0788,13.5,AD,課堂中,孩子,1,選項損壞,答案選項有問題，請重新開始這一組。
468,T0857,13.5,AD,課堂中,孩子,1,版本不支援,版本不符，讀不了。請用備份還原。
469,T0883,13.5,AD,課堂中,孩子,1,延後證據不足,「隔日仍答對」的紀錄不足
470,T3228,13.5,AD,課堂中,孩子,1,目前的孩子資料無法讀取。,讀不到這位孩子的資料。請重新整理頁面再試。
471,T3534,13.5,AD,課堂中,孩子,1,圖像參數無效,圖像資料不正確
472,T1117,13.0,D,課堂中,孩子,1,目前有未完成練習。改為這一輪？已答題紀錄會保留。,你還有一輪未做完。要改做這一輪嗎？已答的題目會保留。
473,T1151,13.0,D,課堂中,孩子,1,改為補練錯題？目前已答紀錄會保留。,要改做補練錯題嗎？已答的題目會保留。
474,T1263,13.0,D,課堂中,孩子,1,金幣不足,金幣不夠，先去練習
475,T1812,13.0,D,課堂中,孩子,1,遊戲暫時未能顯示,遊戲暫時顯示不到，請稍後再試。
476,T2446,13.0,D,課堂中,孩子,1,預覽載入失敗，尚未扣幣。,預覽載入失敗，沒有扣金幣。請再試一次。
477,T2824,13.0,B,結算,孩子,1,這組練習已暫告一段落,這組練習先停在這裏
478,T2829,13.0,B,結算,孩子,1,${good}／${a.length-technical} 題答對${technical?' · '+technical+' 題待補聽':''}。不要求全對，也不扣走已有金幣。,${good}／${a.length-technical} 題答對${technical?' · '+technical+' 題待補聽':''}。不用全對，也不會扣掉已有的金幣。
479,T3080,13.0,B,結算,孩子,1,這組已暫告一段落,這一組先停在這裏
480,T3651,12.7,AC,課堂中,兩者,2,題目模板不存在,找不到題目的範本。
481,T1464,12.5,AB,家長頁,家長,1,請使用有權使用的英式錄音。系統會檢查檔案可否播放，但不會自動證明口音或內容正確。,請用你有權使用的英式錄音。程式只會檢查能不能播放，不會判斷口音或內容對不對。
482,T1558,12.5,BC,家長頁,家長,1,公共音檔逐項保留 Wikimedia 來源、作者及授權；只下載檔名明確標為 En-uk 的英文錄音。為兼容離線播放會轉成 24 kHz 單聲道 WAV；不拼接單字冒充自然句子。,每個公共音檔都保留 Wikimedia 的來源、作者和授權資料。只會下載檔名標明 En-uk 的英式錄音。為了能離線播放，會轉成 24 kHz 單聲道 WAV。不會把單字拼起來冒充整句。
483,T1710,12.5,A,家長頁,家長,1,先聽整字，再跟讀。橙色只表示今課要留意的字母組合，不表示整個字的音節或詞根。,先聽整個字，再跟讀。橙色字母只是今課的重點，不代表音節或詞根。
484,T1711,12.5,AB,家長頁,家長,1,沒有錄音評分，也沒有用字母名稱拼接成音素示範。每個字的讀音仍取決於現有音檔／裝置聲線。,不會錄音評分，也不會用字母名稱拼出音素。讀音來自已存的音檔，或裝置的聲音。
485,T2110,12.5,AB,家長頁,家長,1,這是本機家庭設定，並非安全家長鎖或雲端帳戶；不要視為防止孩子修改數據的保護。,這只是這部裝置的家庭設定，不是安全鎖，也不是雲端帳戶。它不能防止孩子改動資料。
486,T2322,12.5,AB,家長頁,家長,1,剛看答案後 10 分鐘內作答，標示「近期看過答案」；解鎖所需的延後複習仍要相隔至少 24 小時。這是本產品規則，不是永久記憶保證。,看過答案後 10 分鐘內作答，會標示「近期看過答案」。遊戲解鎖要的隔日複習，仍然要相隔至少 24 小時。這是 WordQuest 的規則，不保證孩子永遠記得。
487,T2330,12.5,A,家長頁,家長,1,只統計 V24 留下完整證據的作答。舊版沒有完整答案曝光資料，不會追溯假定孩子當時沒有看提示。正確次數不是已掌握字數。,只計算有完整紀錄的作答。舊版沒有記下孩子有沒有看過答案，所以不會假設孩子當時沒看提示。答對次數不等於已掌握的字數。
488,T2916,12.5,A,家長頁,家長,1,本地紀錄可以提供練習證據，不能保證永久記得。至少相隔 24 小時、有詞義及獨立串寫記錄，且近期未看答案，才記延後重溫。查看家長報告本身不會改變曝光紀錄。,這些紀錄只能顯示練習的情況，不能保證孩子永遠記得。要同時符合以下條件，才算隔日複習：相隔至少 24 小時、答對詞義、自己串對，而且沒有在最近看過答案。看家長報告，不會改變任何紀錄。
489,T3325,12.5,A,家長頁,家長,1,備份包括全部孩子的英文、普通數學、奧數、街機、跨科設定及自訂媒體。不包含登入密碼；請把檔案當成私人資料保管。,備份包括全部孩子的英文、普通數學、奧數、遊戲、時間設定，以及自訂的圖片和音檔。不包含登入密碼。請把檔案當作私人資料，妥善保管。
490,T3339,12.5,A,家長頁,家長,1,這是同一瀏覽器的家長時限，不是伺服器防作弊或系統級螢幕管理。,這是在同一個瀏覽器裏的家長時限。它不能防止作弊，也不是裝置的螢幕時間管理。
491,T1299,12.0,B,首次使用,家長,1,先參觀不會儲存答題紀錄、金幣或遊戲進度。此處是本機試用帳戶，並非雲端登入；請勿使用其他網站的密碼。,只是參觀的話，不會儲存答題紀錄、金幣或遊戲進度。這是存在本機的試用帳戶，不是雲端登入。請不要用其他網站的密碼。
492,T1633,12.0,A,首頁,家長,1,已離線；優先使用已存音檔或本機英式聲線。,沒有網絡。會用已存的音檔，或裝置的英式聲音。
493,T1733,12.0,A,首頁,家長,1,已離線；使用已存音檔或本機英式聲線。,沒有網絡。會用已存的音檔，或裝置的英式聲音。
494,T1834,12.0,A,首頁,家長,1,另一個分頁已有較新的資料；已停止覆蓋。請先匯出目前備份，再重新開啟。,另一個分頁有較新的資料，這裏沒有蓋掉它。請先匯出備份，再重新打開頁面。
495,T1871,12.0,A,首頁,家長,1,先裁走姓名、校名等個人資料。只辨認打印英文；首次載入辨認引擎及英文資料需要網絡。相片在瀏覽器處理，不傳到辨認伺服器。辨認結果仍要對照原稿。,請先裁走姓名、校名等個人資料。只能辨認印刷的英文。第一次使用要連上網絡，下載辨認用的資料。相片只在這個瀏覽器處理，不會上傳。辨認結果要對照原稿檢查。
496,T2217,12.0,A,首頁,家長,1, 請保留分頁及匯出備份。, 請不要關閉這個分頁，並匯出備份。
497,T2278,12.0,A,首頁,家長,1,已登入唯讀模式；另一分頁仍在編輯。,已登入，只能查看。另一個分頁仍在編輯。
498,T2279,12.0,A,首頁,家長,1,家長密碼／舊 PIN,家長密碼（舊帳戶填 PIN）
499,T2283,12.0,A,首頁,家長,1,取得編輯權,在這個分頁編輯
500,T2296,12.0,A,首頁,家長,1,還原教材及學習紀錄；目前金幣、已購時間、用時及家長規則不會倒退。,會還原教材和學習紀錄。現在的金幣、已換的時間、遊戲用時和家長規則，都不會倒退。
501,T2302,12.0,A,首頁,家長,1, 已通過完整性校驗。, 檔案完整，沒有損壞。
502,T2303,12.0,A,首頁,家長,1, 舊格式沒有校驗碼，已檢查資料結構。, 舊格式的備份，無法確認有沒有損壞，只檢查了資料格式。
503,T2309,12.0,A,首頁,家長,1,資料已還原，但畫面更新未完成；請重新開啟此頁。,資料已還原，但畫面還沒更新。請重新打開這個頁面。
504,T2340,12.0,A,首頁,家長,1,原資料未能讀取；不會把示範資料當成備份。請按「保留原檔」，再還原有效備份。,讀不到原有資料。示範資料不會當作備份。請按「保留原檔」，再用有效的備份還原。
505,T2447,12.0,A,首頁,家長,1,${m.name}唯讀玩法預覽,${m.name}玩法預覽（只能看，不能玩）
506,T2456,12.0,A,首頁,家長,1,預覽中的分數、生命和收集物不會寫入你的帳戶。,預覽裏的分數、生命和收集物，不會記在你的帳戶裏。
507,T2546,12.0,A,首頁,家長,1,最近交易,最近的金幣紀錄
508,T2548,12.0,A,首頁,家長,1,未有交易。,未有金幣紀錄。
509,T2555,12.0,A,首頁,家長,1,需還原完整局面；不會免費重置生命。,要先還原完整的進度，不會免費重設生命。
510,T2619,12.0,A,首頁,家長,1,外部 OCR 或語音仍需相應網絡、裝置及權限。開放入口不代表這些服務已完成真機驗收。,OCR 或語音功能，仍需要網絡、合適的裝置和權限。入口開放，不代表這些功能已在真機上測試過。
511,T2636,12.0,A,首頁,家長,1,WordQuest V29 · ${WQ_TEST_MODE?'獨立本機測試環境；請勿放入真實孩子資料。':'資料只保存在此瀏覽器，沒有雲端同步。'} 遊戲入口與管理員測試更新。,WordQuest · ${WQ_TEST_MODE?'獨立本機測試環境；請勿放入真實孩子資料。':'資料只保存在此瀏覽器，沒有雲端同步。'} 遊戲入口和測試帳戶已更新。
512,T2642,12.0,A,首頁,家長,1,請先登入有編輯權的 Admin 測試帳戶。,請先登入測試帳戶，並確定這個分頁可以編輯。
513,T3376,12.0,A,首頁,家長,1,已產生備份，但上次家庭交易未完成，內容可能不完整。請核對孩子與紀錄數後，才用它還原。,已建立備份，但上次有一個操作沒有完成，內容可能不完整。請先核對孩子和紀錄的數量，再用它還原。
514,T3416,12.0,A,首頁,家長,1,準備離線OCR,準備離線相片辨認
515,T3818,12.0,A,課堂中,家長,1,"關閉後不保留進度，也不派金幣。${root.WQM_INTEGRATED?'請返回英文登入原有家庭帳戶。':btn('由家長建立本機學習檔案','nav:profiles','tiny-link')}","關閉後不保留進度，也不會給金幣。${root.WQM_INTEGRATED?'請返回英文登入原有家庭帳戶。':btn('由家長建立本機學習檔案','nav:profiles','tiny-link')}"
516,T4064,12.0,A,課堂中,家長,1,本機家長頁 · 無身份驗證,這部裝置上的家長頁 · 沒有身份驗證
517,T4081,12.0,A,課堂中,家長,1,此頁顯示數學時限；家庭備份與跨科安排頁另有全站總時限及合併週報。沒有排行榜、通知或廣告推送；本機家長頁不是安全的防繞過鎖。,這個頁面設定數學的時間上限。家庭備份與跨科安排頁另有每日總時間上限和合併的週報。沒有排行榜、通知或廣告。這個家長頁只在這部裝置上，不是安全的鎖，不能防止被繞過。
518,T4089,12.0,A,課堂中,家長,1,數學資料使用獨立旁存，避免被英文舊版驗證器刪掉；舊英文單科匯出不包含數學；R3家長頁「家庭完整備份」則一次包含全部孩子與媒體。清除數學進度不會撤回已發的英文金幣。,數學資料另外存放，避免被英文舊版的檢查程式刪掉。舊的英文單科匯出不包含數學。家長頁的「家庭完整備份」，則一次包含全部孩子、圖片和音檔。清除數學進度，不會收回已給的英文金幣。
519,T4090,12.0,A,課堂中,家長,1,有 ${state.reports.length} 條題目報錯紀錄，已包含在數學備份中；尚未傳送到伺服器。,有 ${state.reports.length} 條題目報錯紀錄，已包含在數學備份中，還沒有傳到網上。
520,T4154,12.0,A,課堂中,家長,1,數學資料已還原；沒有重新派金幣。,數學資料已還原，沒有重新給金幣。
521,T4159,12.0,A,課堂中,家長,1,已記錄這道題目，會隨數學備份一併儲存；尚未上傳。,已記錄這道題目，會跟數學備份一起儲存，還沒有上傳到網上。
522,T4167,12.0,A,課堂中,家長,1,沒有重設、刪除或覆蓋舊進度。請先保留原檔及備份，檢查瀏覽器是否允許儲存；不要為了重新開始而清除瀏覽資料。,舊進度沒有重設、刪除或蓋掉。請先保留原檔和備份，檢查瀏覽器有沒有允許儲存。不要為了重新開始而清除瀏覽資料。
523,T4170,12.0,A,課堂中,家長,1,瀏覽器仍拒絕讀取儲存資料；未有匯出。,瀏覽器仍然不讓網頁讀取儲存的資料，沒有匯出。
524,T3618,12.0,AD,課堂中,兩者,1,整數超出範圍,數字超出範圍，請輸入較小的整數。
525,T3623,12.0,AD,課堂中,兩者,1,帶分數格式不正確,帶分數的寫法不對，請再檢查。
526,T3634,12.0,AD,課堂中,兩者,1,不支援的算式名稱,算式中有不能使用的名稱。
527,T3643,12.0,AD,課堂中,兩者,1,內容版本不支援,題庫的版本不對，這個版本讀不了。
528,T3653,12.0,AD,課堂中,兩者,1,參數清單錯誤,題目的數值清單有誤。
529,T3656,12.0,AD,課堂中,兩者,1,題目條件無法滿足,題目的條件無法同時成立，不能出題。
530,T3668,12.0,AD,課堂中,兩者,1,數學資料過大,數學資料太大，不能處理。
531,T3712,12.0,AD,課堂中,兩者,1,教具狀態過大,教具的資料太大，不能儲存。
532,T2333,11.5,ACE,少見,家長,1,没有可核對保障時，會先徵求同意，才將金幣及未用時間重設為 0 並暫停當日遊戲。原損壞資料會保留。這不是雲端備份，也不能防止裝置擁有人改檔。,沒有可核對的備用紀錄時，會先問你是否同意，才把金幣和沒用完的時間歸零，並暫停當天的遊戲。損壞的資料會保留。這不是雲端備份，也不能防止裝置擁有人改動檔案。
533,T2449,11.5,D,首頁,兩者,1,已解鎖，可隨時投幣。,已解鎖。有金幣就可以開始。
534,T2504,11.5,D,首頁,兩者,1,已暫停，請先處理儲存,已暫停。請家長檢查瀏覽器的儲存設定。
535,T3839,11.5,D,課堂中,兩者,1,待開發,還未有內容
536,T1163,11.2,AE,家長頁,家長,1,"已內置 6,057 項教材詞庫；字義供家長核對，未內置全庫英式音檔。","內置題庫有 6,057 個詞。中文意思請家長核對。英式讀音只有部分有錄音。"
537,T1243,11.2,AE,家長頁,家長,1,回復上次還原前資料,取消上次還原
538,T1420,11.2,AE,家長頁,家長,1,你正使用已下載的 HTML；請保留這個檔案。額外素材只存於目前瀏覽器，換裝置前請匯出教材包。,你正在用已下載的網頁檔，請保留這個檔案。額外的圖片和音檔只存在目前的瀏覽器，換裝置前請匯出教材包。
539,T1532,11.2,BD,家長頁,家長,1,教材包未能加入，原有教材沒有被取代。,教材包加入不了，原有教材沒有改動。請重試或換另一個教材包。
540,T1714,11.2,AE,家長頁,家長,1,聽完、跟讀自報與小測分開記錄；不覆蓋正式默書能力。完整小測與其他學習任務共用每日金幣上限。,聽完、跟讀自報和小測會分開記錄，不會改動正式默書的能力紀錄。每日金幣有上限，完整小測和其他學習一起計。
541,T1928,11.2,AE,家長頁,家長,1,按目前原文重新整理？目前點選及修改會重建，可以按「復原」返回。,要按目前的原文重新整理嗎？現有的點選和修改會重設。可以按「復原」取回。
542,T1931,11.2,AE,家長頁,家長,1,換選取方式會重新分詞及全選教材；你的原文仍然保留，可以按「復原」返回。,換選取方式後，字詞會重新分開，並全部選取。原文不變。可以按「復原」取回。
543,T2117,11.2,AE,家長頁,家長,1,平衡版：主站練習每日最多 30 星；同字同題型每日只派一次。拼字家族及 12 堂拼音課維持原本獎勵，不在這 30 星之內。舊餘額不改動。新遊戲價格固定為 5 星／90 秒、10 星／3 分鐘。,平衡版：主站練習每日最多 30 金幣。同一個字、同一種題型，一天只計一次。拼字家族和 12 堂拼音課照原有獎勵，不計入這 30 金幣。舊餘額不變。新遊戲價錢固定：5 金幣 = 90 秒，10 金幣 = 3 分鐘。
544,T2120,11.2,AE,家長頁,家長,1,提前開放只改遊戲權限，不增加「通過複習」字數。已通過的關卡仍會保存。,提前開放只會開放遊戲，不會增加「通過複習」的字數。已通過的複習會保留。
545,T2899,11.2,AE,家長頁,家長,1,獨立／延後證據,自己串對／隔日複習
546,T2903,11.2,AE,家長頁,家長,1,尚無獨立串寫證據,還沒有自己串對的紀錄
547,T2917,11.2,AE,家長頁,家長,1,本機資料不是伺服器認證帳本。測試帳戶的紀錄不應用作真實學生評估。,這些資料只存在這部裝置，沒有經過任何伺服器核實。測試帳戶的紀錄，不能用來評估真實孩子的學習。
548,T3178,11.2,AE,家長頁,家長,1,設定分帳戶及孩子保存。R3家庭完整備份包含角色偏好；舊英文單科備份不包含。六位新角色圖片已內置。,設定會分開儲存在每個帳戶和每位孩子名下。家庭完整備份包含角色設定，舊的英文單科備份不包含。六位角色的圖片已內置在程式裏。
549,T3334,11.2,AE,家長頁,家長,1,全站總時限（包括街機，分鐘）,每日總時間上限（包括遊戲，分鐘）
550,T3345,11.2,AE,家長頁,家長,1,聲線代號,聲音代號
551,T2832,11.2,E,結算,孩子,2, 個金幣, 枚金幣
552,T1066,11.0,E,首頁,兩者,5,挑戰區,遊戲街機
553,T2039,11.0,E,首頁,兩者,6,Admin 測試中心,測試中心
554,T3680,11.0,AC,課堂中,兩者,1,題目模板與技能不一致,題目範本和技能不相符。
555,T3685,11.0,AC,課堂中,兩者,1,題目難度與模板不一致,題目難度和範本不相符。
556,T3718,11.0,AC,課堂中,兩者,1,沒有合適模板,沒有合適的題目範本。
557,T1488,10.6,B,首頁,兩者,2,服務輸出；請依服務條款使用,語音由服務提供，請按服務條款使用
558,T0361,10.4,B,課堂中,孩子,1,你砌出了 ${this.target}！做得好！,你砌出了 ${this.target}，做得好！
559,T1075,10.4,B,課堂中,孩子,1,"這個項目已被移除。${btn('返回','end-session')}","這個項目已不在了。${btn('返回','end-session')}"
560,T2178,10.4,AB,課堂中,孩子,1,另一分頁更新了資料，請重開頁面讀取，勿覆蓋新紀錄。,另一個分頁更新了資料。請重新打開頁面，不要蓋掉新紀錄。
561,T2399,10.4,B,首頁,孩子,1,看見下一個目標，完成一小段學習。,先看目標，再學一小段。
562,T2465,10.4,AB,課堂中,孩子,1,找不到已開始的局面，請保留備份，勿反覆重設生命。,找不到已開始的進度。請先備份，不要一直重設生命。
563,T2748,10.4,B,課堂中,孩子,1,只顯示這組詞真正適合的模式；不是每一組都硬套相同玩法。,只顯示適合這組詞的玩法。不是每一組都用同一種玩法。
564,T2988,10.4,B,課堂中,孩子,1,尚有未儲存的字塊或答案。請重試儲存，不要關閉本頁。,字塊或答案還沒儲存。請再試一次，先不要關閉這個頁面。
565,T3075,10.4,B,課堂中,孩子,1,未儲存；請勿關閉。,還沒儲存。請不要關閉。
566,T3125,10.4,B,首頁,孩子,1,全新 · 詞語組合工房,新 · 詞語組合工房
567,T3145,10.4,B,課堂中,孩子,1,草稿仍在本頁，尚未儲存。,草稿還在這個頁面，還沒儲存。
568,T3200,10.4,B,課堂中,孩子,1,這局結束了，結果以遊戲顯示為準。,這局結束了。成績看畫面上的分數。
569,T3667,10.4,AD,課堂中,家長,1,數學備份版本不支援,數學備份的版本不對，這個版本讀不了。
570,T1297,10.3,E,首次使用,兩者,1,登入先儲金幣,登入後才儲到金幣
571,T1306,10.3,E,首次使用,兩者,1,小朋友名稱,孩子名稱
572,T1308,10.3,E,首次使用,兩者,1,小朋友年級,孩子年級
573,T3151,10.0,DE,家長頁,家長,1,角色設定只在本次開啟有效，未能保存。原有學習資料沒有改動。,角色設定只在這次有效，沒有儲存成功。原有學習資料沒有改動。請稍後再試。
574,T1108,9.8,E,結算,孩子,1,訪客練習不會保存紀錄。,訪客練習不會儲存紀錄。
575,T1614,9.8,E,結算,孩子,1,本輪無提示串對 ${correct} / ${independent.length} 次。,這一輪自己串對 ${correct} / ${independent.length} 次。
576,T1615,9.8,E,結算,孩子,1,訪客不會保存紀錄或金幣。,訪客不會儲存紀錄或金幣。
577,T1699,9.8,E,結算,孩子,1,登入後才可以保存紀錄及儲金幣。,登入後，才可以儲存紀錄和金幣。
578,T2833,9.8,E,結算,孩子,1,進度已保存,進度已儲存
579,T3086,9.8,E,結算,孩子,1,看看街機目標,看看遊戲目標
580,T3684,9.5,AE,課堂中,兩者,2,作答 ID 無效,作答編號不正確。
581,T3703,9.5,AE,課堂中,兩者,2,課堂模式無效,學習模式不正確。
582,T0540,9.4,AE,課堂中,孩子,1,這一輪已投五幣；完成下一輪有效學習，或請家長開放,這一輪的 5 枚金幣已經用完。完成下一輪學習，或請家長開放下一輪。
583,T0760,9.4,AE,課堂中,孩子,1,單元不存在,找不到這個小課
584,T2458,9.4,AE,課堂中,孩子,1,目前有未儲存局面，請先保存。,有進度還沒儲存，請先儲存。
585,T1690,9.2,B,首頁,兩者,1,未能儲存成績及金幣，請勿關閉。可再按「看看成績」重試。,成績和金幣沒有儲存到。請不要關閉頁面。再按「看看成績」重試。
586,T2149,9.2,B,課堂中,兩者,1,這款遊戲已被家長暫停。,家長已暫停這款遊戲。
587,T2209,9.2,B,首頁,兩者,1,另一分頁已更新紀錄。請重新整理讀取，避免覆蓋。,另一個分頁更新了紀錄。請重新整理頁面，以免蓋掉新紀錄。
588,T2455,9.2,B,首頁,兩者,1,返回學習，向目標前進,返回學習，解鎖更多遊戲
589,T2552,9.2,B,首頁,兩者,1,此舊遊戲入口已升級,這個舊遊戲入口已更新
590,T3383,9.2,B,首頁,兩者,1,設定已儲存；須另行部署語音服務才能使用。,設定已儲存。要另外安裝語音服務才能使用。
591,T3800,9.2,B,課堂中,兩者,1,發現數學新方法。,用新方法學數學。
592,T3802,9.2,B,課堂中,兩者,1,學懂的不只是答案。,學到方法，不只是答案。
593,T3846,9.2,B,課堂中,兩者,1,課程位置已預留；這裏不會用其他題目冒充本單元。,這個單元已預留位置，還沒有題目。這裏不會用其他單元的題目代替。
594,T3980,9.2,B,課堂中,兩者,1,下一步必須做一條不同數字的新題。,下一步要做一題數字不同的新題。
595,T4103,9.2,B,課堂中,兩者,1,暱稱（毋須真名）,暱稱（不用真名）
596,T4155,9.2,B,課堂中,兩者,1,已結算 ,已處理 
597,T3445,9.0,AB,少見,家長,1,系統不能自動恢復，作答與存檔已暫停，以免弄壞資料。請按次序處理：①先按「匯出家庭完整備份」留一份現場資料（可能不完整，只作保存）。②按「還原家庭備份」，選最近一次有效的家庭備份檔；成功後未完成標記會自動清除。③真的沒有備份，才用下面的「清除目前帳戶資料（最後手段）」重新開始（所有孩子、教材和紀錄會清空）。,系統不能自動處理，作答和存檔已暫停，以免弄壞資料。請按次序做：①先按「匯出家庭完整備份」，留一份現在的資料（可能不完整，只作留底）。②按「還原家庭備份」，選最近一次有效的備份檔。成功後，未完成的標記會自動清除。③真的沒有備份，才按下面的「清除目前帳戶資料（最後手段）」重新開始。所有孩子、教材和紀錄都會清空。
598,T1778,9.0,E,課堂中,孩子,2,返回挑戰區,返回遊戲街機
599,T2651,9.0,E,課堂中,孩子,2,請先登入，才可以保存學習。,請先登入，才可以儲存學習紀錄。
600,T2374,9.0,E,首頁,兩者,3,新街機,新遊戲
601,T1344,8.8,D,家長頁,家長,1,備份超過 10 MB，沒有更改原資料。,備份檔超過 10 MB，資料沒有改動。請換較小的檔案。
602,T1345,8.8,D,家長頁,家長,1,備份內容不完整或格式不正確，原資料沒有更改。,備份檔不完整或格式不對，資料沒有改動。請換另一個備份檔。
603,T2654,8.4,D,課堂中,孩子,2,未能儲存,儲存失敗，請再試一次
604,T3410,8.3,AE,課堂中,兩者,1,語音服務未設定金鑰。可在家長頁改回裝置聲線。,語音服務還沒有設定金鑰。可在家長頁改回使用裝置聲音。
605,T3644,8.3,AE,課堂中,兩者,1,技能 ID 重複,題庫有重複的技能編號。
606,T3648,8.3,AE,課堂中,兩者,1,題目 ID 無效,題目編號不正確。
607,T3681,8.3,AE,課堂中,兩者,1,重複搬移收據,重複的轉入紀錄。
608,T3682,8.3,AE,課堂中,兩者,1,搬移收據格式錯誤,轉入紀錄的格式不正確。
609,T3689,8.3,AE,課堂中,兩者,1,錢包日期無效,金幣日期不正確。
610,T3690,8.3,AE,課堂中,兩者,1,錢包任務重複,金幣任務重複。
611,T3694,8.3,AE,課堂中,兩者,1,獎勵 ID 重複,獎勵編號重複。
612,T3700,8.3,AE,課堂中,兩者,1,課堂技能無效,學習中的技能不正確。
613,T3702,8.3,AE,課堂中,兩者,1,已完成課堂無效,已完成的學習紀錄不正確。
614,T3705,8.3,AE,課堂中,兩者,1,課堂狀態無效,學習狀態不正確。
615,T3706,8.3,AE,課堂中,兩者,1,教學課堂缺少技能或示範題,教學課缺少技能或示範題。
616,T3708,8.3,AE,課堂中,兩者,1,課堂步驟無效,學習步驟不正確。
617,T3709,8.3,AE,課堂中,兩者,1,這個課堂步驟缺少題目；已停止恢復，沒有覆蓋原資料,這個學習步驟缺少題目，所以停止還原。原有資料沒有改動。
618,T3710,8.3,AE,課堂中,兩者,1,課堂題目位置無效,學習中的題目位置不正確。
619,T3722,8.3,AE,課堂中,兩者,1,任務識別碼無效,任務編號不正確。
620,T4136,8.3,AE,課堂中,兩者,1,請先核對舊學員與目前孩子並勾選確認,請先核對舊紀錄和目前的孩子，並勾選確認。
621,T2343,8.0,B,首頁,家長,1,已建立備份下載；請核對檔案。圖片與音檔仍須另匯出教材包。,已建立備份檔，請核對下載的檔案。圖片和音檔要另外匯出教材包。
622,T2559,8.0,B,首頁,家長,1,26 部街機、全彩預覽、一幣一局與家長設定。,26 款遊戲、全彩預覽、每局 1 枚金幣，和家長設定。
623,T3377,8.0,B,首頁,家長,1,完整家庭備份已產生，請保留下載檔。,完整家庭備份已建立，請保管好下載的檔案。
624,T1741,7.9,E,首頁,兩者,2,登入後儲金幣,登入後儲存金幣
625,T1827,7.9,E,首頁,兩者,2,−${r.cost} 幣,−${r.cost} 金幣
626,T2065,7.9,E,首頁,兩者,2,重設 Admin 測試資料,重設測試資料
627,T2167,7.9,E,首頁,兩者,2,下一關 · 不扣幣,下一關 · 不扣金幣
628,T2218,7.9,E,首頁,兩者,2,孩子或帳戶已切換，這次沒有扣幣。,已換了孩子或帳戶，這次沒有扣金幣。
629,T2373,7.9,E,首頁,兩者,2,V28 街機版,遊戲街機
630,T2494,7.9,E,首頁,兩者,2,已保存，稍休一下,已儲存，休息一下
631,T0062,7.8,E,課堂中,孩子,1,機會 ,生命 
632,T0156,7.8,E,課堂中,孩子,1,雲端跑道,雲上跑道
633,T0165,7.8,E,課堂中,孩子,1,恢復原賽道,復原賽道
634,T0176,7.8,E,課堂中,孩子,1,跑出一條靚路線，挑戰上一圈。,跑出一條漂亮的路線，挑戰上一圈。
635,T0484,7.8,E,課堂中,孩子,1,保存作品,儲存作品
636,T0492,7.8,E,課堂中,孩子,1,作品已保存在本機。,作品已儲存在這部裝置。
637,T0535,7.8,E,課堂中,孩子,1,舊星星一比一保留；未用票一次轉換,原來的星星會一換一變成金幣；沒用完的票會一次換成金幣。
638,T0638,7.8,E,課堂中,孩子,1,5分賽,5 分賽
639,T0680,7.8,E,課堂中,孩子,1,SPACE 護盾 ${this.shieldCD?Math.ceil(this.shieldCD)+'s':'READY'} · X ${this.mode?'集中':'散射'},空白鍵護盾 ${this.shieldCD?Math.ceil(this.shieldCD)+'s':'READY'} · X ${this.mode?'集中':'散射'}
640,T1079,7.8,E,課堂中,孩子,1,"title=""暫停，返回首頁"" aria-label=""休息（暫停並返回首頁）""","title=""休息一下，返回首頁"" aria-label=""休息一下（暫停並返回首頁）"""
641,T1112,7.8,E,課堂中,孩子,1,自己揀一種,自己選一種
642,T1257,7.8,E,課堂中,孩子,1,登入後先可以玩,登入後才可以玩
643,T1265,7.8,E,課堂中,孩子,1,金幣未夠，先做一小段練習。,金幣不夠，先做一小段練習。
644,T1268,7.8,E,課堂中,孩子,1,已用 ${g.cost} 粒金幣,已用 ${g.cost} 個金幣
645,T1269,7.8,E,課堂中,孩子,1,撳中 12 粒金幣,按中 12 枚金幣
646,T1272,7.8,E,課堂中,孩子,1,連續答啱 8 次就完成。,連續答對 8 次就完成。
647,T1277,7.8,E,課堂中,孩子,1,留心睇燈號,留心看燈號
648,T1278,7.8,E,課堂中,孩子,1,跟住次序撳返。,照着次序按一次。
649,T1284,7.8,E,課堂中,孩子,1,好快手！,反應好快！
650,T1287,7.8,E,課堂中,孩子,1,再睇清楚個目標。,再看清楚目標。
651,T1570,7.8,E,課堂中,孩子,1,未做無提示串字,未試過自己串字
652,T1572,7.8,E,課堂中,孩子,1,最近無提示串對,最近自己串對
653,T1577,7.8,E,課堂中,孩子,1,備用：裝置英式聲線,備用：裝置英式聲音
654,T1606,7.8,E,課堂中,孩子,1,已用提示，這題不計無提示串字。,用了提示，這題不計入「自己串對」。
655,T1650,7.8,E,首頁,孩子,1,每課一個拼寫重點，按次序慢慢學。,每課一個拼字重點，按次序慢慢學。
656,T1656,7.8,E,首頁,孩子,1,舊版課程獎勵紀錄 ${earned} 幣,舊版課程已得 ${earned} 枚金幣
657,T1657,7.8,E,首頁,孩子,1,訪客可以學，不保存紀錄或金幣,訪客可以學，但不會儲存紀錄和金幣
658,T1737,7.8,E,首頁,孩子,1,ARCADE · 做完練習，休息一會,遊戲街機 · 做完練習，休息一會
659,T1744,7.8,E,首頁,孩子,1,Admin 測試票，免扣幣,測試票，不扣金幣
660,T1752,7.8,E,首頁,孩子,1,每張票 ${db.settings.gameMinutes} 分鐘 · 重試不再收星,每張票 ${db.settings.gameMinutes} 分鐘 · 重玩不再扣金幣
661,T1759,7.8,E,課堂中,孩子,1,Admin 測試免扣幣,測試，不扣金幣
662,T1765,7.8,E,課堂中,孩子,1,金幣未夠，先做練習,金幣不夠，先做練習
663,T1804,7.8,E,課堂中,孩子,1,再挑戰 · 不扣幣,再挑戰 · 不扣金幣
664,T2074,7.8,E,首頁,孩子,1,WORDQUEST · 學一小段，玩一會,WordQuest · 學一小段，玩一會
665,T2075,7.8,E,首頁,孩子,1,你的遊戲小天地,你的遊戲街機
666,T2076,7.8,E,首頁,孩子,1,用金幣換時間。重試、換遊戲，都不會再扣幣。,用金幣換時間。重玩或換遊戲，都不會再扣金幣。
667,T2081,7.8,E,首頁,孩子,1,Admin 免費測試，不改正常存檔,測試模式：免費，不影響正常存檔
668,T2082,7.8,E,首頁,孩子,1,5 星 / 90 秒 · 10 星 / 3 分鐘,5 金幣 / 90 秒 · 10 金幣 / 3 分鐘
669,T2086,7.8,E,首頁,孩子,1,繼續遊玩,繼續遊戲
670,T2088,7.8,E,首頁,孩子,1, 星, 枚金幣
671,T2094,7.8,E,首頁,孩子,1,${p.cost} 幣 / ${p.seconds===90?'90 秒':'3 分鐘'},${p.cost} 金幣 / ${p.seconds===90?'90 秒':'3 分鐘'}
672,T2136,7.8,E,課堂中,孩子,1,前往遊戲大廳,前往遊戲街機
673,T2137,7.8,E,課堂中,孩子,1,ADMIN · 獨立測試,測試模式
674,T2138,7.8,E,課堂中,孩子,1,遊戲小天地,遊戲街機
675,T2141,7.8,E,課堂中,孩子,1,保存並返回大廳,儲存並返回遊戲街機
676,T2145,7.8,E,課堂中,孩子,1, · 不扣幣, · 不扣金幣
677,T2146,7.8,E,課堂中,孩子,1,${q.cost} 幣 · ${q.ms/1000} 秒,${q.cost} 金幣 · ${q.ms/1000} 秒
678,T2151,7.8,E,課堂中,孩子,1,解鎖及存檔不會因為花星而失去。查看玩法不扣幣。,用金幣不會失去解鎖和存檔。看玩法不扣金幣。
679,T2166,7.8,E,課堂中,孩子,1,可繼續挑戰，或保存進度返回大廳。,可以繼續挑戰，或儲存進度，回到遊戲街機。
680,T2168,7.8,E,課堂中,孩子,1,重新挑戰 · 不扣幣,重新挑戰 · 不扣金幣
681,T2171,7.8,E,課堂中,孩子,1,已保存目前關卡，下次可以接着玩。不會自動扣幣續玩。,已儲存目前關卡，下次可以接着玩。不會自動扣金幣續玩。
682,T2174,7.8,E,課堂中,孩子,1,返回大廳,返回遊戲街機
683,T2175,7.8,E,課堂中,孩子,1,Admin 測試不扣幣，亦不改孩子的棋盤,測試模式不扣金幣，也不會改動孩子的遊戲進度。
684,T2176,7.8,E,課堂中,孩子,1,餘下 ${pgTime(left)} · 已付款，不再扣幣,還剩 ${pgTime(left)} · 已換好，不再扣金幣
685,T2378,7.8,E,課堂中,孩子,1,3格生命 · 三段送信1500米,3 格生命 · 三段送信 1500 米
686,T2379,7.8,E,課堂中,孩子,1,3格生命 · 三座雲島及安全旗幟,3 格生命 · 三座雲島及安全旗幟
687,T2380,7.8,E,課堂中,孩子,1,3格生命 · 三區編隊與守關,3 格生命 · 三區編隊與守關
688,T2381,7.8,E,課堂中,孩子,1,3格生命 · 深入60層,3 格生命 · 深入 60 層
689,T2392,7.8,E,課堂中,孩子,1,3 次試行機會 · 完成 3 次運送,3 格生命 · 完成 3 次運送
690,T2393,7.8,E,課堂中,孩子,1,3 次挑戰機會 · 過關不再扣幣,3 格生命 · 過關不再扣金幣
691,T2398,7.8,E,首頁,孩子,1,學習街機館,遊戲街機
692,T2402,7.8,E,首頁,孩子,1,森林冒險封面插畫；真實玩法請查看街機預覽,森林冒險封面圖。真實玩法請看遊戲預覽。
693,T2403,7.8,E,首頁,孩子,1,原有21款＋5款新街機 · 全部可預覽,原有 21 款，加 5 款新遊戲 · 全部可預覽
694,T2409,7.8,E,首頁,孩子,1,已開放街機,已開放遊戲
695,T2411,7.8,E,首頁,孩子,1,/ 5 幣,/ 5 金幣
696,T2418,7.8,E,首頁,孩子,1,取消未玩局 · 退 1 幣,取消未玩的一局 · 退回 1 枚金幣
697,T2427,7.8,E,首頁,孩子,1,不設遊玩倒數 · 不自動續幣,沒有倒數計時 · 不會自動再投幣
698,T2428,7.8,E,首頁,孩子,1,街機分類,遊戲分類
699,T2432,7.8,E,首頁,孩子,1,${a28Coin()} 投 1 幣 · 看玩法,${a28Coin()} 投 1 枚金幣 · 看玩法
700,T2461,7.8,E,課堂中,孩子,1,已保存投幣，請由大堂繼續：,已儲存投幣，請從遊戲街機繼續：
701,T2470,7.8,E,課堂中,孩子,1,蜜糖偏離杯子，失去一次機會。,蜜糖沒有落進杯子，失去 1 格生命。
702,T2474,7.8,E,課堂中,孩子,1,三次機會已用完。可以回大堂，或投下一幣再挑戰。,生命用完了。可以回到遊戲街機，或再投 1 枚金幣挑戰。
703,T2477,7.8,E,課堂中,孩子,1,${l} 次生命／機會,${l} 格生命
704,T2510,7.8,E,課堂中,孩子,1,重開本關會用去一次機會。繼續？,重開本關會用掉 1 格生命。要繼續嗎？
705,T2511,7.8,E,課堂中,孩子,1,已重開本關，使用一次機會。,已重開本關，用了 1 格生命。
706,T2567,7.8,E,首頁,孩子,1,WORDQUEST ARCADE · 26 款遊戲,遊戲街機 · 26 款遊戲
707,T2569,7.8,E,首頁,孩子,1,Admin 已登入。全部開放模式可免費試玩；切換正常規則，可測試金幣與解鎖。,已用測試帳戶登入。「全部開放」可以免費試玩。切換成正常規則，可測試金幣和解鎖。
708,T2649,7.8,E,首頁,孩子,1,登入後可以保存進度和金幣。未登入仍可查看單元及圖片。,登入後可以儲存進度和金幣。未登入仍可看單元和圖片。
709,T2803,7.8,E,課堂中,孩子,1,這次是獨立串對。,這次是自己串對。
710,T2823,7.8,E,課堂中,孩子,1,題號和草稿會保存。手機 Enter 不會在選字途中提交。,題號和草稿會儲存。用輸入法選字時，按 Enter 不會提交。
711,T2947,7.8,E,首頁,孩子,1,街機,遊戲
712,T2958,7.8,E,首頁,孩子,1,V30 學習測試入口,學習測試入口
713,T3003,7.8,E,首頁,孩子,1,用你識嘅字，砌出新的詞語。,用你認識的字，砌出新的詞語。
714,T3076,7.8,E,課堂中,孩子,1,會保存本局字塊與草稿。,會儲存這一局的字塊和草稿。
715,T3159,7.8,E,課堂中,孩子,1,訪客紀錄不保存。,訪客紀錄不會儲存。
716,T3166,7.8,E,首頁,孩子,1,阿峰與糖栗老師，一起探索街機,阿峰與糖栗老師，一起探索遊戲街機
717,T3196,7.8,E,課堂中,孩子,1, · 街機學伴, · 遊戲學伴
718,T3199,7.8,E,課堂中,孩子,1,我在旁邊陪你，專心操作就得。,我在旁邊陪你，專心操作就好。
719,T3202,7.8,E,課堂中,孩子,1,還有機會。想好方法再試。,還有生命。想好方法再試。
720,T3248,7.8,E,首頁,孩子,1,V32＋數學 0.1.2 · 整合 R1,英文與數學
721,T3255,7.8,E,首頁,孩子,1,數學學習主頁,數學學習首頁
722,T3261,7.8,E,首頁,孩子,1,街機音效,遊戲音效
723,T3262,7.8,E,首頁,孩子,1,街機音效音量,遊戲音效音量
724,T3263,7.8,E,首頁,孩子,1,新街機配樂,新遊戲配樂
725,T3264,7.8,E,首頁,孩子,1,新街機配樂音量,新遊戲配樂音量
726,T3501,7.8,E,首頁,孩子,1,${left} 粒星,${left} 顆星
727,T3528,7.8,E,課堂中,孩子,1,離開,返回
728,T3530,7.8,E,課堂中,孩子,1,還原,縮小
729,T3536,7.8,E,課堂中,孩子,1,角的張開及半圓量角器；0度基線向右,角的張開和半圓量角器；0 度基線向右
730,T3604,7.8,E,課堂中,孩子,1,一層 ${t.sx*t.sy} 粒，共 ${t.sz} 層，合共 ${t.sx*t.sy*t.sz} 粒單位立方體。,一層有 ${t.sx*t.sy} 個，共 ${t.sz} 層，合共 ${t.sx*t.sy*t.sz} 個單位立方體。
731,T4171,7.8,E,首頁,孩子,1,新街機 · R2,新遊戲
732,T1176,7.5,A,家長頁,家長,1,先裁走姓名、校名等個人資料。OCR 需要網絡下載辨認元件；圖片在瀏覽器內處理。辨認結果一定要由家長核對；如果辨認不到，也可以直接貼上或輸入文字。,先裁走姓名、校名等個人資料。第一次辨認要連網下載辨認程式。相片只在這部裝置上處理。辨認結果要由家長核對。辨認不到的話，可以直接貼上或輸入文字。
733,T1193,7.5,A,家長頁,家長,1,目前離線，辨認元件未準備好。請先貼上文字，或連線後再辨認。,目前沒有網絡，相片辨認還未準備好。請先貼上文字，或連線後再辨認。
734,T1221,7.5,A,家長頁,家長,1,"練習需要先登入；先參觀不會儲存答題紀錄、金幣或設定。${link('登入／建立帳戶','login','soft')}","練習要先登入。只是參觀的話，不會儲存答題紀錄、金幣或設定。${link('登入／建立帳戶','login','soft')}"
735,T1235,7.5,A,家長頁,家長,1,🇬🇧 僅使用 en-GB,🇬🇧 只用英式發音
736,T1236,7.5,A,家長頁,家長,1,優先播放已存英式音檔；未準備音檔時才用裝置英式聲線。離線時只選本機英式聲線，播不到可跳過、不計錯。請到「離線教材」準備音檔。,會先播放已存的英式音檔。沒有音檔時，才用裝置的英式聲音。沒有網絡時只用裝置內的英式聲音。播不到的題目可以跳過，不計錯。請到「離線教材」準備音檔。
737,T1239,7.5,A,家長頁,家長,1,資料只存在這個瀏覽器，不會跨裝置同步。更換檔案或裝置前，請先匯出備份。,資料只存在這個瀏覽器，不會自動傳到其他裝置。換裝置或換檔案前，請先匯出備份。
738,T1346,7.5,A,家長頁,家長,1,還原會取代目前帳戶的教材及紀錄。繼續前，會保留一份本機回復備份。,還原會取代目前帳戶的教材和紀錄。繼續前，會先在這部裝置保留一份備份，之後可以取消這次還原。
739,T1459,7.5,A,家長頁,家長,1,相片只在這個裝置處理，會縮圖並移除檔案的原始中繼資料。,相片只在這部裝置上處理。會縮小圖片，並移除相片裏的拍攝資料（例如位置）。
740,T1555,7.5,A,家長頁,家長,1,內置 ${Object.keys(MEDIA_CATALOG).length} 個固定配圖項目；字形已轉成 PNG，不會下載外部字型。蘋果、書、鞋使用 OpenMoji 插圖；其餘是 Noto Emoji 圖示。這些圖示不代表已涵蓋所有英文詞義。,內置 ${Object.keys(MEDIA_CATALOG).length} 張固定配圖。圖案已轉成 PNG，不會下載外部字型。蘋果、書、鞋用 OpenMoji 插圖，其餘用 Noto Emoji 圖示。這些圖示不能涵蓋所有英文詞的意思。
741,T1628,7.5,A,家長頁,家長,1,上述讀音按鈕播放整個字，不代表已驗證聽力。家族練習的串字題仍提供中文意思。,上面的讀音按鈕會播放整個字。這不是聽力測驗。串字題仍會顯示中文意思。
742,T1726,7.5,A,家長頁,家長,1,訪客紀錄只留在本次頁面；登入紀錄仍存於本機帳戶，不是雲端同步。,訪客紀錄只留在這次打開的頁面。登入後的紀錄存在這部裝置，不會上載到雲端。
743,T1890,7.5,A,家長頁,家長,1,清單中的短字也會保留；相同拼法和詞組都由你核對。,清單裏的短字也會保留。拼法相同的字和詞組，由你核對。
744,T1941,7.5,A,家長頁,家長,1,辨認引擎分數：${Math.round(c.confidenceRaw)}，只供排序核對，並不是正確率。即使沒有提示，也可能有認錯或漏字。,辨認分數：${Math.round(c.confidenceRaw)}。分數只用來排次序，方便核對，不是正確率。即使沒有提示，也可能認錯或漏字。
745,T1999,7.5,A,家長頁,家長,1,大幅透視變形或反光，請平放紙張再拍；這裏只作框選及旋轉，不會補回看不見的字。,相片歪得很厲害或有反光，請把紙平放再拍。這裏只能框選和旋轉，補不回看不見的字。
746,T2027,7.5,A,家長頁,家長,1,範圍的右及下邊界要大於左及上邊界。,框選範圍的右邊要在左邊的右方，下邊要在上邊的下方。
747,T2128,7.5,A,家長頁,家長,1,未有新制複習紀錄。舊有成績沒有刪除，但不會當成已完成延後回想。,未有新的複習紀錄。舊成績沒有刪除，但不會算作已通過複習。
748,T2133,7.5,A,家長頁,家長,1,遊戲棋盤、時間及解鎖會隨原有「設定／備份」匯出；圖片和英式音檔仍使用原有教材包。,遊戲進度、時間和解鎖，會跟着原有的「設定／備份」一起匯出。圖片和英式音檔，仍用原有的教材包。
749,T2265,7.5,A,家長頁,家長,1,舊帳戶的 PIN 可以繼續登入，但四位數容易被猜中。請在這裏改為 8–128 字的密碼，不要與其他網站共用。,舊帳戶的 PIN 仍可登入，但四位數很容易被猜中。請在這裏改成 8 至 128 個字的密碼，不要和其他網站用同一個。
750,T2314,7.5,A,家長頁,家長,1,學習判定與指定範圍,學習紀錄規則與指定範圍
751,T2315,7.5,A,家長頁,家長,1,先分清看過答案、獨立答對和隔日複習，才計入遊戲解鎖。,遊戲解鎖只計算「自己答對」和「隔日複習答對」，看過答案後答對不計。
752,T2318,7.5,A,家長頁,家長,1,寬鬆練習：提示大小寫，不算嚴格掌握,寬鬆練習：大小寫錯了會提示，不算嚴格掌握
753,T2324,7.5,A,家長頁,家長,1,作答證據分開看,作答紀錄分開看
754,T2884,7.5,A,家長頁,家長,1,看過、辨認、獨立串對、隔日仍串對，是不同的證據。,看過、認得、自己串對、隔日仍串對，是四種不同的紀錄。
755,T2895,7.5,A,家長頁,家長,1,有 ${m.weak} 個義項最近答錯。可以分次重溫，不必重做所有題目。,有 ${m.weak} 個意思最近答錯。可以分幾次重溫，不用重做所有題目。
756,T2907,7.5,A,家長頁,家長,1,判定,結果
757,T2922,7.5,A,家長頁,家長,1,較低年級先用 2–3 個詞；可以分幾次完成。這只是產品預設，不代替個別程度評估。,低年級先用 2 至 3 個詞，可以分幾次完成。這只是預設值，不能代替對孩子程度的評估。
758,T2985,7.5,A,家長頁,家長,1,以下是原有紀錄，不會自動換成新教室的掌握證據。,以下是原有的紀錄，不會自動當作新拼字教室的掌握紀錄。
759,T3090,7.5,A,家長頁,家長,1,分清會砌字、理解意思、獨立串寫及隔日重溫。此頁是家長閱讀，不改孩子答案曝光。,分開看：會砌字、明白意思、自己串對、隔日複習。這個頁面只供家長閱讀，不會改動孩子的紀錄。
760,T3100,7.5,A,家長頁,家長,1,最高已有證據,目前最高的紀錄
761,T3117,7.5,A,家長頁,家長,1,既有學校／教室報告仍保留；同一個英文的遊戲解鎖採共用去重證據。這不是臨床或標準化能力測驗。,原有的學校／教室報告仍保留。同一個英文詞，在遊戲解鎖時只計一次。這不是臨床或標準化的能力測驗。
762,T3173,7.5,A,家長頁,家長,1,短暫進場動效（不是逐格角色動畫）,角色出場時有簡單的動畫效果（不是完整動畫）
763,T3268,7.5,A,家長頁,家長,1,舊遊戲沿用原本紀錄識別碼；五款新遊戲獨立記分，不把舊分數換算成新成績。,舊遊戲繼續用原本的紀錄。五款新遊戲另外記分，不會把舊分數換算成新成績。
764,T3271,7.5,A,家長頁,家長,1,這是本機紀錄，不會從其他瀏覽器自動搬入。V33 原件未取回，未知 V33 存檔格式不會猜測轉換。,這些紀錄只存在這個瀏覽器，不會從其他瀏覽器自動帶過來。找不到舊版 V33 的原檔，所以不會猜測它的存檔格式，也不會轉換。
765,T3322,7.5,A,家長頁,家長,1,"今天全站已用 ${Math.ceil(F3.usageTotal(set,c.id)/60000)}／${set.limitMinutes} 分鐘。跨科計時由R3啟用起記錄，不回填舊版的未知時段。","今天英文、數學和遊戲一共用了 ${Math.ceil(F3.usageTotal(set,c.id)/60000)}／${set.limitMinutes} 分鐘。計時從啟用這項功能時開始，更早的時間沒有紀錄，不會補上。"
766,T3337,7.5,A,家長頁,家長,1,奧數建議分鐘（0即不安排）,奧數建議分鐘（填 0 就不安排）
767,T3342,7.5,A,家長頁,家長,1,裝置聲線（離線可用性按裝置）,裝置的聲音（沒有網絡時能否使用，視乎裝置）
768,T3344,7.5,A,家長頁,家長,1,同網站服務路徑,語音服務的路徑（同一個網站內）
769,T3360,7.5,A,家長頁,家長,1,保留每科的獨立進度，用同一個每日時間安排。,每一科的進度分開，共用同一個每日時間安排。
770,T3282,7.5,AD,家長頁,家長,2,資料處理尚未完成，暫停其他寫入,資料還在處理，暫時不能儲存其他東西。請稍後再試。
771,T3630,7.4,D,課堂中,兩者,2,算式未完成,算式還沒寫完，請補完整。
772,T0542,7.3,D,課堂中,孩子,1,這一局不能開始,這一局開不了，請重試或回到遊戲街機。
773,T0544,7.3,D,課堂中,孩子,1,找不到原投幣紀錄,找不到這一局的投幣紀錄，不能取消。
774,T2155,7.3,D,課堂中,孩子,1,尚有遊戲進度未能儲存；請先處理儲存問題。,有遊戲進度未能儲存。請家長檢查瀏覽器的儲存設定。
775,T2160,7.3,D,課堂中,孩子,1,未能儲存，這次沒有扣幣。,儲存失敗，沒有扣金幣。請再試一次。
776,T2460,7.3,D,課堂中,孩子,1,未能儲存；未開始這一局，也沒有扣幣。,儲存失敗，這一局沒有開始，也沒有扣金幣。請再試一次。
777,T2517,7.3,D,課堂中,孩子,1,未能儲存，未開始新生命。,儲存失敗，沒有使用新的生命。請再試一次。
778,T2519,7.3,D,課堂中,孩子,1,未能儲存，未有退幣。,儲存失敗，金幣沒有退回。請再試一次。
779,T3192,7.3,D,課堂中,孩子,1,語音未能播完，不影響教材或成績。,語音沒有播完，不影響教材和成績。可以再按一次，或看文字。
780,T0747,7.2,A,課堂中,孩子,2,物件格式,格式不對
781,T0750,7.2,A,課堂中,孩子,2,文字格式,文字格式不對
782,T0751,7.2,A,課堂中,孩子,2,識別碼,編號
783,T0752,7.2,A,課堂中,孩子,2,整數範圍,數字超出範圍
784,T0753,7.2,A,課堂中,孩子,2,布林值,是／否的設定
785,T0770,7.2,A,課堂中,孩子,2,曝光容量,見過的詞語紀錄已滿
786,T0794,7.2,A,課堂中,孩子,2,重複字塊,字塊重複了
787,T1526,7.0,BDE,家長頁,家長,1,素材不完整或已被更改。,圖片或音檔不完整，或被改動過。
788,T3442,7.0,ADE,少見,家長,1,復原日誌已損壞,備用紀錄已損壞。請用家庭備份還原。
789,T0893,6.9,E,首頁,兩者,1,先睇清楚題目，再諗下一步。,先看清楚題目，再想下一步。
790,T0906,6.9,E,首頁,兩者,1,先觀察，再試下唔同方法。,先觀察，再試試不同的方法。
791,T0917,6.9,E,首頁,兩者,1,唔使急，試下一小步先。,不用急，先試一小步。
792,T0926,6.9,E,首頁,兩者,1,一步一步，完成眼前嘅任務。,一步一步，完成眼前的任務。
793,T0936,6.9,E,首頁,兩者,1,諗多個方法，再試一試。,多想幾個方法，再試一試。
794,T0945,6.9,E,首頁,兩者,1,動手試下，留意有咩改變。,動手試試，看看有甚麼改變。
795,T1206,6.9,E,首頁,家長,2,已加入試玩範圍；離開後不會保存。,已加入試玩範圍；離開後不會儲存。
796,T1248,6.9,E,首頁,兩者,1,金幣四圍走，見到就快手撳！,金幣到處跑，見到就快點按！
797,T1252,6.9,E,首頁,兩者,1,睇清目標，爆中正確泡泡。,看清目標，爆開正確的泡泡。
798,T1256,6.9,E,首頁,兩者,1,記住顏色次序，再跟住撳。,記住顏色次序，再照着按。
799,T1351,6.9,E,首頁,兩者,1,目前英式聲線：${v.name} (${v.lang}),目前英式聲音：${v.name} (${v.lang})
800,T1822,6.9,E,首頁,兩者,1,挑戰區 · 遊戲票紀錄,遊戲街機 · 遊戲票紀錄
801,T1823,6.9,E,首頁,兩者,1,遊戲成績不計入英文能力。每張票只扣一次星，暫停不計時。,遊戲成績不會算進英文能力。每張票只扣一次金幣，暫停時不計時。
802,T1826,6.9,E,首頁,兩者,1,測試免扣幣,測試，不扣金幣
803,T2068,6.9,E,首頁,兩者,1,WordQuest 學生首頁,WordQuest 孩子首頁
804,T2069,6.9,E,首頁,兩者,1,Admin 測試中：功能全開；遊戲免費。紀錄只屬本機測試，不是朋友的成績。,測試模式：所有功能已開放，遊戲免費。紀錄只在這部裝置，不是朋友的成績。
805,T2106,6.9,E,首頁,兩者,1,"本機保存，沒有雲端同步。${link('家長遊戲設定','game-settings','quiet')} ${link('返回學習','kid','quiet')}","只存在這部裝置，不會上載到雲端。${link('家長遊戲設定','game-settings','quiet')} ${link('返回學習','kid','quiet')}"
806,T2192,6.9,E,首頁,兩者,1,射擊遊戲已停用；可在大廳轉移未用時間。,射擊遊戲已停用。可以在遊戲街機轉移未用的時間。
807,T2198,6.9,E,首頁,兩者,1,開啟遊戲大廳,進入遊戲街機
808,T2269,6.9,E,首頁,兩者,1,帳戶名稱用 3–40 字，不可使用 Admin。,帳戶名稱要有 3 至 40 個字，不能用 Admin。
809,T2453,6.9,E,首頁,兩者,1,${a28Coin()} 確認投 1 幣開始,${a28Coin()} 確認投 1 枚金幣，開始
810,T2482,6.9,E,首頁,兩者,1,前往街機大堂,前往遊戲街機
811,T2485,6.9,E,首頁,兩者,1,WORDQUEST ARCADE · 已投 1 幣,遊戲街機 · 已投 1 枚金幣
812,T2489,6.9,E,首頁,兩者,1,保存並返回,儲存並返回
813,T2497,6.9,E,首頁,兩者,1,尚有 ${r.lives} 次機會,還有 ${r.lives} 格生命
814,T2499,6.9,E,首頁,兩者,1,再試一次 · 不扣幣,再試一次 · 不扣金幣
815,T2502,6.9,E,首頁,兩者,1,再投 1 幣,再投 1 枚金幣
816,T2506,6.9,E,首頁,兩者,1,返回大堂,返回遊戲街機
817,T2508,6.9,E,首頁,兩者,1,這輪已投 ${a28Child().batch.used}/5 幣；不會自動續幣。,這輪已投 ${a28Child().batch.used}/5 枚金幣，不會自動再投。
818,T2509,6.9,E,首頁,兩者,1,重開本關（用一次機會）,重開本關（用 1 格生命）
819,T2522,6.9,E,首頁,兩者,1,學習成果與金幣分開記錄；答錯不扣幣。,學習成果和金幣分開記錄。答錯不會扣金幣。
820,T2524,6.9,E,首頁,兩者,1,今日透過有效任務取得 ${d.earned}/5 幣。${a28LastAward?.owner===a28Own()&&a28LastAward.sessionId===db.session?.id&&a28LastAward.award?`這次 +${a28LastAward.award} 幣。`:''},今天完成學習，已得 ${d.earned}/5 枚金幣。${a28LastAward?.owner===a28Own()&&a28LastAward.sessionId===db.session?.id&&a28LastAward.award?`這次 +${a28LastAward.award} 幣。`:''}
821,T2525,6.9,E,首頁,兩者,1,這次 +${a28LastAward.award} 幣。,這次得 ${a28LastAward.award} 枚金幣。
822,T2529,6.9,E,首頁,兩者,1,看看街機與下一個目標,看看遊戲和下一個目標
823,T2531,6.9,E,首頁,兩者,1,金幣與街機設定,金幣與遊戲設定
824,T2533,6.9,E,首頁,兩者,1,街機狀態,遊戲狀態
825,T2541,6.9,E,首頁,兩者,1,返回街機大堂,返回遊戲街機
826,T2545,6.9,E,首頁,兩者,1,可用 ${activeChild().stars} 幣 · 本輪 ${c.batch.used}/5 · 今日 ${d.earned}/5。金幣不逾期。,可用 ${activeChild().stars} 金幣 · 本輪 ${c.batch.used}/5 · 今日 ${d.earned}/5。金幣不會過期。
827,T2547,6.9,E,首頁,兩者,1,${e.amount>0?'+':''}${e.amount} 幣,${e.amount>0?'+':''}${e.amount} 金幣
828,T2554,6.9,E,首頁,兩者,1,前往新版街機大堂,前往遊戲街機
829,T2558,6.9,E,首頁,兩者,1,新版金幣街機,遊戲街機
830,T2560,6.9,E,首頁,兩者,1,管理金幣與街機,管理金幣與遊戲
831,T2566,6.9,E,首頁,家長,2,管理員測試登入,測試帳戶登入
832,T2577,6.9,E,首頁,兩者,1,開啟遊戲街機,進入遊戲街機
833,T2586,6.9,E,首頁,兩者,1,登入 Admin 測試中心,登入測試中心
834,T2587,6.9,E,首頁,兩者,1,先看遊戲大堂,先看遊戲街機
835,T2595,6.9,E,首頁,兩者,1,正常規則 · 測試錢包,正常規則 · 測試金幣
836,T2597,6.9,E,首頁,兩者,1,測試扣幣、解鎖與五局上限,測試扣金幣、解鎖和五局上限
837,T2603,6.9,E,首頁,兩者,1,增加 20 個測試金幣,增加 20 枚測試金幣
838,T2608,6.9,E,首頁,兩者,1,確認投 1 幣開始,確認投 1 枚金幣，開始
839,T2633,6.9,E,首頁,兩者,1,V29 街機版,遊戲街機
840,T2639,6.9,E,首頁,兩者,1,Admin 全部開放：不扣金幣，不受五局上限限制。,測試模式（全部開放）：不扣金幣，也沒有五局上限。
841,T2641,6.9,E,首頁,兩者,1,先保存目前進度，再切換測試環境。,先儲存目前的進度，再切換測試環境。
842,T2645,6.9,E,首頁,兩者,1,只增加了測試帳戶的 20 個金幣。,只增加了測試帳戶的 20 枚金幣。
843,T2652,6.9,E,課堂中,兩者,1,家長確認已到期，請重新確認。,家長確認已過期，請重新確認。
844,T2674,6.9,E,首頁,兩者,1,WORDQUEST · 學一點，進步一點,WordQuest · 學一點，進步一點
845,T2705,6.9,E,首頁,兩者,1,26 款非暴力遊戲 · 每局 1 金幣。未解鎖的也可以看預覽。,26 款非暴力遊戲 · 每局 1 枚金幣。沒解鎖的，也可以看預覽。
846,T3138,6.9,E,首頁,兩者,1,V31 組合工房測試,組合工房測試
847,T3143,6.9,E,首頁,兩者,1,V31 組合學習版,組合學習版
848,T3216,6.9,E,首頁,兩者,1,R3.1 · 獨立測試,測試專用
849,T3217,6.9,E,首頁,兩者,1,R3.4 · 森林學園,森林學園
850,T3220,6.9,E,首頁,兩者,1,這是真實玩法預覽，未開始不扣幣。看清楚按鍵再選擇。,這是真實玩法預覽，還沒開始，不會扣金幣。看清楚按鍵再選擇。
851,T3273,6.9,E,首頁,兩者,1,R2 獨立測試,測試專用
852,T3274,6.9,E,首頁,兩者,1,英文＋數學＋街機 R2,英文、數學和遊戲
853,T3373,6.9,E,首頁,家長,2,復原完成。,還原完成。
854,T3414,6.9,E,首頁,兩者,1,離線照片辨識,離線相片辨認
855,T3516,6.9,E,首頁,兩者,1,用手指左右拖動兔仔。,用手指左右拖動小兔。
856,T3641,6.9,E,課堂中,兩者,1,等於幾多？,等於多少？
857,T3790,6.9,E,課堂中,兩者,1,學習主頁,學習首頁
858,T3798,6.9,E,課堂中,兩者,1,切換學員,切換孩子
859,T3855,6.9,E,課堂中,兩者,1,10題原創模擬卷,10 題原創模擬卷
860,T4030,6.9,E,課堂中,兩者,1,訪客模式沒有派金幣；建立學習檔案後才會保存。,訪客模式沒有金幣。建立學習檔案後，才會儲存。
861,T4041,6.9,E,課堂中,兩者,1,返回學習主頁,返回學習首頁
862,T4072,6.9,E,課堂中,兩者,1,讀題聲線（需裝置支援）,讀題聲音（需裝置支援）
863,T4086,6.9,E,課堂中,兩者,1,搬入舊學員紀錄,轉入舊數學紀錄
864,T4096,6.9,E,課堂中,兩者,1,選擇學員,選擇孩子
865,T4114,6.9,E,課堂中,兩者,1,WordQuest Maths R3 · 保留0.1.2舊紀錄相容,WordQuest 數學 · 相容舊版 0.1.2 的紀錄
866,T4124,6.9,E,課堂中,兩者,1,裝置沒有可用的${lang==='yue-HK'?'粵語':lang==='en-GB'?'英式英文':'普通話'}聲線。文字仍可使用；本版沒有內置真人錄音。,這部裝置沒有可用的${lang==='yue-HK'?'粵語':lang==='en-GB'?'英式英文':'普通話'}聲音。文字仍可使用。這個版本沒有內置真人錄音。
867,T4129,6.9,E,課堂中,兩者,1,核對舊學員 → 目前孩子,核對舊紀錄 → 目前孩子
868,T4130,6.9,E,課堂中,兩者,1,來源：${esc(p.profile.name)}，小${p.profile.grade}，${p.state.attempts.length}次作答。,來源：${esc(p.profile.name)}，小${p.profile.grade}，${p.state.attempts.length} 次作答。
869,T4131,6.9,E,課堂中,兩者,1,目標：${esc(store.profile.name)}，小${store.profile.grade}，已有${store.state.attempts.length}次作答。,目標：${esc(store.profile.name)}，小${store.profile.grade}，已有 ${store.state.attempts.length} 次作答。
870,T4156,6.9,E,課堂中,兩者,1, 金幣。, 枚金幣。
871,T4158,6.9,E,課堂中,兩者,1,只清除目前孩子的數學進度？英文內容及英文錢包不變。,只清除目前孩子的數學進度？英文內容和英文部分的金幣都不變。
872,T4172,6.9,E,首頁,兩者,1,WordQuest R3.4 · 街機手感與手機玩法,WordQuest · 手機玩法與遊戲手感
873,T4173,6.9,E,首頁,兩者,1,V13 功能預覽,功能預覽
874,T1951,6.5,CD,家長頁,家長,1,請保留可用的英文、撇號或連字符；每項最多 240 字。,請只輸入英文字母、撇號和連字號。每項最多 240 個字元。
875,T2236,6.5,AE,少見,家長,1,首次搬移會取代目前的示範教材，並保留備份內的金幣及遊戲紀錄。此本機帳戶只可執行一次。繼續？,第一次轉移，會取代現在的示範教材，並帶入備份裏的金幣和遊戲紀錄。這個帳戶只能轉移一次。要繼續嗎？
876,T2260,6.5,AD,家長頁,家長,1,家長授權已失效。,家長確認已過期。請重新確認。
877,T2332,6.5,AE,少見,家長,1,正常還原會保留目前金幣及遊玩用時。若原資料損壞，會先檢查這部裝置的獨立錢包保障紀錄，再恢復教材。,一般還原會保留現在的金幣和遊戲用時。如果原有資料損壞，會先檢查這部裝置上的金幣備用紀錄，再還原教材。
878,T3621,6.4,D,課堂中,兩者,1,分母不可為零,分母不可以是 0，請重新輸入。
879,T3627,6.4,D,課堂中,兩者,1,算式有不支援的符號,算式有不能使用的符號，請刪除後再試。
880,T3721,6.4,D,課堂中,兩者,1,每日任務已達上限,今天的任務已達上限，明天再來。
881,T4160,6.4,D,課堂中,兩者,1,未能連接英文帳戶；沒有建立另一個錢包。,連接不到英文部分的帳戶，也沒有另建金幣紀錄。請回到英文部分，重新整理頁面再試。
882,T3632,6.3,A,課堂中,兩者,2,floor 格式,floor（取整數部分）的寫法不對
883,T3150,6.2,D,家長頁,家長,1,家庭資料處理中，暫時不能更改學伴設定。,家庭資料正在處理，暫時不能更改學伴設定。請稍後再試。
884,T0532,6.2,A,課堂中,孩子,1,學習日期無效,學習日期不正確。
885,T0533,6.2,A,課堂中,孩子,1,學習日期不存在,沒有這個學習日期。
886,T0538,6.2,A,課堂中,孩子,1,請先繼續或結束尚未完成的一局,請先繼續或結束上一局。
887,T0539,6.2,A,課堂中,孩子,1,這次投幣已經處理,這次投幣已經記錄了。
888,T0543,6.2,A,課堂中,孩子,1,只有完全未開始的一局可以取消,只有還沒開始玩的一局，才可以取消。
889,T0555,6.2,A,課堂中,孩子,1,金幣孩子上限,金幣紀錄的孩子人數超過上限。
890,T0559,6.2,A,課堂中,孩子,1,任務日期上限,學習紀錄的日期太多，不能再加。
891,T0561,6.2,A,課堂中,孩子,1,任務重複,同一個學習任務被記了兩次。
892,T0562,6.2,A,課堂中,孩子,1,派幣紀錄矛盾,金幣紀錄前後不一致。請重新開啟頁面。
893,T0564,6.2,A,課堂中,孩子,1,重複交易編號,同一筆金幣紀錄出現了兩次。
894,T0565,6.2,A,課堂中,孩子,1,未知交易,有一筆金幣紀錄來源不明。
895,T0566,6.2,A,課堂中,孩子,1,入場價格必須一幣,每一局只收 1 枚金幣，這筆紀錄不對。
896,T0567,6.2,A,課堂中,孩子,1,退款必須一幣,退回的金幣只可以是 1 個，這筆紀錄不對。
897,T0568,6.2,A,課堂中,孩子,1,任務獎勵無效,學習獎勵的紀錄有誤。
898,T0571,6.2,A,課堂中,孩子,1,最佳紀錄識別碼,最高分紀錄的編號不對。
899,T0572,6.2,A,課堂中,孩子,1,局狀態無效,這一局的資料有誤，不能繼續。
900,T0573,6.2,A,課堂中,孩子,1,局標記無效,這一局的記號有誤，不能繼續。
901,T0574,6.2,A,課堂中,孩子,1,遊戲缺少投幣紀錄,找不到這一局的投幣紀錄。
902,T0575,6.2,A,課堂中,孩子,1,未開始局的狀態矛盾,這一局的狀態前後不一致。
903,T0577,6.2,A,課堂中,孩子,1,已退款局缺少退款紀錄,這一局已退回金幣，但找不到退回的紀錄。
904,T0578,6.2,A,課堂中,孩子,1,已退款局不能保留可玩局面,已退回金幣的一局，不能再繼續玩。
905,T0581,6.2,A,課堂中,孩子,1,局面所屬遊戲不一致,存檔屬於另一款遊戲，不能繼續。
906,T0724,6.2,A,課堂中,孩子,1,街機局面識別碼無效,遊戲存檔的編號不對，不能繼續。
907,T0725,6.2,A,課堂中,孩子,1,街機局面版本或難度無效,遊戲存檔的版本或難度不對，不能繼續。
908,T0726,6.2,A,課堂中,孩子,1,街機局面欄位或大小不符,遊戲存檔不完整，不能繼續。
909,T0727,6.2,A,課堂中,孩子,1,局面資料無效,遊戲存檔有誤，不能繼續。
910,T0728,6.2,A,課堂中,孩子,1,局面不能覆蓋程式,遊戲存檔含有不可用的內容，不能繼續。
911,T0729,6.2,A,課堂中,孩子,1,生命紀錄與實際局面不一致,生命數目前後不一致，不能繼續。
912,T0730,6.2,A,課堂中,孩子,1,已結算的局面不能當作仍在遊玩,這一局已經結束，不能繼續玩。
913,T0731,6.2,A,課堂中,孩子,1,局面與所選遊戲不同,存檔屬於另一款遊戲，不能繼續。
914,T0732,6.2,A,課堂中,孩子,1,局面方法覆蓋,遊戲存檔含有不可用的內容，不能繼續。
915,T0746,6.2,A,課堂中,孩子,1,學習資料：,學習紀錄有問題：
916,T0748,6.2,A,課堂中,孩子,1,不安全欄位,含有不可用的項目
917,T0749,6.2,A,課堂中,孩子,1,清單上限,清單太長
918,T0754,6.2,A,課堂中,孩子,1,未知欄位,有不明的項目
919,T0755,6.2,A,課堂中,孩子,1,重複內容ID,內容編號重複
920,T0761,6.2,A,課堂中,孩子,1,模式不存在,找不到這種練習
921,T0762,6.2,A,課堂中,孩子,1,這組內容不適合此模式，請改選其他玩法。,這組內容不能用這種練習，請改選另一種。
922,T0763,6.2,A,課堂中,孩子,1,詞語不存在,找不到這個詞語
923,T0766,6.2,A,課堂中,孩子,1,已達紀錄容量，請先由家長備份；本題未提交。,紀錄已滿，這題沒有交出。請家長先備份。
924,T0767,6.2,A,課堂中,孩子,1,版本,版本不符
925,T0768,6.2,A,課堂中,孩子,1,孩子容量,孩子人數已滿
926,T0769,6.2,A,課堂中,孩子,1,教材來源,教材來源不明
927,T0771,6.2,A,課堂中,孩子,1,曝光詞不存在,找不到見過的詞語
928,T0772,6.2,A,課堂中,孩子,1,摘要詞不存在,找不到摘要中的詞語
929,T0774,6.2,A,課堂中,孩子,1,重複作答,同一題被答了兩次
930,T0775,6.2,A,課堂中,孩子,1,作答內容,作答內容有誤
931,T0776,6.2,A,課堂中,孩子,1,結果類型,結果類型不對
932,T0777,6.2,A,課堂中,孩子,1,技術失敗不能評分,因為技術問題，這題不計分
933,T0778,6.2,A,課堂中,孩子,1,獨立證據矛盾,「自己答對」的紀錄前後不一致
934,T0779,6.2,A,課堂中,孩子,1,延後證據矛盾,「隔日仍答對」的紀錄前後不一致
935,T0780,6.2,A,課堂中,孩子,1,學習歸屬,這個紀錄不屬於目前的孩子
936,T0781,6.2,A,課堂中,孩子,1,課程模式,練習種類有誤
937,T0782,6.2,A,課堂中,孩子,1,課程狀態,練習狀態有誤
938,T0783,6.2,A,課堂中,孩子,1,完成狀態矛盾,完成狀態前後不一致
939,T0784,6.2,A,課堂中,孩子,1,題目目標,題目的目標詞有誤
940,T0785,6.2,A,課堂中,孩子,1,不適用題型,這個詞不能用這種題型
941,T0786,6.2,A,課堂中,孩子,1,題目答案已更改,題目答案被改動過
942,T0787,6.2,A,課堂中,孩子,1,題目結構已更改,題目結構被改動過
943,T0789,6.2,A,課堂中,孩子,1,多餘選項,答案選項多了
944,T0791,6.2,A,課堂中,孩子,1,時間倒退,時間紀錄不對
945,T0792,6.2,A,課堂中,孩子,1,完成位置,完成位置不對
946,T0793,6.2,A,課堂中,孩子,1,未列出的選項,答案不在選項之中
947,T0795,6.2,A,課堂中,孩子,1,字塊範圍,字塊超出範圍
948,T0796,6.2,A,課堂中,孩子,1,回饋缺作答,找不到這題的作答
949,T0797,6.2,A,課堂中,孩子,1,回饋與作答不符,回饋和作答不一致
950,T0798,6.2,A,課堂中,孩子,1,作答次序或歸屬不符,作答次序不對
951,T0799,6.2,A,課堂中,孩子,1,判分與原答案不符,評分和原答案不一致
952,T0800,6.2,A,課堂中,孩子,1,完成但作答不齊,標示完成，但還有題目沒作答
953,T0801,6.2,A,課堂中,孩子,1,作答位置不符,作答位置不對
954,T0802,6.2,A,課堂中,孩子,1,多個進行中課程,同時有兩組練習進行中
955,T0803,6.2,A,課堂中,孩子,1,作答缺課程,作答找不到所屬練習
956,T0837,6.2,A,課堂中,孩子,1,組合工房：,詞語組合有問題：
957,T0838,6.2,A,課堂中,孩子,1,保留欄位,含有不可用的項目
958,T0839,6.2,A,課堂中,孩子,1,欄位缺少或多出,項目缺少或多了
959,T0840,6.2,A,課堂中,孩子,1,清單容量,清單太長
960,T0842,6.2,A,課堂中,孩子,1,重複或不明詞,有重複或不明的詞語
961,T0843,6.2,A,課堂中,孩子,1,組合與答案不符,組合和答案不一致
962,T0844,6.2,A,課堂中,孩子,1,剪取位置不符,剪取的位置不對
963,T0845,6.2,A,課堂中,孩子,1,完整合成詞被剪短,合成詞被剪短了
964,T0846,6.2,A,課堂中,孩子,1,組別詞表,這組的詞表有誤
965,T0847,6.2,A,課堂中,孩子,1,題目不存在,找不到這條題目
966,T0848,6.2,A,課堂中,孩子,1,組別或玩法不存在,找不到這組或這種玩法
967,T0850,6.2,A,課堂中,孩子,1,紀錄已達容量；請家長先備份,紀錄已滿。請家長先備份。
968,T0851,6.2,A,課堂中,孩子,1,課程編號重複,練習編號重複了
969,T0852,6.2,A,課堂中,孩子,1,指定詞不屬於本組,這個詞不在這一組
970,T0855,6.2,A,課堂中,孩子,1,沒有待訂正答案,沒有要訂正的答案
971,T0858,6.2,A,課堂中,孩子,1,孩子數量,孩子人數太多
972,T0859,6.2,A,課堂中,孩子,1,曝光目標,見過的詞語有誤
973,T0860,6.2,A,課堂中,孩子,1,課程歸屬或重複,練習所屬的孩子不對，或重複了
974,T0861,6.2,A,課堂中,孩子,1,課程資料,練習資料有誤
975,T0862,6.2,A,課堂中,孩子,1,課程步驟,練習步驟有誤
976,T0863,6.2,A,課堂中,孩子,1,題目序列,題目次序有誤
977,T0864,6.2,A,課堂中,孩子,1,重複題目,題目重複了
978,T0865,6.2,A,課堂中,孩子,1,組合目標跳換,組合的目標詞中途改變了
979,T0866,6.2,A,課堂中,孩子,1,狀態與完成時間矛盾,練習狀態和完成時間不一致
980,T0867,6.2,A,課堂中,孩子,1,獎勵與狀態矛盾,獎勵和練習狀態不一致
981,T0868,6.2,A,課堂中,孩子,1,剪取內容無效,剪取的內容有誤
982,T0869,6.2,A,課堂中,孩子,1,非組合題持有字塊,這種題目不應有字塊
983,T0870,6.2,A,課堂中,孩子,1,回饋答案,回饋的答案有誤
984,T0872,6.2,A,課堂中,孩子,1,作答歸屬或重複,作答所屬的練習不對，或重複了
985,T0873,6.2,A,課堂中,孩子,1,作答位置,作答位置不對
986,T0874,6.2,A,課堂中,孩子,1,訂正時間,訂正時間不對
987,T0875,6.2,A,課堂中,孩子,1,原答案與評分不符,原答案和評分不一致
988,T0876,6.2,A,課堂中,孩子,1,獨立證據不符,「自己答對」的紀錄不一致
989,T0877,6.2,A,課堂中,孩子,1,作答在完成之後,完成之後還有作答
990,T0878,6.2,A,課堂中,孩子,1,放棄位置不符,放棄的位置不對
991,T0879,6.2,A,課堂中,孩子,1,答題數不符,答題數量不對
992,T0880,6.2,A,課堂中,孩子,1,作答有空洞,有題目漏了作答
993,T0881,6.2,A,課堂中,孩子,1,回饋與事件矛盾,回饋和作答紀錄不一致
994,T0882,6.2,A,課堂中,孩子,1,未訂正就完成,還沒訂正就標示完成
995,T0884,6.2,A,課堂中,孩子,1,指定組別,指定的組別有誤
996,T2159,6.2,A,課堂中,孩子,1,今日遊玩時間已用完；未用時間保留。,今天的遊戲時間已用完。沒用完的時間會保留。
997,T2653,6.2,A,課堂中,孩子,1,孩子已切換，操作未套用。,已換了孩子，這個操作沒有生效。
998,T3191,6.2,A,課堂中,孩子,1,裝置沒有本機廣東話聲線，請看文字說明。,裝置沒有廣東話聲音，請看文字說明。
999,T3408,6.2,A,課堂中,孩子,1,固定聲線需要使用本機語音啟動器或HTTPS網站,固定的聲音，要用本機語音啟動器或 https 網站。
1000,T3413,6.2,A,課堂中,孩子,1,語音回應大小不合理,語音服務傳回的檔案大小不正常
1001,T1503,6.0,E,首頁,家長,1,備用英式聲線：${v.name}（${v.localService===true?'裝置本機':'需要連線或未確認離線'}）。已存音檔會優先使用。,備用英式聲音：${v.name}（${v.localService===true?'裝置本機':'需要連線或未確認離線'}）。已存音檔會優先使用。
1002,T1506,6.0,E,首頁,家長,1,裝置沒有可用的英式聲線；請先準備音檔。,這部裝置沒有英式聲音。請先準備音檔。
1003,T2270,6.0,E,首頁,家長,1,新家長密碼請使用 8–128 字，不要沿用其他網站密碼。,新家長密碼要有 8 至 128 個字，不要用其他網站的密碼。
1004,T2280,6.0,E,首頁,家長,1,家長密碼（8–128 字）,家長密碼（8 至 128 個字）
1005,T2284,6.0,E,首頁,家長,1,先保存或匯出未儲存進度。,先儲存或匯出還沒儲存的進度。
1006,T2307,6.0,E,首頁,家長,1,資料已恢復；原損壞檔仍保留。,資料已還原。損壞的檔案仍保留。
1007,T2308,6.0,E,首頁,家長,1,學習資料已還原，錢包沒有回退。,學習資料已還原，金幣沒有倒退。
1008,T2490,6.0,E,首頁,家長,1,放大／還原,放大／縮小
1009,T2530,6.0,E,首頁,家長,1,WORDQUEST ARCADE · 家長,遊戲街機 · 家長
1010,T2580,6.0,E,首頁,家長,1,Admin 管理員測試登入,測試帳戶登入
1011,T3311,6.0,E,首頁,家長,1,目前家庭資料及相關復原副本已清除。,目前家庭的資料和備用副本已清除。
1012,T3380,6.0,E,首頁,家長,1,在數學家長頁按「搬入舊學員紀錄」，核對來源與目前孩子。,在數學家長頁按「轉入舊數學紀錄」，核對來源和目前的孩子。
1013,T4063,6.0,E,課堂中,家長,1,沿用英文家長驗證,沿用英文部分的家長確認
1014,T4104,6.0,E,課堂中,家長,1,我是家長／照顧者，同意在這個瀏覽器保存孩子的暱稱、年級和學習資料。,我是家長／照顧者，同意在這個瀏覽器儲存孩子的暱稱、年級和學習資料。
1015,T4146,6.0,E,課堂中,家長,1,永久刪除目前學員的本機數學資料？請先匯出備份。,要永久刪除目前孩子在這部裝置上的數學資料嗎？請先匯出備份。
1016,T3185,5.9,AE,少見,孩子,1,已接入本次新繪六位角色：肖像及五個表情。表情為原海報的小尺寸裁切；未有獨立側面、背面或逐格動作素材。,已加入這次新畫的六位角色：肖像和五個表情。表情是從原海報裁出來的小圖。沒有單獨的側面、背面或逐格動作圖。
1017,T3294,5.8,AB,少見,家長,2,資料交易中斷，復原日誌已保留。請勿清除瀏覽器資料：,資料處理中途停了，備用紀錄已保留。請不要清除瀏覽器的資料：
1018,T3619,5.5,A,課堂中,兩者,1,請輸入數字，不要輸入其他資料,請只輸入數字。
1019,T3631,5.5,A,課堂中,兩者,1,括號未配對,括號沒有配對，請檢查。
1020,T3635,5.5,A,課堂中,兩者,1,條件格式無效,條件的寫法不正確。
1021,T3642,5.5,A,課堂中,兩者,1,題目缺少參數 ,題目缺少數值 
1022,T3645,5.5,A,課堂中,兩者,1,路線無效,題庫的路線設定不正確。
1023,T3646,5.5,A,課堂中,兩者,1,先備技能不存在,題庫要求的前置技能找不到。
1024,T3647,5.5,A,課堂中,兩者,1,先備技能循環,題庫的前置技能互相依賴，形成循環。
1025,T3649,5.5,A,課堂中,兩者,1,題型無效,題型不正確。
1026,T3650,5.5,A,課堂中,兩者,1,技能沒有題目,有技能沒有題目。
1027,T3652,5.5,A,課堂中,兩者,1,參數名稱無效,題目的數值名稱不正確。
1028,T3654,5.5,A,課堂中,兩者,1,參數對照無效,題目的數值對照不正確。
1029,T3669,5.5,A,課堂中,兩者,1,資料層數太多,資料層次太多，備份檔不正確。
1030,T3670,5.5,A,課堂中,兩者,1,資料含不安全欄位,資料裏有不安全的項目，已拒絕。
1031,T3671,5.5,A,課堂中,兩者,1,資料物件無效,備份檔的資料格式不正確。
1032,T3672,5.5,A,課堂中,兩者,1,資料列表無效,備份檔的資料格式不正確。
1033,T3673,5.5,A,課堂中,兩者,1,資料文字無效,備份檔的資料格式不正確。
1034,T3674,5.5,A,課堂中,兩者,1,資料數值無效,備份檔的資料格式不正確。
1035,T3675,5.5,A,課堂中,兩者,1,資料狀態無效,備份檔的資料格式不正確。
1036,T3676,5.5,A,課堂中,兩者,1,作答模式無效,作答方式不正確。
1037,T3677,5.5,A,課堂中,兩者,1,技能路線無效,技能路線不正確。
1038,T3678,5.5,A,課堂中,兩者,1,答案缺少數值,答案缺少數字。
1039,T3679,5.5,A,課堂中,兩者,1,迷思代碼無效,錯誤類型的代碼不正確。
1040,T3686,5.5,A,課堂中,兩者,1,重溫日期無效,重溫日期不正確。
1041,T3687,5.5,A,課堂中,兩者,1,重溫基準無效,重溫的計算基準不正確。
1042,T3688,5.5,A,課堂中,兩者,1,語言設定無效,語言設定不正確。
1043,T3691,5.5,A,課堂中,兩者,1,使用時間日期無效,使用時間的日期不正確。
1044,T3693,5.5,A,課堂中,兩者,1,策略卡不存在,找不到這張策略卡。
1045,T3695,5.5,A,課堂中,兩者,1,獎勵紀錄無效,獎勵紀錄不正確。
1046,T3696,5.5,A,課堂中,兩者,1,獎勵日期或任務不一致,獎勵的日期或任務對不上。
1047,T3698,5.5,A,課堂中,兩者,1,錯題技能無效,錯題的技能不正確。
1048,T3699,5.5,A,課堂中,兩者,1,錯題日期無效,錯題日期不正確。
1049,T3701,5.5,A,課堂中,兩者,1,出題技能無效,出題用的技能不正確。
1050,T3704,5.5,A,課堂中,兩者,1,報錯技能不一致,題目報錯的技能對不上。
1051,T3707,5.5,A,課堂中,兩者,1,操作遊戲無效,操作遊戲不正確。
1052,T3711,5.5,A,課堂中,兩者,1,評分欄位無效,評分資料不正確。
1053,T3713,5.5,A,課堂中,兩者,1,舊題目版本不存在,找不到舊版題目。
1054,T3716,5.5,A,課堂中,兩者,1,題目路線、技能或難度不一致,題目的路線、技能或難度對不上。
1055,T3717,5.5,A,課堂中,兩者,1,題目答案與種子不一致,題目答案和出題資料對不上。
1056,T3719,5.5,A,課堂中,兩者,1,未能產生不同數字的新題，請改練另一個技能。,未能出到數字不同的新題。請改練另一個技能。
1057,T3953,5.5,A,課堂中,兩者,1,先完成列出的先備技能,請先完成列出的基礎技能。
1058,T4128,5.5,A,課堂中,兩者,1,需要支援SHA-256的安全瀏覽器環境,這個瀏覽器不能檢查備份檔。請用 https 網址，或本機啟動器。
1059,T4138,5.5,A,課堂中,兩者,1,試卷層級無效,模擬卷的級別不正確。
1060,T4141,5.5,A,課堂中,兩者,1,這個層級題庫未齊,這個級別的題庫還沒齊全。
1061,T2349,5.5,AD,少見,家長,1,原資料未能讀取，已停止寫入,讀不到原有資料，所以沒有儲存。請先匯出備份。
1062,T3384,5.5,AD,少見,家長,1,全站計時未能儲存，已暫停學習：,時間紀錄儲存失敗，已暫停學習：
1063,T3388,5.5,AD,少見,家長,1,已達家庭設定的全站時限。英文、數學與街機共用同一時限，家長可驗證後調整。,今天的使用時間已用完（家庭設定的上限）。英文、數學和遊戲一起計算。家長確認後可以調整。
1064,T3433,5.5,AD,少見,家長,1,這次開啟尚未成功寫入,這次打開後，還沒有成功儲存過。
1065,T3452,5.5,AD,少見,家長,1,上次家庭交易未完成：,上次有操作沒有完成：
1066,T3461,5.5,AD,少見,家長,1,上次家庭交易未完成，這個功能暫停。,上次有操作沒有完成，這個功能暫時不能用。請先處理未完成的操作。
1067,T2887,5.4,E,家長頁,家長,4,曾獨立串對,曾自己串對
1068,T2289,5.2,AE,少見,家長,2,額外恢復保障已更新。,備用紀錄已更新。
1069,T3743,5.2,BD,少見,兩者,1,原有資料未能讀取；已停止儲存，沒有覆蓋原檔。,讀不到原有資料，所以沒有儲存，原有檔案也沒有改動。請先匯出備份。
1070,T1033,5.0,AB,少見,家長,1,原有資料未能讀取。為免覆蓋，已停止自動儲存；請先保留備份，再到設定還原。,讀不到原有資料，已停止自動儲存，免得蓋掉舊資料。請先保留備份，再到「設定」還原。
1071,T1522,5.0,DE,家長頁,家長,1,不支援的素材。,不支援這種圖片或音檔。
1072,T1525,5.0,DE,家長頁,家長,1,素材總容量過大。,圖片和音檔加起來太大。
1073,T1970,5.0,B,家長頁,家長,1,請最後對照原稿；沒有被辨認出的字，也可以返回補上。,最後請對照原稿。認不出的字，可以返回補上。
1074,T2046,5.0,AB,少見,家長,1,課後小測須先學完；遊戲照常扣測試帳戶的金幣。切回全部開放不改成績。,課後小測要先學完才可做。遊戲照常扣測試帳戶的金幣。切回「全部開放」，成績不變。
1075,T2152,5.0,B,家長頁,家長,1,作品檔須少於 50 KB。,作品檔要少於 50 KB。
1076,T2233,5.0,AB,少見,家長,1,圖片、音檔仍須另行還原教材包。只匯入自己可信的備份；本機檔案不能證明金幣是真實取得。,圖片和音檔要另外還原教材包。只匯入你信任的備份。這個檔案不能證明金幣是真的賺來的。
1077,T2258,5.0,B,家長頁,家長,1,新密碼須有 8–128 字，兩次輸入要相同。,新密碼要有 8 至 128 個字，兩次輸入要一樣。
1078,T2317,5.0,B,家長頁,家長,1,嚴格默書：大小寫必須正確,嚴格默書：大小寫要正確
1079,T2328,5.0,B,家長頁,家長,1,提示或選項輔助答對：,靠提示或選項答對：
1080,T2368,5.0,A,少見,家長,1,檢查資料結構及新版校驗碼。校驗碼只能協助發現損壞，不能證明金幣或成績真實，也不是加密。,檢查備份的資料格式，和檔案有沒有損壞。這個檢查不能證明金幣或成績是真的，也不是加密。
1081,T2926,5.0,B,家長頁,家長,1,學校教材仍使用原本範圍及固定範圍設定，不會被內置課程取代。,學校教材仍用原本的範圍和固定範圍設定。內置課程不會取代它。
1082,T3124,5.0,B,家長頁,家長,1,不覆蓋學校默書範圍，也不刪除原本小課；只新增工房建議。,不會取代學校默書範圍，也不會刪除原本的小課。只是新增工房建議。
1083,T3281,5.0,A,家長頁,家長,1,請先取得這個分頁的編輯權（關閉其他編輯分頁後按「取得編輯權」）,請先關閉其他正在編輯的分頁，再按「在這個分頁編輯」。
1084,T3396,5.0,A,少見,家長,1,下載OCR程式及英文模型到這個瀏覽器，可能使用數十至過百MB儲存空間。圖片不會傳到CDN。這不是已完成OCR準確度驗收。,要把相片辨認程式和英文資料，下載到這個瀏覽器嗎？可能佔用數十至過百 MB 的儲存空間。相片不會上傳到網上。這個功能的準確度還沒有經過正式測試。
1085,T3404,5.0,A,少見,家長,1,所有OCR資源已下載及逐檔校驗。請先匯出學習備份，重新開啟本頁後，再斷網辨識一張真實印刷課文驗收。,相片辨認所需的資料已全部下載並檢查過。請先匯出學習備份，重新打開這個頁面，再關掉網絡，辨認一張真實的印刷課文，確認可以使用。
1086,T1477,4.9,E,家長頁,家長,3,使用者提供,自行提供
1087,T3715,4.8,A,課堂中,家長,1,題庫進度版本不支援，請保留原備份,題庫進度的版本不對，這個版本讀不了。請保留原有備份。
1088,T3723,4.8,A,課堂中,家長,1,待結算獎勵已達上限，請先重試同步並匯出備份,未處理的獎勵已滿。請先按「重試未處理的獎勵」，並匯出備份。
1089,T2033,4.5,CE,少見,家長,1,已登入 Admin 測試帳號。,已登入測試帳戶。
1090,T2034,4.5,CE,少見,家長,1,未能登入測試帳號，請允許此網站使用瀏覽器儲存。,不能登入測試帳戶。請允許這個網站使用瀏覽器的儲存功能。
1091,T2036,4.5,CE,少見,家長,1,請先使用管理員測試帳號登入。,請先用管理員測試帳戶登入。
1092,T2064,4.5,AE,少見,家長,1,重設只清除 Admin 的教材文字、成績、金幣及遊戲票；不清除其他本機帳戶。自備圖片／音檔另在離線教材管理。,重設只會清除測試帳戶的教材文字、成績、金幣和遊戲票，不會清除其他本機帳戶。自備的圖片和音檔，請在「離線教材」管理。
1093,T2231,4.5,AE,少見,家長,1,只供尚未學習、賺星或遊玩的全新本機帳戶使用一次。可從舊版備份帶回孩子、金幣、已購時間及遊戲存檔。之後的一般還原不會回退錢包。,只限還沒學習、賺金幣或玩過遊戲的全新帳戶，使用一次。可以從舊版備份帶回孩子、金幣、已換的時間和遊戲存檔。之後一般還原，不會減少金幣。
1094,T2259,4.5,AE,家長頁,家長,1,身份改變或授權到期，密碼未改動。,帳戶已改變，或家長確認已過期。密碼沒有改動。
1095,T2288,4.5,AE,少見,家長,1,主資料已儲存，但額外恢復保障未更新：,主要資料已儲存，但備用紀錄沒有更新：
1096,T3301,4.5,AE,少見,家長,1,已恢復交易前資料。,已回到操作之前的資料。
1097,T3303,4.5,AE,少見,家長,1,含學員姓名及學習紀錄，未加密；不含帳戶密碼或API金鑰。,備份檔有孩子的姓名和學習紀錄，沒有加密。不含帳戶密碼和語音服務的金鑰。
1098,T3434,4.5,AE,少見,家長,1,下面的本機驗收頁只使用獨立測試資料。API測試通過，不等於所有學員資料已成功備份或還原。,下面的本機測試頁只使用測試專用的資料。測試通過，不代表所有孩子的資料都已成功備份或還原。
1099,T3440,4.5,AE,少見,家長,1,上次家庭交易未完成：請先恢復,上次有操作沒有完成：請先處理
1100,T3441,4.5,AE,少見,家長,1,未能讀取復原日誌,讀不到備用紀錄
1101,T3450,4.5,AE,少見,家長,1,上次家庭交易未完成，已暫停寫入。請到「家長 → 家庭管理」按「恢復中斷交易」；日誌遺失時，請用家庭備份還原。,上次有一個操作沒有完成，暫時不能儲存。請到「家長 → 家庭管理」按「處理未完成的操作」。如果備用紀錄不見了，請用家庭備份還原。
1102,T3460,4.5,AE,少見,家長,1,正在檢查復原日誌…,正在檢查備用紀錄…
1103,T3462,4.5,AE,少見,家長,1,請先按「恢復中斷交易」,請先按「處理未完成的操作」
1104,T3468,4.5,AE,少見,家長,1,家長確認只維持 5 分鐘。驗證後會回到這個視窗，已填寫的內容不會丟失；然後請再按一次,家長確認只維持 5 分鐘。確認後會回到這個視窗，已填寫的內容不會丟失。然後請再按一次
1105,T1125,4.3,E,家長頁,家長,2,最近獨立串對,最近自己串對
1106,T1437,4.3,E,家長頁,家長,2,素材來源,圖片與音檔來源
1107,T3093,4.3,E,家長頁,家長,2,延後仍串對,隔日仍串對
1108,T3327,4.3,E,家長頁,家長,2,裝置與保存檢查,裝置與儲存檢查
1109,T3385,4.0,DE,少見,家長,1,資料暫時未能保存,資料暫時儲存不到。
1110,T3186,3.9,A,少見,孩子,1,這是本次重新繪製的概念海報，不是取回V33或0.1.3原件。海報文字和示意圖不作教材、出題或判分依據。,這是這次重新繪製的概念海報，不是舊版 V33 或 0.1.3 的原圖。海報上的文字和示意圖，不會用來作教材、出題或評分。
1111,T3188,3.9,A,少見,孩子,1,六位夥伴各有工作。選一位，看看角色肖像、表情，以及他在網站如何幫你。,六位夥伴各有工作。選一位，看看他的肖像和表情，也看看他怎樣幫你。
1112,T0108,3.8,E,家長頁,家長,1,詞庫未收錄，可核對後保留,內置題庫沒有這個字，核對後可以保留
1113,T1120,3.8,E,家長頁,家長,1,"你可以試匯入同做題，但重新載入後唔會保留。${link('登入／建立帳戶','login','soft')}","你可以試試匯入和做題，但重新載入後不會保留。${link('登入／建立帳戶','login','soft')}"
1114,T1220,3.8,E,家長頁,家長,1,登入後先會儲存,登入後才會儲存
1115,T1226,3.8,E,家長頁,家長,1,20 款新遊戲仍使用 5 星／90 秒、10 星／3 分鐘；每日合計上限在「金幣與遊戲」設定。,20 款新遊戲：5 金幣玩 90 秒，10 金幣玩 3 分鐘。每日合計上限可在「金幣與遊戲」設定。
1116,T1240,3.8,E,家長頁,家長,1,未登入，冇資料可備份。,未登入，沒有資料可備份。
1117,T1406,3.8,E,家長頁,家長,1,先準備，出街沒有網絡也可以練習。,先準備好，外出沒有網絡也可以練習。
1118,T1423,3.8,E,家長頁,家長,1,"訪客可試用，但新增教材、圖片及音檔不會永久保存。${link('登入儲存','login','soft')}","訪客可以試用，但新增的教材、圖片和音檔不會長期儲存。${link('登入儲存','login','soft')}"
1119,T1438,3.8,E,家長頁,家長,1,額外素材以這個本機帳戶分開儲存。,額外圖片和音檔會以這個本機帳戶分開儲存。
1120,T1439,3.8,E,家長頁,家長,1,訪客素材只保留到離開或重新載入。,訪客的圖片和音檔，只保留到離開或重新載入。
1121,T1461,3.8,E,家長頁,家長,1,恢復預設配圖,改回預設配圖
1122,T1478,3.8,E,家長頁,家長,1,已加入試玩圖片；離開後不會保存。,已加入試玩圖片；離開後不會儲存。
1123,T1490,3.8,E,家長頁,家長,1,目前沒有網絡。已存素材仍可用；新音檔可稍後再準備。,目前沒有網絡。已存的圖片和音檔仍可使用。新的音檔可稍後再準備。
1124,T1499,3.8,E,家長頁,家長,1,發現 ${bad} 個素材讀不到，已標示待補，請重新準備。,發現 ${bad} 個圖片或音檔讀不到，已標示待補，請重新準備。
1125,T1500,3.8,E,家長頁,家長,1,已重新檢查本機素材。未下載的項目仍會列出。,已重新檢查這部裝置上的圖片和音檔。未下載的項目仍會列出。
1126,T1621,3.8,E,家長頁,家長,1,分開記錄接字塊、補字及無提示串字；不覆蓋正式默書成績。訪客不保存紀錄。,接字塊、補字和自己串字會分開記錄，不會影響正式的默書成績。訪客不會儲存紀錄。
1127,T1627,3.8,E,家長頁,家長,1,未有已保存的家族練習紀錄。,未有已儲存的家族練習紀錄。
1128,T1724,3.8,E,家長頁,家長,1,${r.score}/${5-r.pending}${r.pending?' · 待補聽':' '} · +${r.award} 幣,${r.score}/${5-r.pending}${r.pending?' · 待補聽':' '} · +${r.award} 金幣
1129,T1925,3.8,E,家長頁,家長,1,可能是頁首、姓名或日期。沒有刪走，需要時可恢復。,可能是頁首、姓名或日期。沒有刪除，需要時可以加回。
1130,T1977,3.8,E,家長頁,家長,1,只加入上面的項目。不保存整張相片或未選內容；姓名及班別已預設不選。,只會加入上面的項目。不會儲存整張相片和沒選的內容。姓名和班別預設不選。
1131,T2114,3.8,E,家長頁,家長,1,主站練習派星方式（此帳戶）,主站練習的金幣獎勵方式（這個帳戶）
1132,T2116,3.8,E,家長頁,家長,1,平衡版：無提示答對 1 星、完成訂正 +5,平衡版：不看提示答對得 1 金幣，完成訂正得 5 金幣
1133,T2126,3.8,E,家長頁,家長,1,可用 ${activeChild().stars} 幣 · 通過複習 ${n} 字 · 今日主站平衡獎勵 ${d.earned} 幣,可用 ${activeChild().stars} 金幣 · 通過複習 ${n} 字 · 今日主站平衡獎勵 ${d.earned} 金幣
1134,T2325,3.8,E,家長頁,家長,1,獨立答對：,自己答對：
1135,T2327,3.8,E,家長頁,家長,1,近期看過答案再答對：,最近看過答案後答對：
1136,T2550,3.8,E,家長頁,家長,1,街機設定已儲存。,遊戲設定已儲存。
1137,T2888,3.8,E,家長頁,家長,1,通過延後重溫,通過隔日複習
1138,T2902,3.8,E,家長頁,家長,1,曾通過延後重溫,曾通過隔日複習
1139,T2910,3.8,E,家長頁,家長,1,獨立串對,自己串對
1140,T2914,3.8,E,家長頁,家長,1, · 有輔助, · 有提示
1141,T2924,3.8,E,家長頁,家長,1,恢復由系統建議,改回由系統建議
1142,T3109,3.8,E,家長頁,家長,1,結果與輔助,結果與提示
1143,T3116,3.8,E,家長頁,家長,1, · 獨立, · 自己串對
1144,T3242,3.8,E,家長頁,家長,1,先完成英文家長驗證，再按「數學進度及設定」。,先完成家長確認，再按「數學進度及設定」。
1145,T3267,3.8,E,家長頁,家長,1,我的街機紀錄 · 原有21款紀錄繼續保留,我的遊戲紀錄 · 原有 21 款遊戲的紀錄繼續保留
1146,T3332,3.8,E,家長頁,家長,1,搬入舊數學紀錄,轉入舊數學紀錄
1147,T3340,3.8,E,家長頁,家長,1,讀題聲線,讀題聲音
1148,T3347,3.8,E,家長頁,家長,1,儲存聲線設定,儲存聲音設定
1149,T3365,3.8,E,家長頁,家長,1,WordQuest R3.4 · 森林學園,WordQuest · 森林學園
1150,T3479,3.8,E,家長頁,家長,1,請先選擇小朋友的年級。,請先選擇孩子的年級。
1151,T3295,3.7,ADE,少見,家長,2,找不到復原日誌,找不到備用紀錄。請用家庭備份還原。
1152,T1390,3.5,D,少見,家長,1,未能讀取原檔。,讀不到原來的檔案，請重新選擇。
1153,T1519,3.5,D,家長頁,家長,1,教材內容格式不正確。,教材包的內容格式不對，請換另一個教材包。
1154,T1550,3.5,BE,少見,家長,1,瀏覽器已批准保留儲存空間。仍可被使用者清除。,瀏覽器已同意保留儲存空間。你仍然可以自己清除。
1155,T3280,3.5,A,家長頁,家長,2,請先完成家長驗證並取得編輯權,請先完成家長確認，並按「在這個分頁編輯」
1156,T1534,3.4,A,少見,家長,2,PWA 離線開啟需要 HTTPS 或 localhost,要離線開啟網頁，請用 https 網址或本機版本。
1157,T2256,3.4,A,少見,家長,2,嘗試太多，請稍後再試。,試了太多次，請稍後再試。
1158,T0132,3.4,AD,少見,家長,3,備份最多 10 MB,備份檔不可超過 10 MB。請換較小的檔案。
1159,T1401,3.4,AD,少見,家長,3,身份或授權已改變,帳戶或家長確認已改變，請重新操作。
1160,T0997,3.2,ADE,少見,家長,1,舊學員身份格式不正確,舊的孩子紀錄格式不正確。請換另一個備份檔。
1161,T3289,3.2,ADE,少見,家長,1,無法建立復原日誌,無法建立備用紀錄。請稍後再試。
1162,T3291,3.2,ADE,少見,家長,1,復原日誌儲存失敗,備用紀錄儲存失敗，請稍後再試。
1163,T2464,3.2,E,課堂中,兩者,2,家長已暫停這部街機,家長已暫停這款遊戲
1164,T0534,3.1,E,課堂中,孩子,1,沒有這部街機,找不到這款遊戲。
1165,T0537,3.1,E,課堂中,孩子,1,尚未解鎖，或家長已暫停這部街機,這款遊戲還沒解鎖，或家長暫停了。
1166,T2157,3.1,E,課堂中,孩子,1,孩子已切換，沒有扣幣。,已換了孩子，沒有扣金幣。
1167,T2459,3.1,E,課堂中,孩子,1,這部街機未開放。,這款遊戲還沒開放。
1168,T3412,3.1,E,課堂中,孩子,1,語音服務未傳回音訊,語音服務沒有傳回聲音
1169,T1021,3.0,A,少見,家長,1,最近七天的實際紀錄；未記錄時段不補估,最近七天的實際紀錄。沒有紀錄的時段，不會估算。
1170,T1527,3.0,A,家長頁,家長,1,教材包默書日期無效,教材包的默書日期不正確
1171,T1533,3.0,A,少見,家長,1,已下載 HTML；相片 OCR 元件不包含在單檔內,已下載網頁檔。相片辨認程式不在這個檔案裏。
1172,T1540,3.0,A,少見,家長,1,你正使用已下載的 HTML 檔案，請保留這個檔案；單檔不能註冊離線網頁。,你正在用已下載的網頁檔，請保留這個檔案。單一檔案不能設定離線網頁。
1173,T1541,3.0,A,少見,家長,1,請用 HTTPS 或 localhost 開啟，才能準備離線網頁。,請用 https 網址或本機版本開啟，才能準備離線網頁。
1174,T1549,3.0,A,少見,家長,1,）。請用 HTTPS 或 localhost 開啟並保持連線，再按一次。,）。請用 https 網址或本機版本開啟，保持連線，再按一次。
1175,T1552,3.0,A,少見,家長,1,網站已用約 ${(e.usage/1048576).toFixed(1)} MB，可用配額約 ${(e.quota/1048576).toFixed(0)} MB。,網站已用約 ${(e.usage/1048576).toFixed(1)} MB，可用空間約 ${(e.quota/1048576).toFixed(0)} MB。
1176,T1836,3.0,A,少見,家長,1,你已修改選詞，這次辨認已停止；原有更正會保留。,你改了選字，這次辨認已停止。原有的修改會保留。
1177,T2031,3.0,A,少見,家長,1,標準版沒有公開管理員。,標準版沒有管理員功能。
1178,T2042,3.0,A,少見,家長,1,不是雲端管理員，不會看到朋友的帳戶或答題紀錄。請用暱稱及去掉個人資料的默書紙。,這不是雲端後台，看不到別人的帳戶和答題紀錄。請用暱稱，默書紙也要先去掉個人資料。
1179,T2232,3.0,A,少見,家長,1,選擇舊版 JSON 備份,選擇舊版備份檔
1180,T2251,3.0,A,少見,家長,1,修改家庭、遊戲或備份設定前，請輸入此本機帳戶的密碼／舊 PIN。,要改家庭、遊戲或備份設定，請先輸入這個帳戶的密碼（舊帳戶可輸入舊 PIN）。
1181,T2255,3.0,A,少見,家長,1,確認只維持 5 分鐘，切換孩子即失效。這是本機操作保護，不是雲端安全登入。,確認只有效 5 分鐘。換了孩子，就要重新確認。這只是這部裝置上的保護，不是雲端的安全登入。
1182,T2339,3.0,A,少見,家長,1,帳戶清單損壞或無法讀取。已停止新增及改寫帳戶；請保留原瀏覽器資料，不要清除網站資料。,帳戶清單壞了或讀不到。暫時不能新增或修改帳戶。請不要清除這個瀏覽器的網站資料。
1183,T2346,3.0,A,少見,家長,1,檢查通過：${s.children} 位孩子、${s.ranges} 份範圍、${s.items} 個學習項目、${s.attempts} 次作答。${inspected.integrity==='verified'?'完整性校驗相符。':'舊版格式沒有校驗碼，已檢查結構。'}只作預覽，沒有還原、扣幣或修改紀錄。圖片及音檔不在此備份內。,檢查通過：${s.children} 位孩子、${s.ranges} 份範圍、${s.items} 個學習項目、${s.attempts} 次作答。${inspected.integrity==='verified'?'完整性校驗相符。':'舊版格式沒有校驗碼，已檢查結構。'}這只是預覽，沒有還原備份，也沒有扣金幣或改動紀錄。備份檔不包含圖片和音檔。
1184,T2347,3.0,A,少見,家長,1,完整性校驗相符。,檔案完整，沒有損壞。
1185,T2348,3.0,A,少見,家長,1,舊版格式沒有校驗碼，已檢查結構。,舊格式的備份，無法確認有沒有損壞，只檢查了資料格式。
1186,T2350,3.0,A,少見,家長,1,此分頁有編輯權,這個分頁可以編輯
1187,T2351,3.0,A,少見,家長,1,唯讀；沒有編輯權,只能查看，不能編輯
1188,T2355,3.0,A,少見,家長,1,有未儲存內容，請保留此分頁並備份。,有內容還沒儲存。請不要關閉這個分頁，並先備份。
1189,T2356,3.0,A,少見,家長,1,安全環境：${d.secureContext?'是':'否'}；Web Locks：${d.webLocks?'可用':'不可用'}；密碼運算：${d.passwordCrypto?'可用':'不可用'}。${d.mainUtf8Bytes===null?'':`主資料 JSON 大小：${(d.mainUtf8Bytes/1024).toFixed(1)} KB（UTF-8，不代表瀏覽器配額）。`}本機功能可用不等於已驗收跨裝置或關閉重開。,安全連線（https）：${d.secureContext?'是':'否'}；分頁鎖定：${d.webLocks?'可用':'不可用'}；密碼功能：${d.passwordCrypto?'可用':'不可用'}。${d.mainUtf8Bytes===null?'':`主資料 JSON 大小：${(d.mainUtf8Bytes/1024).toFixed(1)} KB（UTF-8，不代表瀏覽器配額）。`}功能可用，不代表換裝置或重新開啟後也沒有問題。
1190,T2360,3.0,A,少見,家長,1,主資料 JSON 大小：${(d.mainUtf8Bytes/1024).toFixed(1)} KB（UTF-8，不代表瀏覽器配額）。,主要資料大小：${(d.mainUtf8Bytes/1024).toFixed(1)} KB（這不是瀏覽器可用的儲存空間）。
1191,T2366,3.0,A,少見,家長,1,下載診斷摘要,下載檢查摘要
1192,T2369,3.0,A,少見,家長,1,選擇學習 JSON 備份,選擇學習備份檔
1193,T2371,3.0,A,少見,家長,1,診斷摘要只包含版本、功能可用性、主資料大小及儲存狀態；不包含姓名、帳戶 ID、密碼雜湊、教材或答案。不會自動上傳。,檢查摘要只有版本、功能是否可用、主要資料大小和儲存狀態。不包含姓名、帳戶編號、密碼、教材和答案。不會自動上傳。
1194,T3277,3.0,A,家長頁,家長,1,目前沒有寫入權，設定未更改,這個分頁不能儲存，設定沒有改動。請先按「在這個分頁編輯」。
1195,T3278,3.0,A,家長頁,家長,1,另一個分頁更新了跨科資料，請重新開啟,另一個分頁更新了英文和數學的資料。請重新打開頁面。
1196,T3293,3.0,A,少見,家長,1,資料已提交，但收尾未完成；請用恢復中斷交易完成處理。,資料已儲存，但最後一步還沒完成。請按「處理未完成的操作」完成。
1197,T3300,3.0,A,少見,家長,1,已完成已提交交易的收尾。,已完成未完成的操作。
1198,T3308,3.0,A,少見,家長,1,家庭備份已還原。所有孩子、數學及媒體均已處理；歷史數學獎勵不重派。,家庭備份已還原。所有孩子、數學紀錄、圖片和音檔都已處理。舊的數學獎勵不會再給一次。
1199,T3387,3.0,A,少見,家長,1,請保留本頁，檢查儲存或匯出備份。,請不要關閉這個頁面。檢查儲存設定，或匯出備份。
1200,T3399,3.0,A,少見,家長,1,準備OCR資料 ,準備相片辨認資料 
1201,T3418,3.0,A,少見,家長,1,OCR資源齊備；仍須實際斷網辨識驗收。,相片辨認資料已齊全。請關掉網絡，實際試一次。
1202,T3419,3.0,A,少見,家長,1,本機OCR資源未齊或離線服務尚未控制此頁。,相片辨認資料不齊全，或離線功能還沒啟用。
1203,T3424,3.0,A,少見,家長,1,安全網址環境,安全連線（https）
1204,T3425,3.0,A,少見,家長,1,否，請用本機啟動器或 HTTPS,否，請用本機啟動器，或 https 網址
1205,T3426,3.0,A,少見,家長,1,本分頁編輯權,這個分頁可否編輯
1206,T3428,3.0,A,少見,家長,1,唯讀，請關閉其他編輯分頁再取得編輯權,只能查看。請關閉其他正在編輯的分頁，再按「在這個分頁編輯」。
1207,T3429,3.0,A,少見,家長,1,中斷交易,未完成的操作
1208,T3435,3.0,A,少見,家長,1,開啟本機驗收頁,打開本機測試頁
1209,T3444,3.0,A,少見,家長,1,上次家庭交易未完成（,上次有操作沒有完成（
1210,T3453,3.0,A,少見,家長,1,還原成功後，未完成標記會一併清除並解除暫停寫入；若還原失敗，目前資料和標記會保留。,還原成功後，未完成的標記會一起清除，儲存也會恢復正常。如果還原失敗，目前的資料和標記會保留。
1211,T2012,3.0,AD,少見,兩者,1,辨認元件未載入,辨認功能還沒載入，請稍後再試。
1212,T2214,3.0,AD,少見,兩者,1,儲存版本不一致，已停止覆蓋。,儲存的版本不一致，沒有蓋掉資料。請先匯出備份，再重新打開頁面。
1213,T2272,3.0,AD,少見,兩者,1,此瀏覽器已達 100 個本機帳戶上限。,這個瀏覽器最多有 100 個帳戶，已經滿了。請用已有的帳戶登入。
1214,T2305,3.0,AD,少見,兩者,1,資料版本超限,備份的版本太新，這個版本讀不了。
1215,T2468,3.0,AD,少見,兩者,1,遊戲身份已改變,帳戶或遊戲已改變，請重新進入。
1216,T2469,3.0,AD,少見,兩者,1,局面需要修復，不能重設生命繼續,這一局的進度有問題，不能重設生命繼續。請家長先匯出備份。
1217,T3724,3.0,AD,少見,兩者,1,英文程式的孩子資料未能讀取,讀不到英文部分的孩子資料。請重新整理頁面再試。
1218,T3736,2.9,D,少見,兩者,1,原有孩子名單未能讀取，沒有重設或覆蓋。暫以訪客試玩，不儲存新進度。,讀不到原有的孩子名單，名單沒有重設，也沒有改動。現在以訪客身份試玩，不會儲存新進度。
1219,T4126,2.8,E,課堂中,家長,2,請先完成家長驗證,請先完成家長確認
1220,T0121,2.6,AD,少見,家長,1,帳戶清單大小不正確,帳戶清單有問題。請用最近的備份還原。
1221,T0122,2.6,AD,少見,家長,1,帳戶清單不是完整 JSON,帳戶清單讀不出來。請用最近的備份還原。
1222,T0123,2.6,AD,少見,家長,1,帳戶清單格式不正確,帳戶清單的格式不對。請用最近的備份還原。
1223,T0124,2.6,AD,少見,家長,1,帳戶清單包含不完整項目,帳戶清單有缺漏的項目。請用最近的備份還原。
1224,T0125,2.6,AD,少見,家長,1,帳戶清單有重複身份,帳戶清單有重複的帳戶。請用最近的備份還原。
1225,T0126,2.6,AD,少見,家長,1,帳戶搬移標記不正確,帳戶轉移的記號有誤。請用最近的備份還原。
1226,T0130,2.6,AD,少見,家長,1,此環境沒有備份完整性運算；請使用本機啟動器或 HTTPS,這個瀏覽器不能檢查備份檔。請用本機啟動器，或用 https 網址開啟。
1227,T0131,2.6,AD,少見,家長,1,備份資料格式錯誤,備份檔的格式不對，請換另一個備份檔。
1228,T0133,2.6,AD,少見,家長,1,備份不是完整 JSON，沒有更改資料,這個備份檔不完整，打不開。資料沒有改動。
1229,T0140,2.6,AD,少見,家長,1,學習設定格式錯誤,學習設定讀不到，請重新儲存設定。
1230,T0141,2.6,AD,少見,家長,1,學習設定版本錯誤,學習設定的版本不符，請重新儲存設定。
1231,T0142,2.6,AD,少見,家長,1,評分模式錯誤,評分方式不正確，請重新選擇。
1232,T0143,2.6,AD,少見,家長,1,年級設定錯誤,年級不正確，請重新選擇。
1233,T0144,2.6,AD,少見,家長,1,範圍鎖格式錯誤,固定範圍的設定有誤，請重新選擇。
1234,T0145,2.6,AD,少見,家長,1,固定範圍不存在或不屬於孩子,找不到固定的默書範圍，請重新選擇。
1235,T0146,2.6,AD,少見,家長,1,作答證據格式錯誤,作答紀錄有問題，請重試。
1236,T0147,2.6,AD,少見,家長,1,請使用 HTTPS 或本機啟動器；此環境沒有安全密碼運算，不能建立或升級帳戶。,這個網址不夠安全，不能建立或升級帳戶。請用本機啟動器，或改用 https 網址。
1237,T0978,2.6,AD,少見,家長,1,跨科設定版本不支援,跨科設定的版本不符。請重新儲存設定。
1238,T0979,2.6,AD,少見,家長,1,跨科時限或學習配額不正確,每日時間或學習數量的設定不正確。請重新選擇。
1239,T0980,2.6,AD,少見,家長,1,三科建議時間合計不能超過全站時限,三科的建議時間加起來，不能超過每日總時間。
1240,T0984,2.6,AD,少見,家長,1,使用時間超過400天,使用時間紀錄超過 400 天，不能再加。
1241,T0988,2.6,AD,少見,家長,1,每日總時間超過24小時,每日總時間超過 24 小時，紀錄不正確。
1242,T1009,2.6,AD,少見,家長,1,角色設定身份不正確,角色設定所屬的孩子不正確。請換另一個備份檔。
1243,T1015,2.6,AD,少見,家長,1,文字備註不可含二進制,備註只可以是文字，不可放檔案內容。請換另一個備份檔。
1244,T1016,2.6,AD,少見,家長,1,不支援的媒體格式,不支援這種圖片或音檔格式。
1245,T1400,2.6,AD,少見,家長,1,教材寫入失敗。,教材儲存失敗，請重試。
1246,T1538,2.6,AD,少見,家長,1,離線服務逾時,離線功能啟動太久，請重試。
1247,T1539,2.6,AD,少見,家長,1,離線元件安裝失敗,離線功能安裝失敗，請重試。
1248,T1544,2.6,AD,少見,家長,1,快取內找不到網頁,找不到已存的網頁，請重新準備。
1249,T1634,2.6,AD,少見,家長,1,拼字課程備份格式不正確,這個拼字課程備份檔有問題，請換另一份備份。
1250,T2287,2.6,AD,少見,家長,1,保護紀錄超過 1.4 MB,備用紀錄超過 1.4 MB，所以沒有儲存。
1251,T2341,2.6,AD,少見,家長,1,身份或家長授權已改變，未匯出,帳戶或家長確認已改變，沒有匯出。請重新確認後再試。
1252,T2342,2.6,AD,少見,家長,1,備份超過 10 MB，未建立不能還原的檔案；請保留目前頁面及原檔,備份超過 10 MB，所以沒有建立備份檔。請不要關閉這個頁面，也不要刪除原有資料。
1253,T3230,2.6,AD,少見,家長,1,英文原有資料未能讀取；數學亦已停止寫入，沒有覆蓋原檔。,讀不到英文的原有資料，所以數學也暫時不能儲存。原有檔案沒有改動。請先匯出備份。
1254,T3292,2.6,AD,少見,家長,1,媒體交易失敗,圖片或音檔處理失敗，請再試一次。
1255,T3401,2.6,AD,少見,家長,1,OCR檔案大小不合理,相片辨認的檔案大小不正常，可能下載不完整。請再試一次。
1256,T3403,2.6,AD,少見,家長,1,不是有效英文模型壓縮檔,英文資料檔案不正確，請再試一次。
1257,T3405,2.6,AD,少見,家長,1,本機OCR載入逾時,相片辨認載入逾時，請再試一次。
1258,T1985,2.5,BD,少見,兩者,1,未能完成加入。原有教材沒有被取代，草稿仍在。,加入失敗。原有教材沒有改動，草稿還在。請再試一次。
1259,T2215,2.5,BD,少見,兩者,1,原本的儲存已被移除，已停止覆蓋。,原本儲存的資料已不見，所以沒有儲存新資料。請先匯出備份。
1260,T2293,2.5,BD,少見,兩者,1,原資料已由其他來源更新；沒有覆蓋,原有資料已在別處更新，沒有蓋掉它。請重新整理頁面。
1261,T1546,2.5,D,少見,家長,1,未能準備離線網頁,離線網頁準備不到，請連線後再試。
1262,T1547,2.5,D,少見,家長,1,未能準備離線網頁（,離線網頁準備不到（
1263,T2352,2.5,D,少見,家長,1,瀏覽器不允許讀取本機資料,瀏覽器不讓網頁讀取儲存的資料。請檢查瀏覽器的網站資料設定。
1264,T2353,2.5,D,少見,家長,1,帳戶清單未能讀取：已停止新增／改寫帳戶。,讀不到帳戶清單，暫時不能新增或修改帳戶。
1265,T3443,2.5,D,少見,家長,1,未完成標記的內容不明,未完成操作的內容不明。請用家庭備份還原。
1266,T4127,2.4,E,課堂中,家長,1,數學備份超過2.5 MB,數學備份超過 2.5 MB
1267,T1511,2.3,DE,少見,家長,2,素材過大。,圖片或音檔太大。
1268,T2212,2.3,DE,少見,兩者,1,尚有未保存的遊戲進度，不能讀取舊資料取代它。,有遊戲進度還沒儲存。現在不能讀取舊資料，以免蓋掉它。
1269,T3728,2.3,DE,少見,兩者,1,找不到英文錢包,找不到英文部分的金幣紀錄。請重新整理頁面再試。
1270,T3729,2.3,DE,少見,兩者,1,英文錢包未儲存，已取消這次結算,金幣沒有儲存成功，已取消這次獎勵。請再試一次。
1271,T2467,2.2,BD,少見,家長,1,尚未儲存。請保留這個分頁並重試，或匯出備份。,還沒儲存。請不要關閉這個分頁，再試一次，或先匯出備份。
1272,T3727,2.1,AE,少見,兩者,1,英文儲存已暫停；沒有更改錢包,英文部分暫時不能儲存，金幣沒有改動。
1273,T3733,2.1,AE,少見,兩者,1,孩子名單格式無效或有重複 ID,孩子名單的格式不正確，或有重複的編號。
1274,T3750,2.1,AE,少見,兩者,1,請先完成或結束目前數學課堂，再搬入舊紀錄,請先完成或結束目前的數學練習，再轉入舊紀錄。
1275,T3751,2.1,AE,少見,兩者,1,搬移作答ID衝突,轉入的作答編號重複。
1276,T3754,2.1,AE,少見,兩者,1,搬移收據已滿,轉入紀錄已滿。
1277,T0136,2.0,AB,少見,家長,1,備份校驗不一致；檔案可能損壞或曾被修改，沒有更改資料,備份檔和檢查碼不相符，可能已損壞或被改過。資料沒有改動。
1278,T1034,2.0,B,少見,家長,1,未能儲存。請勿關閉此頁；可以重試或匯出備份。,儲存不了。先不要關閉這一頁。請重試，或匯出備份。
1279,T1512,2.0,DE,少見,家長,1,素材格式不正確。,圖片或音檔的格式不對。
1280,T1982,2.0,AB,少見,家長,1,未能儲存。選詞及草稿仍在；請先備份，再重試。沒有顯示成功。,儲存失敗。選好的字詞和草稿還在。請先備份，再重試。
1281,T2239,2.0,DE,少見,家長,1,資料未能儲存，搬移沒有完成。,儲存失敗，轉移沒有完成。請再試一次。
1282,T2361,2.0,B,少見,家長,1,本頁已建立一次備份下載；請在下載資料夾核對檔案，勿只依賴瀏覽器資料。,這個頁面已建立一份備份檔。請到下載資料夾檢查檔案，不要只靠瀏覽器裏的資料。
1283,T3236,2.0,DE,少見,家長,1,找不到這項已保存的數學任務。,找不到已儲存的這項數學任務。請回到數學頁再試。
1284,T3239,2.0,DE,少見,家長,1,英文錢包未能儲存；沒有完成這次結算。,金幣沒有儲存成功，這次獎勵沒有完成。請再試一次。
1285,T3307,2.0,AB,少見,家長,1,備份校驗失敗：檔案可能不完整或曾被修改，沒有寫入資料,備份檢查失敗，檔案可能不完整，或有人改過。資料沒有改動。
1286,T0998,1.8,AE,少見,家長,1,舊學員姓名或年級無效,舊紀錄裏的孩子姓名或年級不正確。
1287,T1022,1.8,AE,少見,家長,1,復原資料欄位無效或過多,備用紀錄的資料不正確或太多。
1288,T1023,1.8,AE,少見,家長,1,復原資料包含其他家庭或不允許的儲存位置,備用紀錄含有其他家庭的內容。
1289,T1024,1.8,AE,少見,家長,1,復原資料必須是原始文字或空值,備用紀錄的資料格式不正確。
1290,T1025,1.8,AE,少見,家長,1,復原日誌身份或格式無效,備用紀錄的帳戶或格式不正確。
1291,T1026,1.8,AE,少見,家長,1,復原日誌缺少原家庭主資料,備用紀錄缺少家庭的原有資料。
1292,T1027,1.8,AE,少見,家長,1,復原媒體清單無效,備用紀錄裏的圖片和音檔清單不正確。
1293,T1028,1.8,AE,少見,家長,1,復原媒體身份、類別或識別碼無效,備用紀錄裏的圖片或音檔，帳戶、種類或編號不正確。
1294,T2237,1.8,AE,少見,家長,1,搬移條件已失效。,條件已改變，不能轉移。
1295,T3296,1.8,AE,少見,家長,1,請先完成家長驗證，再按恢復中斷交易,請先完成家長確認，再按「處理未完成的操作」
1296,T3299,1.8,AE,少見,家長,1,復原日誌遺失，不能安全恢復。請保留資料並從家庭備份還原。,備用紀錄不見了，不能安全地處理。請保留現有資料，並用家庭備份還原。
1297,T3375,1.8,AE,少見,家長,1,上次家庭交易未完成，這個功能暫停。請先恢復或還原備份。,上次有一個操作沒有完成，這個功能暫時不能用。請先按「處理未完成的操作」，或用備份還原。
1298,T3390,1.8,AE,少見,家長,1,家庭資料交易未完成，請先在家長頁恢復,有操作沒有完成。請先到家長頁按「處理未完成的操作」。
1299,T3734,1.8,AE,少見,家長,1,目前學員 ID 不在名單內；請保留備份,目前的孩子不在名單內。請保留備份。
1300,T3735,1.7,E,少見,兩者,1,資料恢復試玩,資料還原試玩
1301,T3737,1.7,E,少見,兩者,1,試玩學員,試玩訪客
1302,T1484,1.6,D,少見,家長,2,檔案過大。,檔案太大，不能下載。
1303,T2204,1.6,D,少見,兩者,1,未能儲存，尚未取消時段。,儲存失敗，時段還沒取消。請再試一次。
1304,T2208,1.6,D,少見,兩者,1,未能儲存，未轉移。,儲存失敗，時間還沒轉移。請再試一次。
1305,T2246,1.6,D,少見,兩者,1,合併後超過 50 位孩子。,合併後會超過 50 位孩子，所以沒有合併。
1306,T1402,1.5,E,少見,家長,1,這個帳戶的離線素材已清除。,這個帳戶的離線圖片和音檔已清除。
1307,T1403,1.5,E,少見,家長,1,學習資料已重設，但離線素材未能清除。請檢查瀏覽器儲存設定。,學習資料已重設，但離線圖片和音檔清除不了。請檢查瀏覽器的儲存設定。
1308,T1523,1.5,E,家長頁,家長,1,重複素材。,圖片或音檔重複了。
1309,T1524,1.5,E,家長頁,家長,1,素材與教材不符。,圖片或音檔和教材對不上。
1310,T2038,1.5,E,少見,家長,1,WORDQUEST V21 · 測試專用,WordQuest · 測試專用
1311,T2040,1.5,E,少見,家長,1,返回學生首頁,返回孩子首頁
1312,T2059,1.5,E,少見,家長,1,到挑戰區看玩法,到遊戲街機看玩法
1313,T2230,1.5,E,少見,家長,1,首次搬移舊版資料,首次轉移舊版資料
1314,T2240,1.5,E,少見,家長,1,首次搬移完成；舊有金幣及遊戲資料已保留。,首次轉移完成。舊的金幣和遊戲資料都保留了。
1315,T2241,1.5,E,少見,家長,1,未搬移：,未轉移：
1316,T2261,1.5,E,家長頁,家長,1,帳戶已由另一分頁更新，請重新登入。,另一個分頁更新了這個帳戶，請重新登入。
1317,T2311,1.5,E,少見,家長,1,先恢復資料，再開始學習。,請先還原資料，再開始學習。
1318,T2313,1.5,E,少見,家長,1,原資料需要恢復，目前不會記錄學習。,原有資料需要還原。現在不會記錄學習。
1319,T2331,1.5,E,少見,家長,1,資料恢復保障,資料備用紀錄
1320,T2334,1.5,E,少見,家長,1,儲存成功後會建立額外恢復保障；仍請另外匯出備份。,儲存成功後，會建立備用紀錄。仍請另外匯出備份。
1321,T2363,1.5,E,少見,家長,1,WORDQUEST V28 · 金幣街機更新,WordQuest · 遊戲街機更新
1322,T2365,1.5,E,少見,家長,1,匯出 V28 備份,匯出備份
1323,T3389,1.5,E,少見,家長,1,返回主頁,返回首頁
1324,T3421,1.5,E,少見,家長,1,此頁只讀取目前狀態，不會更改學員資料。,這個頁面只顯示目前狀態，不會改動孩子的資料。
1325,T3430,1.5,E,少見,家長,1,待恢復；先不要清除資料,待處理。請先不要清除資料。
1326,T3431,1.5,E,少見,家長,1,沒有待恢復標記,沒有待處理的標記
1327,T3432,1.5,E,少見,家長,1,最近一次成功保存,最近一次成功儲存
1328,T3451,1.5,E,少見,家長,1,原有資料需要恢復；目前不會改動。,原有資料需要還原。現在不會改動。
1329,T3457,1.5,E,少見,家長,1,家庭備份與救援,家庭備份與還原
1330,T3459,1.5,E,少見,家長,1,救援說明,還原說明
1331,T3466,1.5,E,少見,家長,1,家長驗證,家長確認
1332,T3467,1.5,E,少見,家長,1,家長驗證已過期，請重新輸入密碼,家長確認已過期，請重新輸入密碼。
1333,T3471,1.5,E,少見,家長,1,已完成家長驗證,已完成家長確認
1334,T1392,1.4,D,少見,家長,1,這個瀏覽器未能使用教材儲存。,這個瀏覽器不能儲存教材。請換用其他瀏覽器，或在設定中允許儲存。
1335,T1393,1.4,D,少見,家長,1,未能開啟教材儲存。,打不開教材儲存空間。請重新整理頁面再試。
1336,T1468,1.4,D,少見,家長,1,圖片讀取逾時。,讀取圖片太久了，請重試或換一張。
1337,T1469,1.4,D,少見,家長,1,圖片太大或無法讀取。,圖片太大或讀不到，請換一張。
1338,T1470,1.4,D,少見,家長,1,圖片未能縮小。,圖片縮小不了，請換一張。
1339,T1472,1.4,D,少見,家長,1,這個瀏覽器未能處理音檔。,這個瀏覽器不能處理這個音檔，請換另一個檔案。
1340,T1473,1.4,D,少見,家長,1,音檔讀取逾時。,讀取音檔太久了，請重試或換一個。
1341,T2235,1.4,D,少見,家長,1,帳戶狀態已改變。,帳戶狀態已改變，請重新操作。
1342,T2247,1.4,D,少見,家長,1,未能儲存還原內容。,還原的內容儲存失敗，請再試一次。
1343,T2276,1.4,D,少見,家長,1,帳戶名稱或密碼不正確。,帳戶名稱或密碼不對，請再試一次。
1344,T2290,1.4,D,少見,家長,1,合併後超過 50 位孩子,合併後會超過 50 位孩子，所以沒有合併。
1345,T2306,1.4,D,少見,家長,1,還原條件已改變,情況已改變，沒有還原。請重新選擇備份檔。
1346,T3284,1.4,D,少見,家長,1,數學草稿未能儲存，未開始資料操作,數學草稿儲存失敗，所以沒有開始。請再試一次。
1347,T3285,1.4,D,少見,家長,1,街機未能暫停,遊戲不能暫停。請先結束遊戲，再試一次。
1348,T3286,1.4,D,少見,家長,1,現有資料未儲存，未開始資料操作,現有資料還沒儲存，所以沒有開始。請先儲存，再試一次。
1349,T3288,1.4,D,少見,家長,1,媒體讀取失敗,圖片或音檔讀取失敗，請再試一次。
1350,T3397,1.4,D,少見,家長,1,離線服務未能啟動,離線功能啟動失敗。請用 https 網址或本機啟動器再試。
1351,T3398,1.4,D,少見,家長,1,帳戶或家長授權已改變，安裝已取消,帳戶或家長確認已改變，已取消安裝。請重新操作。
1352,T3465,1.4,D,少見,家長,1,教材清理失敗,清理教材失敗，請再試一次。
1353,T1396,1.4,A,少見,家長,2,家長授權失效或目前唯讀,家長確認已過期，或目前只能查看。請重新輸入家長密碼。
1354,T3725,1.4,A,少見,兩者,1,孩子或帳戶已切換；沒有發放獎勵,已換了孩子或帳戶，沒有給獎勵。
1355,T3747,1.4,A,少見,兩者,1,請先登入及選取目標孩子,請先登入，並選好孩子。
1356,T0127,1.2,A,少見,家長,1,備份資料層數過深,備份檔的結構太複雜，讀不了。
1357,T0128,1.2,A,少見,家長,1,備份含非有限數值,備份檔含有不正常的數字，讀不了。
1358,T0129,1.2,A,少見,家長,1,備份含不支援的資料類型,備份檔含有不支援的內容，讀不了。
1359,T0134,1.2,A,少見,家長,1,備份必須是學習資料物件,備份檔的內容不對，不是學習資料。
1360,T0135,1.2,A,少見,家長,1,備份完整性標記無效,備份檔的檢查記號不對，檔案可能不完整。
1361,T0975,1.2,A,少見,家長,1,備份資料過大或層數過多,備份檔太大或太複雜，讀不了。
1362,T0976,1.2,A,少見,家長,1,備份含不安全欄位,備份檔含有不可用的項目，讀不了。
1363,T0977,1.2,A,少見,家長,1,資料含無效數值,備份檔含有不正確的數字，讀不了。
1364,T0981,1.2,A,少見,家長,1,使用時間格式無效,使用時間的紀錄不正確。
1365,T0985,1.2,A,少見,家長,1,使用日期無效,使用日期不正確。
1366,T0986,1.2,A,少見,家長,1,使用紀錄含未知欄位,使用紀錄含有不明的項目。
1367,T0987,1.2,A,少見,家長,1,使用時間超出範圍,使用時間超出範圍。
1368,T0989,1.2,A,少見,家長,1,搬移收據過多,搬入舊紀錄的資料太多。
1369,T0990,1.2,A,少見,家長,1,搬移收據無效,搬入舊紀錄的資料不正確。
1370,T0991,1.2,A,少見,家長,1,聲線設定無效,語音設定不正確。
1371,T0992,1.2,A,少見,家長,1,語音服務只能使用同網站的 /api/ 路徑,語音服務的網址只可以是本網站提供的。
1372,T0993,1.2,A,少見,家長,1,聲線名稱無效,語音名稱不正確。
1373,T0994,1.2,A,少見,家長,1,計時身份無效,計時紀錄所屬的帳戶不正確。
1374,T0995,1.2,A,少見,家長,1,計時無效,計時紀錄不正確。
1375,T0996,1.2,A,少見,家長,1,不是支援的數學備份,這不是可用的數學備份檔。
1376,T0999,1.2,A,少見,家長,1,目標孩子無效,找不到要搬入的孩子。
1377,T1000,1.2,A,少見,家長,1,不是R3家庭完整備份,這不是家庭完整備份檔。
1378,T1001,1.2,A,少見,家長,1,備份日期無效,備份日期不正確。
1379,T1002,1.2,A,少見,家長,1,完整備份缺少資料,備份檔不完整，缺少資料。
1380,T1003,1.2,A,少見,家長,1,備份項目過多,備份檔的項目太多，讀不了。
1381,T1004,1.2,A,少見,家長,1,備份校驗碼無效,備份檔的檢查碼不對。
1382,T1005,1.2,A,少見,家長,1,備份來源身份無效,備份檔的來源帳戶不正確。
1383,T1006,1.2,A,少見,家長,1,數學資料重複或不屬於備份孩子,數學紀錄重複，或不屬於備份裏的孩子。
1384,T1007,1.2,A,少見,家長,1,備份缺少孩子的數學欄位,備份檔缺少孩子的數學紀錄。
1385,T1008,1.2,A,少見,家長,1,角色設定過多,角色設定太多。
1386,T1010,1.2,A,少見,家長,1,角色偏好無效,角色設定不正確。
1387,T1011,1.2,A,少見,家長,1,跨科資料含其他孩子,共用資料含有其他孩子的紀錄。
1388,T1012,1.2,A,少見,家長,1,媒體識別碼無效或重複,圖片或音檔的編號不正確，或重複了。
1389,T1013,1.2,A,少見,家長,1,媒體類別無效,圖片或音檔的種類不正確。
1390,T1014,1.2,A,少見,家長,1,媒體附加資料無效,圖片或音檔的附加資料不正確。
1391,T1017,1.2,A,少見,家長,1,媒體內容格式無效,圖片或音檔的內容不正確。
1392,T1018,1.2,A,少見,家長,1,媒體類別與格式不一致,圖片或音檔的種類和格式對不上。
1393,T1019,1.2,A,少見,家長,1,媒體Base64長度無效,圖片或音檔的資料長度不正確。
1394,T1020,1.2,A,少見,家長,1,媒體備份過大,圖片和音檔的備份太大。
1395,T1358,1.2,A,少見,家長,1,首次學習日期錯誤,第一次學習的日期不正確
1396,T1399,1.2,A,少見,家長,1,授權已失效,家長確認已過期
1397,T1474,1.2,A,少見,家長,1,音檔須介乎 0.08 至 60 秒。,音檔要在 0.08 至 60 秒之間。
1398,T1513,1.2,A,少見,家長,1,這個瀏覽器未能檢查檔案。請用 HTTPS 或本機 localhost 版本。,這個瀏覽器不能檢查檔案。請用 https 網址，或本機版本開啟。
1399,T2210,1.2,A,少見,家長,1,此環境沒有 Web Locks。請使用本機啟動器或 HTTPS，並在支援的瀏覽器開啟；目前只供閱讀，不會扣幣。,這個瀏覽器不能鎖住資料。請用本機啟動器，或用 https 網址，並換用較新的瀏覽器開啟。現在只能看，不會扣金幣。
1400,T2211,1.2,A,少見,家長,1,另一分頁正在編輯同一帳戶。請先關閉該分頁，再按「取得編輯權」；目前不會扣幣。,另一個分頁正在編輯這個帳戶。請先關閉那個分頁，再按「在這個分頁編輯」。現在不會扣金幣。
1401,T2213,1.2,A,少見,家長,1,另一分頁已更新紀錄。請保留目前備份，再重新開啟此頁。,另一個分頁更新了紀錄。請先備份，再重新打開這個頁面。
1402,T2292,1.2,A,少見,家長,1,身份或編輯權已改變,帳戶或編輯狀態已改變，請重新整理頁面。
1403,T3229,1.2,A,少見,家長,1,家庭資料處理中，數學暫停寫入,家庭資料正在處理，數學暫時不能儲存。
1404,T3231,1.2,A,少見,家長,1,這個分頁沒有編輯權。請返回英文取得編輯權，再繼續數學。,這個分頁不能編輯。請回到英文，按「在這個分頁編輯」，再繼續數學。
1405,T3234,1.2,A,少見,家長,1,孩子或帳戶已切換；沒有發放獎勵。,已換了孩子或帳戶，沒有給獎勵。
1406,T3238,1.2,A,少見,家長,1,獎勵日期不在可自動同步的範圍；請保留數學備份。,獎勵日期超出可自動處理的範圍。請保留數學備份。
1407,T3283,1.2,A,少見,家長,1,教材圖片或音訊仍在處理，請等待完成或取消後再備份／還原,教材的圖片或音檔還在處理。請等處理完成或取消，再備份／還原。
1408,T3287,1.2,A,少見,家長,1,需要 HTTPS 或 localhost 的原生密碼運算介面；未產生未校驗備份,這個瀏覽器不能檢查備份檔，所以沒有建立備份。請用 https 網址，或本機啟動器。
1409,T3297,1.2,A,少見,家長,1,請先取得目前分頁的編輯權,請先按「在這個分頁編輯」
1410,T3298,1.2,A,少見,家長,1,未知交易狀態，沒有修改資料,未完成操作的狀態不明，資料沒有改動。
1411,T3302,1.2,A,少見,家長,1,匯出期間資料有變動，請暫停學習後重試；沒有產生不一致備份,匯出期間資料有改動，所以沒有建立備份。請先暫停學習，再試一次。
1412,T3304,1.2,A,少見,家長,1,匯出校驗期間資料或身份改變，沒有產生備份,匯出檢查期間，資料或帳戶有改動，所以沒有建立備份。請再試一次。
1413,T3305,1.2,A,少見,家長,1,家庭備份超過140 MB，未產生無法還原的檔案,家庭備份超過 140 MB，所以沒有建立備份檔。
1414,T3306,1.2,A,少見,家長,1,家庭備份超過140 MB或未選檔案,家庭備份檔超過 140 MB，或還沒選擇檔案。
1415,T3391,1.2,A,少見,家長,1,已達今天的全站時限，請休息或由家長調整。,今天的使用時間已用完。請休息一下，或由家長調整。
1416,T3395,1.2,A,少見,家長,1,請用 HTTPS 或本機啟動器開啟，直接雙擊HTML不能安裝離線快取,請用 https 網址或本機啟動器開啟。直接雙擊檔案，不能安裝離線資料。
1417,T3402,1.2,A,少見,家長,1,不是有效WASM檔案：,辨認程式檔案不正確：
1418,T3406,1.2,A,少見,家長,1,本機OCR未齊，請重新準備離線資料,相片辨認資料不齊全，請重新準備離線資料。
1419,T3446,1.2,A,少見,家長,1,現場沒有家庭主資料，沒有產生空白備份。,目前沒有家庭資料，所以沒有建立空白備份。
1420,T3447,1.2,A,少見,家長,1,現場家庭主資料已損壞，沒有產生備份。,目前的家庭資料已損壞，所以沒有建立備份。
1421,T3448,1.2,A,少見,家長,1,現場家庭主資料未通過檢查，沒有產生備份。,目前的家庭資料沒通過檢查，所以沒有建立備份。
1422,T3449,1.2,A,少見,家長,1,現場家庭主資料沒有任何孩子，沒有產生空白備份。,目前的家庭資料裏沒有孩子，所以沒有建立空白備份。
1423,T3456,1.2,A,少見,家長,1,現場資料不完整，不能先建立安全快照，沒有改動任何資料：,目前的資料不完整，不能先建立安全備份，所以沒有改動任何資料：
1424,T3726,1.2,A,少見,家長,1,獎勵超過自動同步時限；請家長檢查,獎勵超過自動處理的時限。請家長檢查。
1425,T3732,1.2,A,少見,家長,1,本機孩子名單損壞；請保留備份,孩子名單已損壞。請保留備份。
1426,T3742,1.2,A,少見,家長,1,刪除未完成，請保留備份並檢查瀏覽器儲存。,刪除沒有完成。請保留備份，並檢查瀏覽器的儲存設定。
1427,T3746,1.2,A,少見,家長,1,不是目前孩子的數學備份；沒有更改原資料,這不是目前這位孩子的數學備份，原有資料沒有改動。
1428,T3748,1.2,A,少見,家長,1,備份指紋無效,備份檔可能已損壞，或有人改過。
1429,T3752,1.2,A,少見,家長,1,合併後超過5000筆；請保留兩份備份，沒有截斷或覆蓋,合併後會超過 5000 筆，所以沒有合併。請保留兩份備份。
1430,T3753,1.2,A,少見,家長,1,合併後超過300節課，沒有丟棄舊紀錄；請先整理備份,合併後會超過 300 節課，所以沒有合併，舊紀錄都保留。請先整理備份。
1431,T3744,0.9,B,少見,兩者,1,帳戶或孩子已切換，請重新開啟數學,已換了帳戶或孩子，請重新打開數學。
1432,T3745,0.9,B,少見,兩者,1,另一個分頁更新了進度。為免覆蓋，請重新開啟本頁。,另一個分頁更新了進度。以免蓋掉新進度，請重新打開這個頁面。
1433,T2162,0.8,B,少見,家長,1,尚未儲存；請勿關頁，先匯出備份。,還沒儲存。請不要關閉頁面，先匯出備份。
1434,T3730,0.7,E,少見,兩者,1,請先完成或結束正在進行的英文街機，再開啟數學。,請先完成或結束正在玩的遊戲，再打開數學。
1435,T3731,0.7,E,少見,兩者,1,請先結束目前的小遊戲，再開啟數學。,請先結束目前的遊戲，再打開數學。
1436,T3741,0.7,E,少見,兩者,1,沒有可刪除的學員,沒有可刪除的孩子。
1437,T3749,0.7,E,少見,兩者,1,這份舊紀錄已搬入，沒有重複加入,這份舊紀錄已轉入，沒有重複加入。
1438,T0982,0.6,E,少見,家長,1,學員數過多,孩子人數太多。
1439,T0983,0.6,E,少見,家長,1,使用時間學員無效,使用時間紀錄找不到對應的孩子。
1440,T2238,0.6,E,少見,家長,1,此帳戶已搬移過。,這個帳戶已轉移過。
1441,T3232,0.6,E,少見,家長,1,請先暫停英文練習或保存匯入內容，返回首頁後再開啟數學。,請先暫停英文練習，或儲存匯入的內容，回到首頁後再打開數學。
1442,T3233,0.6,E,少見,家長,1,請先結束目前的街機或小遊戲，再開啟數學；沒有扣除新的金幣。,請先結束目前的遊戲，再打開數學。沒有扣金幣。
1443,T3235,0.6,E,少見,家長,1,沒有已保存的數學獎勵紀錄。,沒有已儲存的數學獎勵紀錄。
1444,T3237,0.6,E,少見,家長,1,獎勵資料與已保存任務不一致。,獎勵資料和已儲存的任務對不上。
1445,T3392,0.6,E,少見,家長,1,這份舊備份已搬入目前孩子，沒有重複搬入,這份舊備份已轉入目前的孩子，沒有重複轉入。
