id,original,type,audience,category,new_text,reason,exposure,occurrences,locations,anchor_exact_count,anchor_delimited_count,note
T0062,機會 ,標籤,孩子,E,生命 ,「機會」統一為「生命」,課堂中,1,index.html 腳本1 第595行（檔案第595行）｜函式 simon,3,1,字串片段（與其他片段拼接成一句，須成對修改）
T0068,這是拼法關聯，不是詞根切分。repair 的重音在後一音節；stairs 最後還有 s。air 在詞尾的 r 是否發出，要看口音及下一個音。,說明,兩者,A,這是拼法的關聯，不是字根拆解。repair 的重音在後面一個音節；stairs 最後多了 s。air 的 r 在字尾發不發音，要看口音和下一個音。,「詞根切分」「重音」等術語堆在一句，拆短並用日常說法,課堂中,1,index.html 腳本2 第599行（檔案第599行）｜欄位 lessons.parentNote,1,1,
T0071,今課 ay 表示 /eɪ/。same spelling 並非所有字都只有一種讀法，例如 says 是例外，今課不混入。,說明,兩者,AB,這課的 ay 讀 /eɪ/。拼法相同的字不一定同音，例如 says 是例外，這課不教。,中英夾雜的「same spelling 並非」不順，改成短句,課堂中,1,index.html 腳本2 第599行（檔案第599行）｜欄位 lessons.parentNote,1,1,
T0074,今課 ee 對應 /iː/；示範是完整單字，不朗讀 E-E 字母名稱冒充音素。,說明,兩者,AB,這課的 ee 讀 /iː/。示範都是整個字的讀音，不是讀兩次字母 E。,「冒充音素」是說明書腔，家長看不明,課堂中,1,index.html 腳本2 第599行（檔案第599行）｜欄位 lessons.parentNote,1,1,
T0077,採英式 /əʊ/。這是本課所選單字的對應，不是一條沒有例外的規則。,說明,兩者,A,這課用英式讀音 /əʊ/。只適用於這課的字，不是沒有例外的規則。,「採…對應」書面腔，改日常說法,課堂中,1,index.html 腳本2 第599行（檔案第599行）｜欄位 lessons.parentNote,1,1,
T0080,這組 igh 對應 /aɪ/，並非逐個字母朗讀；right 在本課只教「右邊」。,說明,兩者,A,igh 要當成一組，讀 /aɪ/，不是逐個字母讀。right 這課只教「右邊」的意思。,「並非逐個字母朗讀」改直接說明,課堂中,1,index.html 腳本2 第599行（檔案第599行）｜欄位 lessons.parentNote,1,1,
T0086,本課 ch 是 /tʃ/，先擋住再放出氣流；school 的 ch 讀 /k/，不屬本課這個讀音。,說明,兩者,A,這課的 ch 讀 /tʃ/：先擋住氣，再放開。school 的 ch 讀 /k/，不在這課教。,一句塞兩個重點，拆開,課堂中,1,index.html 腳本2 第599行（檔案第599行）｜欄位 lessons.parentNote,1,1,
T0089,thin 的 /θ/ 是清音，與 this 的 /ð/ 分課比較；不是 /s/ 或 /f/。不以同一字串判定相同發音。,說明,兩者,A,thin 的 /θ/ 不震動喉嚨，this 的 /ð/ 會震動，兩者分開兩課教。它們也不是 /s/ 或 /f/。相同的字母串，讀音不一定相同。,「清音」「判定」「同一字串」是術語，改成家長看得懂的描述,課堂中,1,index.html 腳本2 第599行（檔案第599行）｜欄位 lessons.parentNote,1,1,
T0092,this、that、them、then 的 th 是 /ð/。輕觸喉部可感受震動；跟讀只作自行練習，系統不判斷口音。,說明,兩者,A,this、that、them、then 的 th 讀 /ð/。輕摸喉嚨，會感覺到震動。跟讀只是自己練習，程式不會評分。,「系統不判斷口音」改為「程式不會評分」,課堂中,1,index.html 腳本2 第599行（檔案第599行）｜欄位 lessons.parentNote,1,1,
T0095,本課 ph 表示 /f/；上門牙輕碰下唇送氣。photo、elephant、dolphin 的重音與其他母音仍要逐字聽。,說明,兩者,A,這課的 ph 讀 /f/：上門牙輕碰下唇，送氣。photo、elephant、dolphin 的重音和其他母音，要一個字一個字聽。,「逐字聽」「重音」保留但改短句,課堂中,1,index.html 腳本2 第599行（檔案第599行）｜欄位 lessons.parentNote,1,1,
T0098,本課 a_e 是分隔的字母組合，對應 /eɪ/，末尾 e 不另讀；不是所有 a_e 都如此，例如 have 不在這組。小測補字時按次序填 a、e。,說明,兩者,A,這課的 a_e 是隔開的一組字母，讀 /eɪ/，最後的 e 不讀。不是所有 a_e 都這樣讀，例如 have 不在這組。小測補字時，依次填 a、e。,原句 4 個條件擠在一起,課堂中,1,index.html 腳本2 第599行（檔案第599行）｜欄位 lessons.parentNote,1,1,
T0108,詞庫未收錄，可核對後保留,說明,家長,E,內置題庫沒有這個字，核對後可以保留,「詞庫」與「題庫」混用，統一為「內置題庫」,家長頁,1,index.html 腳本5 第649行（檔案第649行）｜函式 make,1,1,
T0121,帳戶清單大小不正確,錯誤,家長,AD,帳戶清單有問題。請用最近的備份還原。,原文沒說下一步,少見,1,index.html 腳本7 第959行（檔案第959行）｜函式 parseRegistry,1,1,
T0122,帳戶清單不是完整 JSON,錯誤,家長,AD,帳戶清單讀不出來。請用最近的備份還原。,「JSON」是技術詞，家長不用知道,少見,1,index.html 腳本7 第960行（檔案第960行）｜函式 parseRegistry,1,1,
T0123,帳戶清單格式不正確,錯誤,家長,AD,帳戶清單的格式不對。請用最近的備份還原。,原文沒說下一步,少見,1,index.html 腳本7 第961行（檔案第961行）｜函式 parseRegistry,1,1,
T0124,帳戶清單包含不完整項目,錯誤,家長,AD,帳戶清單有缺漏的項目。請用最近的備份還原。,原文沒說下一步,少見,1,index.html 腳本7 第964行（檔案第964行）｜函式 parseRegistry,1,1,
T0125,帳戶清單有重複身份,錯誤,家長,AD,帳戶清單有重複的帳戶。請用最近的備份還原。,「身份」改為「帳戶」，並加下一步,少見,1,index.html 腳本7 第966行（檔案第966行）｜函式 parseRegistry,1,1,
T0126,帳戶搬移標記不正確,錯誤,家長,AD,帳戶轉移的記號有誤。請用最近的備份還原。,「搬移標記」是內部詞,少見,1,index.html 腳本7 第967行（檔案第967行）｜函式 parseRegistry,1,1,
T0127,備份資料層數過深,錯誤,家長,A,備份檔的結構太複雜，讀不了。,「資料層數過深」是內部詞,少見,1,index.html 腳本7 第973行（檔案第973行）｜函式 canonical,1,1,
T0128,備份含非有限數值,錯誤,家長,A,備份檔含有不正常的數字，讀不了。,「非有限數值」是術語,少見,1,index.html 腳本7 第975行（檔案第975行）｜函式 canonical,1,1,
T0129,備份含不支援的資料類型,錯誤,家長,A,備份檔含有不支援的內容，讀不了。,「資料類型」是術語,少見,1,index.html 腳本7 第978行（檔案第978行）｜函式 canonical,1,1,
T0130,此環境沒有備份完整性運算；請使用本機啟動器或 HTTPS,錯誤,家長,AD,這個瀏覽器不能檢查備份檔。請用本機啟動器，或用 https 網址開啟。,「備份完整性運算」生硬，並說明下一步,少見,1,index.html 腳本7 第981行（檔案第981行）｜函式 digest,1,1,
T0131,備份資料格式錯誤,錯誤,家長,AD,備份檔的格式不對，請換另一個備份檔。,沒說下一步,少見,1,index.html 腳本7 第987行（檔案第987行）｜函式 seal,1,1,
T0132,備份最多 10 MB,錯誤,家長,AD,備份檔不可超過 10 MB。請換較小的檔案。,沒說下一步,少見,3,index.html 腳本7 第992行（檔案第992行）｜函式 inspect ‖ index.html 腳本33 第4134行（檔案第4134行） ‖ index.html 腳本33 第4203行（檔案第4203行）｜函式 v25InspectFile,4,3,
T0133,備份不是完整 JSON，沒有更改資料,錯誤,家長,AD,這個備份檔不完整，打不開。資料沒有改動。,「JSON」是技術詞,少見,1,index.html 腳本7 第993行（檔案第993行）｜函式 inspect,1,1,
T0134,備份必須是學習資料物件,錯誤,家長,A,備份檔的內容不對，不是學習資料。,「物件」是程式術語,少見,1,index.html 腳本7 第994行（檔案第994行）｜函式 inspect,1,1,
T0135,備份完整性標記無效,錯誤,家長,A,備份檔的檢查記號不對，檔案可能不完整。,「完整性標記無效」是術語,少見,1,index.html 腳本7 第998行（檔案第998行）｜函式 inspect,1,1,
T0136,備份校驗不一致；檔案可能損壞或曾被修改，沒有更改資料,錯誤,家長,AB,備份檔和檢查碼不相符，可能已損壞或被改過。資料沒有改動。,「備份校驗不一致」生硬,少見,1,index.html 腳本7 第999行（檔案第999行）｜函式 inspect,1,1,
T0140,學習設定格式錯誤,錯誤,家長,AD,學習設定讀不到，請重新儲存設定。,沒說下一步,少見,1,index.html 腳本8 第1026行（檔案第1026行）｜函式 policy,1,1,
T0141,學習設定版本錯誤,錯誤,家長,AD,學習設定的版本不符，請重新儲存設定。,沒說下一步,少見,1,index.html 腳本8 第1026行（檔案第1026行）｜函式 policy,1,1,
T0142,評分模式錯誤,錯誤,家長,AD,評分方式不正確，請重新選擇。,沒說下一步,少見,1,index.html 腳本8 第1026行（檔案第1026行）｜函式 policy,1,1,
T0143,年級設定錯誤,錯誤,家長,AD,年級不正確，請重新選擇。,沒說下一步,少見,1,index.html 腳本8 第1026行（檔案第1026行）｜函式 policy,1,1,
T0144,範圍鎖格式錯誤,錯誤,家長,AD,固定範圍的設定有誤，請重新選擇。,沒說下一步,少見,1,index.html 腳本8 第1026行（檔案第1026行）｜函式 policy,1,1,
T0145,固定範圍不存在或不屬於孩子,錯誤,家長,AD,找不到固定的默書範圍，請重新選擇。,「不屬於孩子」改為更直接的說法,少見,1,index.html 腳本8 第1026行（檔案第1026行）｜函式 policy,1,1,
T0146,作答證據格式錯誤,錯誤,家長,AD,作答紀錄有問題，請重試。,「作答證據格式錯誤」是內部詞,少見,1,index.html 腳本8 第1028行（檔案第1028行）｜函式 attemptContext,1,1,
T0147,請使用 HTTPS 或本機啟動器；此環境沒有安全密碼運算，不能建立或升級帳戶。,錯誤,家長,AD,這個網址不夠安全，不能建立或升級帳戶。請用本機啟動器，或改用 https 網址。,「安全密碼運算」是術語,少見,1,index.html 腳本10 第1093行（檔案第1093行）｜函式 cryptoAPI,1,1,
T0156,雲端跑道,標題,孩子,E,雲上跑道,「雲端」在香港指雲端儲存，易與「沒有雲端同步」混淆（遊戲名，由擁有者決定）,課堂中,1,index.html 腳本14 第1276行（檔案第1276行）｜欄位 name,1,1,
T0160,角色會自動前進。用左右鍵切換隧道的六面跑道，遇到空格就跳過。跳躍不能連按；先看遠一點的路。,說明,孩子,A,角色會自動向前跑。按左右鍵換跑道。遇到空格就跳過去。不能連續跳，先看遠一點。,原文單句 20 字且含四個意思,課堂中,1,index.html 腳本14 第1276行（檔案第1276行）｜欄位 guide,1,1,
T0165,恢復原賽道,標籤,孩子,E,復原賽道,「恢復」「復原」混用，畫面上撤回操作統一用「復原」,課堂中,1,index.html 腳本14 第1280行（檔案第1280行）｜欄位 label,1,1,
T0167,請放至少 5 個不同路點；相鄰路點相隔 25 像素，圍出有面積的賽道。,提示,孩子,A,請至少放 5 個點，點與點要隔遠一點，圍成一圈。,「相隔 25 像素」「有面積」是程式規格，孩子不用知道,課堂中,1,index.html 腳本14 第1283行（檔案第1283行）,1,1,
T0176,跑出一條靚路線，挑戰上一圈。,說明,孩子,E,跑出一條漂亮的路線，挑戰上一圈。,「靚」是口語字，與其他書面語不一致,課堂中,1,index.html 腳本14 第1291行（檔案第1291行）｜欄位 desc,1,1,
T0178,車會自動加速，左右鍵轉向，下鍵煞車。留在米色道路內，順時針經過四個路標。三圈完成一局。圈速只用作紀錄，不是倒數；手機用轉向及煞車按鈕。,說明,孩子,A,車會自動加速。左右鍵轉向，下鍵煞車。留在米色路上，順時針經過四個路標。跑完三圈就完成。圈速只做紀錄，不是倒數。手機用轉向和煞車按鈕。,原文一段 70 多字，拆成短句,課堂中,1,index.html 腳本14 第1291行（檔案第1291行）｜欄位 guide,1,1,
T0188,一個按鈕，掌握每個轉角時機。,說明,孩子,A,一個按鈕，抓準每個轉角。,「掌握…時機」偏書面,課堂中,1,index.html 腳本14 第1299行（檔案第1299行）｜欄位 desc,1,1,
T0190,小車只沿兩個方向前進。按一次就轉向，再按一次就轉回。在轉角的中央切換方向，保持在米色小徑之內。,說明,孩子,A,小車只走兩個方向。按一下轉向，再按一下轉回。在轉角中央轉向，留在米色路上。,原文句長 19 字,課堂中,1,index.html 腳本14 第1299行（檔案第1299行）｜欄位 guide,1,1,
T0192,拖動手指／滑鼠，或按 ← →，引導兔仔落到下一個鈴鐺。,說明,孩子,A,拖動手指或滑鼠，或按 ← →。帶兔仔落在下一個鈴鐺上。,「引導」改日常說法，拆成兩句,課堂中,1,index.html 腳本14 第1302行（檔案第1302行）,1,1,
T0204,兔仔會自動跳起。用左右方向鍵或 A、D 移動，手機用下方方向按鈕。讓兔仔下降時踏到鈴鐺，就會再次彈起。,說明,孩子,A,兔仔會自己跳。按左右鍵或 A、D 移動。手機用下面的方向鍵。下降時踏到鈴鐺，兔仔就會再彈起。,原文句長 18 字，拆開,課堂中,1,index.html 腳本14 第1308行（檔案第1308行）｜欄位 guide,1,1,
T0216,用左右鍵或 A、D 控制下方球拍，手機用左右按鈕。球碰到球拍邊緣會斜飛。先取得 5 分獲勝，失 3 分則結束這局。,說明,孩子,A,用左右鍵或 A、D 移動球拍。手機用左右按鈕。球撞到球拍邊緣會斜飛。先得 5 分就贏，失 3 分就結束。,原文句長 18 字,課堂中,1,index.html 腳本14 第1318行（檔案第1318行）｜欄位 guide,1,1,
T0217,按住 Space 或「蓄力投籃」，放開出手。系統取消觸控時不會自動投球。,說明,孩子,AB,按住 Space 或「蓄力投籃」，放開就投。手指移開畫面時，不會自動投球。,「系統取消觸控」是說明書腔,課堂中,1,index.html 腳本14 第1321行（檔案第1321行）,1,1,
T0232,按住蓄力、放手投籃，掌握恰好的力度。,說明,孩子,A,按住蓄力，放手投籃，力度要剛好。,「掌握恰好的力度」偏書面,課堂中,1,index.html 腳本14 第1333行（檔案第1333行）｜欄位 desc,1,1,
T0234,按住 Space 蓄力，再放開投籃；手機按住「蓄力投籃」再放開。力度條幫你掌握距離。球從籃框上方落入得分；最多 7 球，或失 3 球後結算。,說明,孩子,A,按住 Space 蓄力，放開就投。手機按住「蓄力投籃」再放開。力度條會顯示遠近。球從籃框上方入網才得分。最多投 7 球，失 3 球就結束。,「掌握距離」「結算」生字，拆成短句,課堂中,1,index.html 腳本14 第1333行（檔案第1333行）｜欄位 guide,1,1,
T0237,正中甜區！6 分,提示,孩子,A,正中金圈！6 分,「甜區」孩子不明白，與畫面的「金色圈」統一,課堂中,1,index.html 腳本14 第1338行（檔案第1338行）,1,1,
T0246,球到甜區才出手，揮出漂亮一球。,說明,孩子,A,球到金圈才揮棒，打出漂亮一球。,「甜區」孩子不明白,課堂中,1,index.html 腳本14 第1343行（檔案第1343行）｜欄位 desc,1,1,
T0248,球由右方過來，到達左邊金色圈時按「揮棒」或空白鍵。越接近中心，得分越高。每球只能揮一次，共 10 球。,說明,孩子,A,球從右邊飛來。到金色圈時按「揮棒」或空白鍵。越近圈心，分數越高。每球只揮一次，共 10 球。,原文句長 21 字,課堂中,1,index.html 腳本14 第1343行（檔案第1343行）｜欄位 guide,1,1,
T0250,虛線是「現在剪斷」的落點，變綠色就剪！兩條繩要先剪一條，等蜜糖擺到好位置再剪另一條。,說明,孩子,A,虛線是現在剪斷的落點。變綠色就剪！有兩條繩時，先剪一條，等蜜糖擺好再剪另一條。,原文句長 21 字,課堂中,1,index.html 腳本15 第1349行（檔案第1349行）,1,1,補丁引用：patches/p20_engines.py 含此文字（可能是錨點或R3.4自己的字串）
T0268,點繩子，或用下方按鈕剪斷指定繩子。蜜糖會隨重力擺動，剪繩次序和時機會改變落點。送進杯中就過關，途中可收集花星。,說明,孩子,A,點繩子，或按下面的按鈕剪斷指定的繩。蜜糖會隨重力擺動，剪繩的次序和時機會改變落點。送進杯中就過關，途中可收集花星。,原文句長 20 字，拆句,課堂中,1,index.html 腳本15 第1359行（檔案第1359行）｜欄位 guide,1,1,
T0272,用方向鍵或在畫面上滑動，翻滾長方體；直立落在金色目標格才過關。,說明,孩子,A,按方向鍵，或在畫面上滑動，翻滾長方體。直立落在金色格就過關。,原文句長 16 字,課堂中,1,index.html 腳本15 第1363行（檔案第1363行）,1,1,補丁引用：patches/p20_engines.py 含此文字（可能是錨點或R3.4自己的字串）
T0287,按方向鍵翻滾長方體。橫躺時會佔兩格，直立時佔一格；所有接觸平台的格子都要有地面。最後必須直立在金色格。可退一步或看下一步提示。,說明,孩子,A,按方向鍵翻滾長方體。橫躺佔兩格，直立佔一格。每一格都要踏在地面上。最後要直立在金色格。可以退一步，或看提示。,原文一段 70 字，拆短,課堂中,1,index.html 腳本15 第1369行（檔案第1369行）｜欄位 guide,1,1,
T0305,在畫面拖動畫線，再按「開水」。水滴會沿斜線滑落；平線容易讓水滴停住。把指定數量引進杯子便過關。可撤銷、清除線條，或重新裝水。,說明,孩子,A,在畫面拖動畫線，再按「開水」。水滴會沿斜線滑下，平線會讓水停住。把指定份量的水引進杯子就過關。可以復原、清除線條，或重新裝水。,「引進」「指定數量」偏書面，拆短,課堂中,1,index.html 腳本15 第1382行（檔案第1382行）｜欄位 guide,1,1,
T0312,遮住不想上色的部分，再染色。除去所有遮罩後按「驗收」。,說明,孩子,A,遮住不想上色的部分，再染色。除去所有遮罩後按「檢查」。,配合「驗收」改為「檢查」,課堂中,1,index.html 腳本15 第1385行（檔案第1385行）,1,1,
T0320,驗收,標籤,孩子,A,檢查,「驗收」偏成人用語，改「檢查」（遊戲工具鈕）,課堂中,1,index.html 腳本15 第1387行（檔案第1387行）｜欄位 label,13,1,
T0321,還原白球,標籤,孩子,A,回到白球,「還原」是術語，改日常說法,課堂中,1,index.html 腳本15 第1387行（檔案第1387行）｜欄位 label,1,1,補丁引用：patches/p20_engines.py 含此文字（可能是錨點或R3.4自己的字串）
T0326,還有部分顏色不同，對照右方目標再試。,提示,孩子,A,有些顏色不同。看看右邊的目標，再試一次。,原文句長 16 字,課堂中,1,index.html 腳本15 第1389行（檔案第1389行）,1,1,
T0334,點「遮上半／下半／左半／右半」覆蓋部分球面，可同時用兩個遮罩。染色只改變沒被遮住的地方。完成後除去遮罩再驗收；不同遮罩次序可以做出不同圖案。,說明,孩子,A,按「遮上半／下半／左半／右半」，蓋住一部分球面。可以同時用兩個遮罩。染色只會染沒蓋住的地方。完成後除去遮罩，再按「檢查」。遮罩次序不同，圖案也不同。,原文句長 24 字，並配合「檢查」,課堂中,1,index.html 腳本15 第1393行（檔案第1393行）｜欄位 guide,1,1,
T0357,在設計區用「連桿」點兩個零件把它們連起來。可加車輪、移動零件。按「試行」讓有動力的車輪前進；貨箱到達旗幟才算成功。用「基本車架」可載入可行範例。,說明,孩子,A,在設計區按「連桿」，再點兩個零件，把它們連起來。可以加車輪、移動零件。按「試行」，有動力的車輪就會前進。貨箱到達旗幟才成功。按「基本車架」可看範例。,原文句長 18 字，「載入可行範例」偏術語,課堂中,1,index.html 腳本15 第1406行（檔案第1406行）｜欄位 guide,1,1,
T0361,你砌出了 ${this.target}！做得好！,說明,孩子,B,你砌出了 ${this.target}，做得好！,兩個感嘆號，改一個,課堂中,1,index.html 腳本16 第1414行（檔案第1414行）,1,1,
T0369,上下左右滑動，或按方向鍵。相同數字相撞便合併，一次移動每塊最多合併一次。每次有效移動後會加入新數字。保留空間，不要把自己封住。,說明,孩子,A,上下左右滑動，或按方向鍵。相同的數字相撞就會合併。每次移動，每塊最多合併一次。每次移動後會出現新數字。要留空位，別把自己困住。,原文句長 21 字,課堂中,1,index.html 腳本16 第1419行（檔案第1419行）｜欄位 guide,1,1,
T0380,用左右鍵旋轉中央六角形。落下的色塊會疊在面向它的一面；同一面最外層連續三塊或以上同色就會消除。一面疊到八塊便結束。,說明,孩子,A,按左右鍵轉動中間的六角形。色塊會疊在對著它的一面。同一面最外面連續三塊同色，就會消除。一面疊到八塊就結束。,原文句長 19 字,課堂中,1,index.html 腳本16 第1430行（檔案第1430行）｜欄位 guide,1,1,
T0397,先選下方一組積木，可按「旋轉積木」改方向，再點棋盤放置。蜂巢沿三個方向，任何完整一行都會消除。三組用完才補新積木。,說明,孩子,A,先選下面一組積木，可按「旋轉積木」轉方向，再點棋盤放下。蜂巢有三個方向，排滿一行就消除。三組用完，才有新積木。,原文句長 23 字,課堂中,1,index.html 腳本16 第1443行（檔案第1443行）｜欄位 guide,1,1,
T0416,金色格是下一塊路片。左右旋轉，再按「放置」。金線會沿路片自動前進；走回舊路片也會繼續穿過。路走出邊界或合成花環時結算。每片可交換一次備用片。,說明,孩子,A,金色格是下一塊路片。左右轉動，再按「放置」。金線會沿路片自己前進，走回舊路片也會穿過。走出邊界或圍成花環，這一局就結束。每塊路片可換一次備用片。,原文一段 70 字，「結算」生字,課堂中,1,index.html 腳本16 第1456行（檔案第1456行）｜欄位 guide,1,1,
T0424,方塊資料不完整，請重新開始。,說明,孩子,A,這局的方塊讀不到，請重新開始。,「方塊資料不完整」是技術語,課堂中,1,index.html 腳本16 第1466行（檔案第1466行）,1,1,
T0433,左右移動，上鍵旋轉，下鍵加速，空白鍵直接落下。填满一整行便會消除。可收藏一塊，每次落定後才可再次換出。C 鍵收藏方塊。手機使用下方移動、旋轉、直落及收藏按鈕。,說明,孩子,AC,左右鍵移動，上鍵旋轉，下鍵加速，空白鍵直接落下。填滿一行就消除。可收藏一塊，落下後才能再換。按 C 鍵收藏。手機用下面的按鈕。,原文有簡體字「满」，且一段 70 字,課堂中,1,index.html 腳本16 第1472行（檔案第1472行）｜欄位 guide,1,1,
T0436,香草,標籤,孩子,C,雲呢拿,「香草」是內地譯法，香港通用「雲呢拿」,課堂中,1,index.html 腳本17 第1478行（檔案第1478行）,2,2,
T0443,看客人的訂單，依次加雪糕、選配料、攪拌，再交給客人。,說明,孩子,A,看客人的訂單。加雪糕、選配料、攪拌，再交給客人。,原文句長 21 字,課堂中,1,index.html 腳本17 第1478行（檔案第1478行）,1,1,
T0457,和訂單還有不同，對照口味、次序和配料。,提示,孩子,A,和訂單還不一樣。再看看口味、次序和配料。,原文句長 16 字，拆成兩句,課堂中,1,index.html 腳本17 第1484行（檔案第1484行）,1,1,
T0472,先看上方已選客人的訂單，依次按口味加球，再選配料。按「開始攪拌」，指針到綠色區域時按停止，最後交給客人。點其他客人的訂單可切换服務對象。,說明,孩子,AC,先看上面客人的訂單。按口味加雪糕球，再選配料。按「開始攪拌」，指針到綠色區就按停止。最後交給客人。點其他客人的訂單，可以換客人。,原文句長 22 字，並有簡體字「换」,課堂中,1,index.html 腳本17 第1489行（檔案第1489行）｜欄位 guide,1,1,
T0478,合奏已自動播放。先選樂器，再點下方 1–16 拍加減節奏；作品可保存及匯出。,說明,孩子,AE,合奏已經開始播放。先選樂器，再按下面 1–16 拍來加減節奏。作品可以儲存，也可以存成檔案。,「匯出」對孩子是生字；「保存」與「儲存」混用,課堂中,1,index.html 腳本17 第1492行（檔案第1492行）,1,1,補丁引用：patches/p20_engines.py 含此文字（可能是錨點或R3.4自己的字串）
T0484,保存作品,標籤,孩子,E,儲存作品,「保存」統一為「儲存」,課堂中,1,index.html 腳本17 第1495行（檔案第1495行）｜欄位 label,2,1,
T0485,匯出作品 JSON,標籤,孩子,A,存成檔案,「匯出作品 JSON」含技術詞，孩子看不明,課堂中,1,index.html 腳本17 第1495行（檔案第1495行）｜欄位 label,1,1,
T0486,匯入作品,標籤,孩子,A,讀取檔案,「匯入」是生字，改日常動作,課堂中,1,index.html 腳本17 第1495行（檔案第1495行）｜欄位 label,2,1,
T0491,瀏覽器未能保存，請改用匯出作品。,提示,孩子,AE,這裏存不了作品，請按「存成檔案」。,「瀏覽器未能保存」「匯出」孩子看不明,課堂中,1,index.html 腳本17 第1497行（檔案第1497行）,1,1,
T0492,作品已保存在本機。,提示,孩子,E,作品已儲存在這部裝置。,「保存」統一為「儲存」，「本機」改「這部裝置」,課堂中,1,index.html 腳本17 第1497行（檔案第1497行）,1,1,
T0493,已匯出節奏資料；可用匯入作品重新開啟。,提示,孩子,A,已存成檔案。想再打開，按「讀取檔案」。,「匯出／匯入／資料」孩子看不明,課堂中,1,index.html 腳本17 第1497行（檔案第1497行）,1,1,
T0494,作品格式不正確，沒有改動現有作品。,提示,孩子,AD,這個檔案不是作品檔，原來的作品沒有改動。請換一個檔案。,「格式」是術語，並加下一步,課堂中,1,index.html 腳本17 第1497行（檔案第1497行）,1,1,
T0495,作品已匯入。,提示,孩子,A,已讀取作品。,「匯入」是生字,課堂中,1,index.html 腳本17 第1497行（檔案第1497行）,1,1,
T0503,按「播放合奏」。每一列是一件樂器，每一格是一拍。點格子開關聲音，或選樂器後用下方 1–16 拍按鈕編曲。可調速度、保存作品，匯出或匯入 JSON 節奏檔。,說明,孩子,AE,按「播放合奏」。每一列是一件樂器，每一格是一拍。點格子開關聲音。也可以選樂器，再按下面 1–16 拍編曲。可以調速度、儲存作品，也可以存成或讀取節奏檔。,原文句長 20 字，含 JSON,課堂中,1,index.html 腳本17 第1505行（檔案第1505行）｜欄位 guide,1,1,
T0507,先聽 4 拍預備。金球轉到下一個光圈時，按一下空白鍵／拍子。,說明,孩子,A,先聽 4 拍預備。金球到光圈時，按一下空白鍵或拍子鈕。,原文句長 18 字,課堂中,1,index.html 腳本17 第1508行（檔案第1508行）,1,1,
T0516,跟着預備拍輕拍，幫你校準節拍,說明,孩子,A,跟着預備拍輕拍，電腦會對準節拍,「校準」是生字,課堂中,1,index.html 腳本17 第1512行（檔案第1512行）,1,1,補丁引用：patches/p20_engines.py 含此文字（可能是錨點或R3.4自己的字串）
T0525,先聽四拍預備。金球沿圓軌轉動，當它到下一個光圈時按一下。越接近正拍得分越高；漏拍不會出現傷害動畫。共 32 拍，有三種速度。,說明,孩子,A,先聽四拍預備。金球沿圓軌轉動，到光圈時按一下。按得越準，分數越高。漏拍不會受傷。共 32 拍，有三種速度。,原文句長 19 字；「傷害動畫」嚇人,課堂中,1,index.html 腳本17 第1525行（檔案第1525行）｜欄位 guide,1,1,
T0527,金幣資料整數無效,錯誤,孩子,AD,金幣紀錄有誤（數字不對）。請重新開啟頁面。,內部驗證字眼，加下一步,課堂中,1,index.html 腳本19 第1551行（檔案第1551行）｜函式 integer,1,1,
T0528,金幣資料文字無效,錯誤,孩子,AD,金幣紀錄有誤（文字不對）。請重新開啟頁面。,內部驗證字眼，加下一步,課堂中,1,index.html 腳本19 第1552行（檔案第1552行）｜函式 str,1,1,
T0529,紀錄識別碼無效,錯誤,孩子,AD,遊戲紀錄的編號不對。請重新開啟頁面。,「識別碼」是術語,課堂中,1,index.html 腳本19 第1553行（檔案第1553行）｜函式 id,1,1,
T0530,金幣資料物件無效,錯誤,孩子,AD,金幣紀錄有誤，讀不了。請重新開啟頁面。,「資料物件」是程式術語,課堂中,1,index.html 腳本19 第1554行（檔案第1554行）｜函式 object,1,1,
T0531,金幣資料保留鍵,錯誤,孩子,AD,金幣紀錄含有不可用的名稱，讀不了。,「保留鍵」是程式術語,課堂中,1,index.html 腳本19 第1554行（檔案第1554行）｜函式 object,1,1,
T0532,學習日期無效,錯誤,孩子,A,學習日期不正確。,「無效」改日常說法,課堂中,1,index.html 腳本19 第1555行（檔案第1555行）｜函式 date,1,1,
T0533,學習日期不存在,錯誤,孩子,A,沒有這個學習日期。,「不存在」改日常說法,課堂中,1,index.html 腳本19 第1555行（檔案第1555行）｜函式 date,1,1,
T0534,沒有這部街機,錯誤,孩子,E,找不到這款遊戲。,「這部街機」與「遊戲」混用,課堂中,1,index.html 腳本19 第1566行（檔案第1566行）｜函式 game,1,1,
T0535,舊星星一比一保留；未用票一次轉換,說明,孩子,E,原來的星星會一換一變成金幣；沒用完的票會一次換成金幣。,「星星」是舊稱，統一為「金幣」,課堂中,1,index.html 腳本19 第1587行（檔案第1587行）｜函式 migrate｜欄位 note,1,1,
T0536,投幣識別碼過長,錯誤,孩子,AD,投幣編號太長，請重新開始這一局。,沒說下一步,課堂中,1,index.html 腳本19 第1597行（檔案第1597行）｜函式 purchase,1,1,
T0537,尚未解鎖，或家長已暫停這部街機,錯誤,孩子,E,這款遊戲還沒解鎖，或家長暫停了。,「這部街機」改「這款遊戲」,課堂中,1,index.html 腳本19 第1598行（檔案第1598行）｜函式 purchase,1,1,
T0538,請先繼續或結束尚未完成的一局,錯誤,孩子,A,請先繼續或結束上一局。,「尚未完成的一局」改短,課堂中,1,index.html 腳本19 第1599行（檔案第1599行）｜函式 purchase,1,1,
T0539,這次投幣已經處理,錯誤,孩子,A,這次投幣已經記錄了。,「處理」含糊,課堂中,1,index.html 腳本19 第1600行（檔案第1600行）｜函式 purchase,1,1,
T0540,這一輪已投五幣；完成下一輪有效學習，或請家長開放,錯誤,孩子,AE,這一輪的 5 枚金幣已經用完。完成下一輪學習，或請家長開放下一輪。,「投五幣」改「金幣」，量詞統一為「枚」,課堂中,1,index.html 腳本19 第1601行（檔案第1601行）｜函式 purchase,1,1,
T0541,金幣不足；尚未扣幣,錯誤,孩子,AD,金幣不夠，沒有扣金幣。先做練習賺金幣吧。,沒說下一步,課堂中,1,index.html 腳本19 第1602行（檔案第1602行）｜函式 purchase,1,1,
T0542,這一局不能開始,錯誤,孩子,D,這一局開不了，請重試或回到遊戲街機。,沒說下一步,課堂中,1,index.html 腳本19 第1609行（檔案第1609行）｜函式 start,1,1,
T0543,只有完全未開始的一局可以取消,錯誤,孩子,A,只有還沒開始玩的一局，才可以取消。,「完全未開始」偏書面,課堂中,1,index.html 腳本19 第1612行（檔案第1612行）｜函式 refund,1,1,
T0544,找不到原投幣紀錄,錯誤,孩子,D,找不到這一局的投幣紀錄，不能取消。,沒說清楚是什麼不能做,課堂中,1,index.html 腳本19 第1613行（檔案第1613行）｜函式 refund,1,1,
T0545,錢包已滿，取消尚未完成,錯誤,孩子,AD,金幣已滿，取消不了這一局。,「錢包已滿，取消尚未完成」難明,課堂中,1,index.html 腳本19 第1614行（檔案第1614行）｜函式 refund,1,1,
T0546,取消完全未玩的局,說明,孩子,A,取消沒開始的一局,「完全未玩的局」偏書面,課堂中,1,index.html 腳本19 第1616行（檔案第1616行）｜函式 refund｜欄位 note,1,1,
T0548,學習項目清單無效,錯誤,孩子,AD,學習項目的清單有誤。請重新開啟頁面。,內部字眼,課堂中,1,index.html 腳本19 第1628行（檔案第1628行）｜函式 activityKey,1,1,
T0549,今日有效任務紀錄已滿；未改動金幣,錯誤,孩子,AD,今天的學習紀錄已滿，金幣沒有改變。,「有效任務紀錄」生硬,課堂中,1,index.html 腳本19 第1641行（檔案第1641行）｜函式 task,1,1,
T0554,金幣資料版本不支援,錯誤,孩子,AD,金幣紀錄的版本讀不了。請用備份還原。,「資料版本不支援」是術語,課堂中,1,index.html 腳本19 第1658行（檔案第1658行）｜函式 validate,1,1,
T0555,金幣孩子上限,錯誤,孩子,A,金幣紀錄的孩子人數超過上限。,內部字眼,課堂中,1,index.html 腳本19 第1659行（檔案第1659行）｜函式 validate,1,1,
T0556,街機開放設定無效,錯誤,孩子,AD,遊戲開放設定有誤。請家長重新儲存設定。,內部字眼,課堂中,1,index.html 腳本19 第1664行（檔案第1664行）｜函式 validate,1,1,
T0557,街機權限無效,錯誤,孩子,AD,遊戲開放設定有誤。請家長重新儲存設定。,「權限」是生字,課堂中,1,index.html 腳本19 第1665行（檔案第1665行）｜函式 validate,1,1,
T0558,造型無效,錯誤,孩子,AD,造型設定有誤，請重新選擇。,沒說下一步,課堂中,1,index.html 腳本19 第1666行（檔案第1666行）｜函式 validate,1,1,
T0559,任務日期上限,錯誤,孩子,A,學習紀錄的日期太多，不能再加。,內部字眼,課堂中,1,index.html 腳本19 第1668行（檔案第1668行）｜函式 validate,1,1,
T0560,任務清單過大,錯誤,孩子,AD,學習任務太多，不能再加。,沒說清楚,課堂中,1,index.html 腳本19 第1670行（檔案第1670行）｜函式 validate,1,1,
T0561,任務重複,錯誤,孩子,A,同一個學習任務被記了兩次。,「任務重複」太簡略,課堂中,1,index.html 腳本19 第1671行（檔案第1671行）｜函式 validate,2,1,
T0562,派幣紀錄矛盾,錯誤,孩子,A,金幣紀錄前後不一致。請重新開啟頁面。,「派幣紀錄矛盾」是術語,課堂中,1,index.html 腳本19 第1673行（檔案第1673行）｜函式 validate,1,1,
T0563,投幣紀錄過大,錯誤,孩子,AD,投幣紀錄已滿，請先匯出備份。,沒說下一步,課堂中,1,index.html 腳本19 第1675行（檔案第1675行）｜函式 validate,1,1,
T0564,重複交易編號,錯誤,孩子,A,同一筆金幣紀錄出現了兩次。,「交易編號」是術語,課堂中,1,index.html 腳本19 第1677行（檔案第1677行）｜函式 validate,1,1,
T0565,未知交易,錯誤,孩子,A,有一筆金幣紀錄來源不明。,「未知交易」是術語,課堂中,1,index.html 腳本19 第1678行（檔案第1678行）｜函式 validate,2,1,
T0566,入場價格必須一幣,錯誤,孩子,A,每一局只收 1 枚金幣，這筆紀錄不對。,「入場價格必須一幣」難明；量詞統一為「枚」,課堂中,1,index.html 腳本19 第1680行（檔案第1680行）｜函式 validate,1,1,
T0567,退款必須一幣,錯誤,孩子,A,退回的金幣只可以是 1 個，這筆紀錄不對。,「退款」是術語,課堂中,1,index.html 腳本19 第1681行（檔案第1681行）｜函式 validate,1,1,
T0568,任務獎勵無效,錯誤,孩子,A,學習獎勵的紀錄有誤。,「無效」改日常說法,課堂中,1,index.html 腳本19 第1682行（檔案第1682行）｜函式 validate,1,1,
T0569,家長開輪不能派幣,錯誤,孩子,AD,家長開放下一輪，不會送金幣。,原文沒說清楚,課堂中,1,index.html 腳本19 第1683行（檔案第1683行）｜函式 validate,1,1,
T0570,最佳紀錄過大,錯誤,孩子,AD,最高分紀錄太多，不能再加。,沒說下一步,課堂中,1,index.html 腳本19 第1686行（檔案第1686行）｜函式 validate,1,1,
T0571,最佳紀錄識別碼,錯誤,孩子,A,最高分紀錄的編號不對。,「識別碼」是術語,課堂中,1,index.html 腳本19 第1687行（檔案第1687行）｜函式 validate,1,1,
T0572,局狀態無效,錯誤,孩子,A,這一局的資料有誤，不能繼續。,「局狀態無效」是術語,課堂中,1,index.html 腳本19 第1690行（檔案第1690行）｜函式 validate,1,1,
T0573,局標記無效,錯誤,孩子,A,這一局的記號有誤，不能繼續。,「局標記」是術語,課堂中,1,index.html 腳本19 第1691行（檔案第1691行）｜函式 validate,1,1,
T0574,遊戲缺少投幣紀錄,錯誤,孩子,A,找不到這一局的投幣紀錄。,「遊戲缺少投幣紀錄」生硬,課堂中,1,index.html 腳本19 第1696行（檔案第1696行）｜函式 validate,1,1,
T0575,未開始局的狀態矛盾,錯誤,孩子,A,這一局的狀態前後不一致。,「未開始局的狀態矛盾」是術語,課堂中,1,index.html 腳本19 第1697行（檔案第1697行）｜函式 validate,1,1,
T0576,已玩局不能退款,錯誤,孩子,AD,已經玩過的一局，不能退回金幣。,沒說清楚,課堂中,1,index.html 腳本19 第1698行（檔案第1698行）｜函式 validate,1,1,
T0577,已退款局缺少退款紀錄,錯誤,孩子,A,這一局已退回金幣，但找不到退回的紀錄。,「退款局」是術語,課堂中,1,index.html 腳本19 第1699行（檔案第1699行）｜函式 validate,1,1,
T0578,已退款局不能保留可玩局面,錯誤,孩子,A,已退回金幣的一局，不能再繼續玩。,「可玩局面」是術語,課堂中,1,index.html 腳本19 第1700行（檔案第1700行）｜函式 validate,1,1,
T0579,已無生命，不能繼續,錯誤,孩子,AD,生命用完了，這一局不能繼續。請重新開始。,沒說下一步,課堂中,1,index.html 腳本19 第1701行（檔案第1701行）｜函式 validate,1,1,
T0580,存檔超過 900 KB,錯誤,孩子,AD,遊戲存檔太大，存不了。請重新開始這一局。,「存檔超過 900 KB」難明,課堂中,1,index.html 腳本19 第1704行（檔案第1704行）｜函式 validate,1,1,
T0581,局面所屬遊戲不一致,錯誤,孩子,A,存檔屬於另一款遊戲，不能繼續。,「局面」是生字,課堂中,1,index.html 腳本19 第1705行（檔案第1705行）｜函式 validate,1,1,
T0582,局面已隔離：,標籤,孩子,A,這一局的存檔有問題，已暫時停用：,「局面已隔離」是術語,課堂中,1,index.html 腳本19 第1708行（檔案第1708行）｜函式 validate,1,1,字串片段（與其他片段拼接成一句，須成對修改）
T0583,方向鍵／WASD 飛行，Space 展開護盾。接近小鳥完成救援；寶石只計分，不會增加入場金幣。,說明,孩子,AE,按方向鍵或 WASD 飛行，Space 開護盾。飛近小鳥就能救牠。寶石只加分，不會得到金幣。,「入場金幣」難明,課堂中,1,index.html 腳本21 第1794行（檔案第1794行）,1,1,
T0614,這杯與訂單不同，留意由下至上的口味。,提示,孩子,A,這杯和訂單不同。留意由下至上的口味。,原文句長 17 字,課堂中,1,index.html 腳本21 第1838行（檔案第1838行）,1,1,
T0623,駕駛小狐狸的雙翼機，把迷路小鳥送回雲海。,說明,孩子,A,駕駛小狐狸的雙翼機。把迷路的小鳥送回雲海。,原文句長 18 字,課堂中,1,index.html 腳本21 第1851行（檔案第1851行）｜欄位 desc,1,1,
T0624,方向鍵或 WASD 飛行，Space 使用護盾。每局三格生命，救援十二隻小鳥完成任務。每救援／收集五次可使用護盾。沒有武器或射擊；收集物只加分。,說明,孩子,A,按方向鍵或 WASD 飛行，Space 開護盾。每局有三格生命。救起十二隻小鳥就完成。每救或收集五次，護盾可以用一次。沒有武器，也不用射擊。收集物只加分。,原文句長 17 字,課堂中,1,index.html 腳本21 第1851行（檔案第1851行）｜欄位 guide,1,1,
T0628,跳過木樁、滑過花拱，穿越陽光與月夜森林。,說明,孩子,A,跳過木樁，滑過花拱。穿過日間和月夜的森林。,原文句長 17 字,課堂中,1,index.html 腳本21 第1852行（檔案第1852行）｜欄位 desc,1,1,
T0629,← →／A D 換路，↑／W／Space 跳躍，↓／S 滑行。三格生命，完成一千五百米路線即完成一局；露珠只加分，沒有倒數。,說明,孩子,A,← →／A D 換路，↑／W／Space 跳躍，↓／S 滑行。有三格生命。跑完 1500 米就完成。露珠只加分，沒有倒數。,原文句長 18 字,課堂中,1,index.html 腳本21 第1852行（檔案第1852行）｜欄位 guide,1,1,
T0633,替動物朋友製作分層雪糕，收集完美訂單。,說明,孩子,A,替動物朋友做分層雪糕，做對每張訂單。,原文句長 17 字,課堂中,1,index.html 腳本21 第1853行（檔案第1853行）｜欄位 desc,1,1,
T0634,數字1至4選口味，Q／E改配料，← →換客人，Backspace退一步，Space交杯。只有交錯訂單才扣一格生命；沒有等候倒數。完成六至十張訂單結束一局。,說明,孩子,A,按數字 1 至 4 選口味，Q／E 換配料，← → 換客人，Backspace 退一步，Space 交杯。交錯訂單才會扣一格生命。沒有等候倒數。完成六至十張訂單就結束一局。,原文句長 17 字,課堂中,1,index.html 腳本21 第1853行（檔案第1853行）｜欄位 guide,1,1,
T0638,5分賽,標籤,孩子,E,5 分賽,數字與中文之間加空格，與全站寫法一致,課堂中,1,index.html 腳本22 第1873行（檔案第1873行）｜函式 hud｜欄位 hud,1,1,
T0658,← → 移動；↑／Space 跳躍，短按低跳、按住高跳；X 短衝。旗幟是安全存檔點；掉下去在最近旗幟重生，不會連續扣命。,說明,孩子,AE,← → 移動；↑／Space 跳躍，短按低跳、按住高跳；X 短衝。旗幟是安全點。掉下去會在最近的旗幟重生，不會連續失去生命。,「存檔點」與「重生點」說法不一,課堂中,1,index.html 腳本22 第1928行（檔案第1928行）,1,1,
T0670,方向鍵／WASD 飛行，自動發射能量泡；Space 護盾、X 切換散射／集中。按住 Shift 慢速精準移動，閃開核心就安全。每區六波編隊及一艘守關機。,說明,孩子,A,按方向鍵或 WASD 飛行，會自動發射能量泡。Space 開護盾，X 切換散射／集中。按住 Shift 可以慢慢移動。閃開核心就安全。每區有六波敵機和一架大型敵機。,「編隊」「守關機」是生字,課堂中,1,index.html 腳本22 第1950行（檔案第1950行）,1,1,
T0671,完成 ${this.bosses} 區守關機，得分 ${Math.floor(this.score)}。,說明,孩子,A,闖過 ${this.bosses} 區的大型敵機，得 ${Math.floor(this.score)} 分。,「守關機」是生字,課堂中,1,index.html 腳本22 第1953行（檔案第1953行）,1,1,
T0673,守關機解除，前往下一段星環。,提示,孩子,A,大型敵機已解除，前往下一段星環。,「守關機」是生字,課堂中,1,index.html 腳本22 第1962行（檔案第1962行）,1,1,
T0674,第 ${this.level}/3 星環 · 編隊 ${this.wave}/6 · ${this.mode?'集中':'散射'} · 護盾 ${this.shieldCD?this.shieldCD.toFixed(1)+' 秒':'可用'},說明,孩子,A,第 ${this.level}/3 星環 · 第 ${this.wave}/6 波 · ${this.mode?'集中':'散射'} · 護盾 ${this.shieldCD?this.shieldCD.toFixed(1)+' 秒':'可用'},「編隊」是生字，與 HUD 其他處的「波」統一,課堂中,1,index.html 腳本22 第1963行（檔案第1963行）,1,1,
T0680,SPACE 護盾 ${this.shieldCD?Math.ceil(this.shieldCD)+'s':'READY'} · X ${this.mode?'集中':'散射'},標籤,孩子,E,空白鍵護盾 ${this.shieldCD?Math.ceil(this.shieldCD)+'s':'READY'} · X ${this.mode?'集中':'散射'},「SPACE」是英文鍵名，其餘文字全是中文（括號內的 's'、'READY' 在程式運算式裏，需另行修改）,課堂中,1,index.html 腳本22 第1969行（檔案第1969行）,1,1,運算式內另有英文字面量 's'、'READY'，需改程式碼才能中文化；局部替換：「SPACE 護盾 」→「空白鍵護盾 」
T0681,← →／A D 移動；↓ 穿過腳下平台；Space 緊急降落傘。移動、輸送帶、彈簧、脆裂平台各有節奏。頂部警戒線會追近，目標深入 60 層。,說明,孩子,A,← →／A D 移動；↓ 穿過腳下的平台；Space 開降落傘。平台有移動的、輸送帶、彈簧和會碎的。頂部的警戒線會追上來。目標是下到 60 層。,原文一段 70 字,課堂中,1,index.html 腳本22 第1973行（檔案第1973行）,1,1,
T0689,← → 移動，↑ 跳躍；Space 近球擊球。跳起近網扣球，地面按住 ↓＋Space 放短球，普通擊球打高球。每邊最多三觸球；先得5分且領先2分（最多7分）勝出。,說明,孩子,A,← → 移動，↑ 跳躍；Space 擊球。跳起近網可以扣球。在地面按住 ↓＋Space 打短球。每邊最多碰球三次。先得 5 分並領先 2 分就贏（最多 7 分）。,原文句長 20 字，「觸球」是生字,課堂中,1,index.html 腳本22 第1988行（檔案第1988行）,1,1,
T0691,超過三次觸球。,標籤,孩子,A,碰球超過三次。,「觸球」是生字,課堂中,1,index.html 腳本22 第1992行（檔案第1992行）,1,1,
T0695,${this.points[0]} : ${this.points[1]} · 來回 ${this.rally} · 我方 ${this.touches[0]}/3 觸球,標籤,孩子,A,${this.points[0]} : ${this.points[1]} · 來回 ${this.rally} · 我方碰球 ${this.touches[0]}/3,「觸球」是生字,課堂中,1,index.html 腳本22 第2003行（檔案第2003行）,1,1,
T0703,石林、峽谷、月廟三段送信。必須辨認橫欄與拱門，再決定跳、滑或換線。,說明,孩子,A,石林、峽谷、月廟，一共三段。看清橫欄和拱門，再決定跳、滑或換線。,原文句長 17 字，「辨認」偏書面,課堂中,1,index.html 腳本22 第2011行（檔案第2011行）｜欄位 desc,1,1,
T0704,方向鍵或 WASD：左右換線、上跳、下滑；Space 亦可跳。橫跨三線的障礙不能只靠換線避過。三格生命，1500米完成；收集物只增加分數，不派金幣。,說明,孩子,A,方向鍵或 WASD：左右換線、上跳、下滑；Space 也可以跳。橫跨三線的障礙，一定要跳或滑。有三格生命，跑完 1500 米就完成。收集物只加分，不會得金幣。,「不派金幣」是說明書腔,課堂中,1,index.html 腳本22 第2011行（檔案第2011行）｜欄位 guide,1,1,
T0706,探索三座雲島，短跳、高跳、彈簧與短衝。安全旗幟讓重生不再連續失敗。,說明,孩子,AD,探索三座雲島，用短跳、高跳、彈簧和短衝。有安全旗幟，掉下去也不用從頭來。,「重生不再連續失敗」嚇人又難明,課堂中,1,index.html 腳本22 第2012行（檔案第2012行）｜欄位 desc,1,1,
T0707,← →／A D 移動，↑／W／Space 跳躍，短按低跳、按住高跳；X 短衝。移動平台、彈簧與風球改變路線。三島完成；三格生命跨區共用。,說明,孩子,A,← →／A D 移動，↑／W／Space 跳躍，短按低跳、按住高跳；X 短衝。移動平台、彈簧和風球會改變路線。三座島都完成就過關。三格生命，三座島共用。,「跨區共用」是術語,課堂中,1,index.html 腳本22 第2012行（檔案第2012行）｜欄位 guide,1,1,
T0709,編隊 × 彈幕 × 守關,標籤,孩子,A,閃避 × 走位 × 大型敵機,「編隊 × 彈幕 × 守關」三個都是生字,課堂中,1,index.html 腳本22 第2013行（檔案第2013行）｜欄位 tag,1,1,
T0710,切換散射與集中能量泡，穿梭三種編隊；守關機半血後會轉換彈幕。,說明,孩子,A,切換散射和集中的能量泡。穿過三種敵機陣形。大型敵機打到一半，會換攻擊方式。,原文句長 16 字，生字,課堂中,1,index.html 腳本22 第2013行（檔案第2013行）｜欄位 desc,1,1,
T0711,方向鍵／WASD 飛行，自動發射能量泡；Space 護盾，X 切換集中／散射；Shift 精準慢移。每區六波編隊加守關機，三區完成。只有機械與能量效果，沒有血腥內容。,說明,孩子,A,按方向鍵或 WASD 飛行，會自動發射能量泡。Space 開護盾，X 切換集中／散射，Shift 慢慢移動。每區有六波敵機和一架大型敵機，三區都完成就過關。只有機械和能量，沒有血腥。,「編隊」「守關機」是生字,課堂中,1,index.html 腳本22 第2013行（檔案第2013行）｜欄位 guide,1,1,
T0715,越過輸送帶、移動、脆裂與彈簧平台，收集燈芯，深入六十層。,說明,孩子,A,越過輸送帶、移動平台、會碎的平台和彈簧。收集燈芯，下到六十層。,原文句長 23 字,課堂中,1,index.html 腳本22 第2014行（檔案第2014行）｜欄位 desc,1,1,
T0716,← →／A D 移動，↓ 穿過腳下平台；Space 使用有冷卻的降落傘。避開橙色尖台及上方警戒線，先看下一個落點。三格生命，深入60層完成。,說明,孩子,A,← →／A D 移動，↓ 穿過腳下的平台。Space 開降落傘，用完要等一會才能再用。避開橙色尖台和上面的警戒線。先看下一個落點。有三格生命，下到 60 層就完成。,「有冷卻的」是生字,課堂中,1,index.html 腳本22 第2014行（檔案第2014行）｜欄位 guide,1,1,
T0719,扣球 × 短球 × 預判,標籤,孩子,A,扣球 × 短球 × 看準球路,「預判」是生字,課堂中,1,index.html 腳本22 第2015行（檔案第2015行）｜欄位 tag,1,1,
T0720,面對有反應時間的電腦對手，使用高球、網前扣球和放短球改變節奏。,說明,孩子,A,電腦對手要時間反應。用高球、扣球和短球來改變節奏。,原文句長 28 字,課堂中,1,index.html 腳本22 第2015行（檔案第2015行）｜欄位 desc,1,1,
T0721,← →／A D 移動、↑／W 跳躍、Space 擊球。空中近網可扣球；↓＋Space 放短球；身體碰球會自動接高球。每邊三觸球；先5分且領先2分，最多7分。,說明,孩子,A,← →／A D 移動、↑／W 跳躍、Space 擊球。在空中近網可以扣球。↓＋Space 打短球。身體碰到球，會自動接高球。每邊最多碰三次。先得 5 分並領先 2 分就贏，最多 7 分。,「三觸球」是生字,課堂中,1,index.html 腳本22 第2015行（檔案第2015行）｜欄位 guide,1,1,
T0724,街機局面識別碼無效,錯誤,孩子,A,遊戲存檔的編號不對，不能繼續。,「局面識別碼」是術語,課堂中,1,index.html 腳本23 第2125行（檔案第2125行）｜函式 verify,1,1,
T0725,街機局面版本或難度無效,錯誤,孩子,A,遊戲存檔的版本或難度不對，不能繼續。,「局面版本」是術語,課堂中,1,index.html 腳本23 第2127行（檔案第2127行）｜函式 verify,1,1,
T0726,街機局面欄位或大小不符,錯誤,孩子,A,遊戲存檔不完整，不能繼續。,「欄位或大小不符」是術語,課堂中,1,index.html 腳本23 第2128行（檔案第2128行）｜函式 verify,1,1,
T0727,局面資料無效,錯誤,孩子,A,遊戲存檔有誤，不能繼續。,「局面資料無效」是術語,課堂中,1,index.html 腳本23 第2129行（檔案第2129行）｜函式 verify,1,1,
T0728,局面不能覆蓋程式,錯誤,孩子,A,遊戲存檔含有不可用的內容，不能繼續。,「局面不能覆蓋程式」是術語,課堂中,1,index.html 腳本23 第2130行（檔案第2130行）｜函式 verify,1,1,
T0729,生命紀錄與實際局面不一致,錯誤,孩子,A,生命數目前後不一致，不能繼續。,「生命紀錄與實際局面不一致」是術語,課堂中,1,index.html 腳本23 第2133行（檔案第2133行）｜函式 verify,1,1,
T0730,已結算的局面不能當作仍在遊玩,錯誤,孩子,A,這一局已經結束，不能繼續玩。,「已結算的局面不能當作仍在遊玩」是術語,課堂中,1,index.html 腳本23 第2134行（檔案第2134行）｜函式 verify,1,1,
T0731,局面與所選遊戲不同,錯誤,孩子,A,存檔屬於另一款遊戲，不能繼續。,「局面」是生字,課堂中,1,index.html 腳本23 第2143行（檔案第2143行）｜函式 restore,1,1,
T0732,局面方法覆蓋,錯誤,孩子,A,遊戲存檔含有不可用的內容，不能繼續。,「局面方法覆蓋」是術語,課堂中,1,index.html 腳本23 第2145行（檔案第2145行）｜函式 restore,1,1,
T0746,學習資料：,錯誤,孩子,A,學習紀錄有問題：,「學習資料」前綴是內部說法,課堂中,1,index.html 腳本25 第2163行（檔案第2163行）｜函式 fail,1,1,字串片段（與其他片段拼接成一句，須成對修改）
T0747,物件格式,錯誤,孩子,A,格式不對,「物件格式」是術語,課堂中,2,index.html 腳本25 第2164行（檔案第2164行）｜函式 obj ‖ index.html 腳本27 第2301行（檔案第2301行）｜函式 obj,2,2,
T0748,不安全欄位,錯誤,孩子,A,含有不可用的項目,「不安全欄位」是術語,課堂中,1,index.html 腳本25 第2164行（檔案第2164行）｜函式 obj,3,1,
T0749,清單上限,錯誤,孩子,A,清單太長,「清單上限」是術語,課堂中,1,index.html 腳本25 第2165行（檔案第2165行）｜函式 arr,1,1,
T0750,文字格式,錯誤,孩子,A,文字格式不對,「文字格式」是術語,課堂中,2,index.html 腳本25 第2166行（檔案第2166行）｜函式 text ‖ index.html 腳本27 第2305行（檔案第2305行）｜函式 text,2,2,
T0751,識別碼,錯誤,孩子,A,編號,「識別碼」是術語,課堂中,2,index.html 腳本25 第2167行（檔案第2167行）｜函式 id ‖ index.html 腳本27 第2306行（檔案第2306行）｜函式 id,10,2,
T0752,整數範圍,錯誤,孩子,A,數字超出範圍,「整數範圍」是術語,課堂中,2,index.html 腳本25 第2168行（檔案第2168行）｜函式 int ‖ index.html 腳本27 第2304行（檔案第2304行）｜函式 num,2,2,
T0753,布林值,錯誤,孩子,A,是／否的設定,「布林值」是術語,課堂中,2,index.html 腳本25 第2169行（檔案第2169行）｜函式 bool ‖ index.html 腳本27 第2307行（檔案第2307行）｜函式 bool,3,2,
T0754,未知欄位,錯誤,孩子,A,有不明的項目,「未知欄位」是術語,課堂中,1,index.html 腳本25 第2170行（檔案第2170行）｜函式 exact,2,1,
T0755,重複內容ID,錯誤,孩子,A,內容編號重複,「重複內容ID」含英文縮寫,課堂中,1,index.html 腳本25 第2171行（檔案第2171行）｜函式 library,1,1,
T0760,單元不存在,錯誤,孩子,AE,找不到這個小課,「單元」統一為「小課」,課堂中,1,index.html 腳本25 第2207行（檔案第2207行）｜函式 plan,1,1,
T0761,模式不存在,錯誤,孩子,A,找不到這種練習,「模式」是術語,課堂中,1,index.html 腳本25 第2207行（檔案第2207行）｜函式 plan,1,1,
T0762,這組內容不適合此模式，請改選其他玩法。,錯誤,孩子,A,這組內容不能用這種練習，請改選另一種。,原文句長 17 字,課堂中,1,index.html 腳本25 第2212行（檔案第2212行）｜函式 plan,1,1,
T0763,詞語不存在,錯誤,孩子,A,找不到這個詞語,「不存在」改日常說法,課堂中,1,index.html 腳本25 第2219行（檔案第2219行）｜函式 record,1,1,
T0764,尚未成功聽完，這題未作評分。,錯誤,孩子,AD,還沒聽完讀音，這題不計分。請再按喇叭聽一次。,沒說下一步,課堂中,1,index.html 腳本25 第2220行（檔案第2220行）｜函式 record,1,1,
T0766,已達紀錄容量，請先由家長備份；本題未提交。,錯誤,孩子,A,紀錄已滿，這題沒有交出。請家長先備份。,「紀錄容量」「本題未提交」生硬,課堂中,1,index.html 腳本25 第2222行（檔案第2222行）｜函式 record,1,1,
T0767,版本,錯誤,孩子,A,版本不符,「版本」單獨一字，不成句,課堂中,1,index.html 腳本25 第2250行（檔案第2250行）｜函式 validateState,24,2,
T0768,孩子容量,錯誤,孩子,A,孩子人數已滿,「孩子容量」是術語,課堂中,1,index.html 腳本25 第2251行（檔案第2251行）｜函式 validateState,1,1,
T0769,教材來源,錯誤,孩子,A,教材來源不明,「教材來源」不成句,課堂中,1,index.html 腳本25 第2254行（檔案第2254行）｜函式 validateState,1,1,
T0770,曝光容量,錯誤,孩子,A,見過的詞語紀錄已滿,「曝光容量」是術語,課堂中,2,index.html 腳本25 第2255行（檔案第2255行）｜函式 validateState ‖ index.html 腳本27 第2365行（檔案第2365行）｜函式 validate,2,2,
T0771,曝光詞不存在,錯誤,孩子,A,找不到見過的詞語,「曝光詞不存在」是術語,課堂中,1,index.html 腳本25 第2255行（檔案第2255行）｜函式 validateState,1,1,
T0772,摘要詞不存在,錯誤,孩子,A,找不到摘要中的詞語,「摘要詞不存在」是術語,課堂中,1,index.html 腳本25 第2257行（檔案第2257行）｜函式 validateState,1,1,
T0774,重複作答,錯誤,孩子,A,同一題被答了兩次,「重複作答」太簡略,課堂中,1,index.html 腳本25 第2260行（檔案第2260行）｜函式 validateState,1,1,
T0775,作答內容,錯誤,孩子,A,作答內容有誤,「作答內容」不成句,課堂中,1,index.html 腳本25 第2261行（檔案第2261行）｜函式 validateState,1,1,
T0776,結果類型,錯誤,孩子,A,結果類型不對,「結果類型」不成句,課堂中,1,index.html 腳本25 第2261行（檔案第2261行）｜函式 validateState,1,1,
T0777,技術失敗不能評分,錯誤,孩子,A,因為技術問題，這題不計分,「技術失敗不能評分」是術語,課堂中,1,index.html 腳本25 第2262行（檔案第2262行）｜函式 validateState,1,1,
T0778,獨立證據矛盾,錯誤,孩子,A,「自己答對」的紀錄前後不一致,「獨立證據矛盾」是術語,課堂中,1,index.html 腳本25 第2262行（檔案第2262行）｜函式 validateState,1,1,
T0779,延後證據矛盾,錯誤,孩子,A,「隔日仍答對」的紀錄前後不一致,「延後證據矛盾」是術語,課堂中,1,index.html 腳本25 第2262行（檔案第2262行）｜函式 validateState,1,1,
T0780,學習歸屬,錯誤,孩子,A,這個紀錄不屬於目前的孩子,「學習歸屬」是術語,課堂中,1,index.html 腳本25 第2266行（檔案第2266行）｜函式 validateState,1,1,
T0781,課程模式,錯誤,孩子,A,練習種類有誤,「課程模式」是術語,課堂中,1,index.html 腳本25 第2267行（檔案第2267行）｜函式 validateState,1,1,
T0782,課程狀態,錯誤,孩子,A,練習狀態有誤,「課程狀態」是術語,課堂中,1,index.html 腳本25 第2267行（檔案第2267行）｜函式 validateState,1,1,
T0783,完成狀態矛盾,錯誤,孩子,A,完成狀態前後不一致,「完成狀態矛盾」是術語,課堂中,1,index.html 腳本25 第2267行（檔案第2267行）｜函式 validateState,1,1,
T0784,題目目標,錯誤,孩子,A,題目的目標詞有誤,「題目目標」不成句,課堂中,1,index.html 腳本25 第2268行（檔案第2268行）｜函式 validateState,1,1,
T0785,不適用題型,錯誤,孩子,A,這個詞不能用這種題型,「不適用題型」是術語,課堂中,1,index.html 腳本25 第2268行（檔案第2268行）｜函式 validateState,1,1,
T0786,題目答案已更改,錯誤,孩子,A,題目答案被改動過,「已更改」被動,課堂中,1,index.html 腳本25 第2269行（檔案第2269行）｜函式 validateState,1,1,
T0787,題目結構已更改,錯誤,孩子,A,題目結構被改動過,「已更改」被動,課堂中,1,index.html 腳本25 第2270行（檔案第2270行）｜函式 validateState,1,1,
T0788,選項損壞,錯誤,孩子,AD,答案選項有問題，請重新開始這一組。,沒說下一步,課堂中,1,index.html 腳本25 第2271行（檔案第2271行）｜函式 validateState,1,1,
T0789,多餘選項,錯誤,孩子,A,答案選項多了,「多餘選項」是術語,課堂中,1,index.html 腳本25 第2272行（檔案第2272行）｜函式 validateState,1,1,
T0791,時間倒退,錯誤,孩子,A,時間紀錄不對,「時間倒退」是術語,課堂中,1,index.html 腳本25 第2274行（檔案第2274行）｜函式 validateState,1,1,
T0792,完成位置,錯誤,孩子,A,完成位置不對,「完成位置」不成句,課堂中,1,index.html 腳本25 第2274行（檔案第2274行）｜函式 validateState,1,1,
T0793,未列出的選項,錯誤,孩子,A,答案不在選項之中,「未列出的選項」是術語,課堂中,1,index.html 腳本25 第2275行（檔案第2275行）｜函式 validateState,1,1,
T0794,重複字塊,錯誤,孩子,A,字塊重複了,「重複字塊」不成句,課堂中,2,index.html 腳本25 第2275行（檔案第2275行）｜函式 validateState ‖ index.html 腳本27 第2373行（檔案第2373行）｜函式 validate,2,2,
T0795,字塊範圍,錯誤,孩子,A,字塊超出範圍,「字塊範圍」不成句,課堂中,1,index.html 腳本25 第2275行（檔案第2275行）｜函式 validateState,1,1,
T0796,回饋缺作答,錯誤,孩子,A,找不到這題的作答,「回饋缺作答」是術語,課堂中,1,index.html 腳本25 第2276行（檔案第2276行）｜函式 validateState,1,1,
T0797,回饋與作答不符,錯誤,孩子,A,回饋和作答不一致,「不符」偏書面,課堂中,1,index.html 腳本25 第2276行（檔案第2276行）｜函式 validateState,1,1,
T0798,作答次序或歸屬不符,錯誤,孩子,A,作答次序不對,「歸屬」是術語,課堂中,1,index.html 腳本25 第2277行（檔案第2277行）｜函式 validateState,1,1,
T0799,判分與原答案不符,錯誤,孩子,A,評分和原答案不一致,「判分」是術語,課堂中,1,index.html 腳本25 第2277行（檔案第2277行）｜函式 validateState,1,1,
T0800,完成但作答不齊,錯誤,孩子,A,標示完成，但還有題目沒作答,「作答不齊」是術語,課堂中,1,index.html 腳本25 第2277行（檔案第2277行）｜函式 validateState,1,1,
T0801,作答位置不符,錯誤,孩子,A,作答位置不對,「不符」偏書面,課堂中,1,index.html 腳本25 第2277行（檔案第2277行）｜函式 validateState,1,1,
T0802,多個進行中課程,錯誤,孩子,A,同時有兩組練習進行中,「多個進行中課程」是術語,課堂中,1,index.html 腳本25 第2279行（檔案第2279行）｜函式 validateState,1,1,
T0803,作答缺課程,錯誤,孩子,A,作答找不到所屬練習,「缺課程」是術語,課堂中,1,index.html 腳本25 第2279行（檔案第2279行）｜函式 validateState,1,1,
T0806,借熟悉字塊記拼法。組成的新詞要另外學意思及整字讀音；不表示詞義相加或相同詞源。,說明,兩者,A,用熟悉的字塊記拼法。新字的意思和讀音，要另外學。,原文句長 16 字，並含「詞義相加」「詞源」術語（免責聲明宜放家長頁）,課堂中,10,index.html 腳本26 第2289行（檔案第2289行）｜欄位 groups.description ‖ index.html 腳本26 第2289行（檔案第2289行）｜欄位 groups.description ‖ index.html 腳本26 第2289行（檔案第2289行）｜欄位 recipes.note ‖ index.html 腳本26 第2289行（檔案第2289行）｜欄位 recipes.note ‖ index.html 腳本26 第2289行（檔案第2289行）｜欄位 recipes.note ‖ index.html 腳本26 第2289行（檔案第2289行）｜欄位 recipes.note ‖ index.html 腳本26 第2289行（檔案第2289行）｜欄位 recipes.note ‖ index.html 腳本26 第2289行（檔案第2289行）｜欄位 recipes.note ‖ index.html 腳本26 第2289行（檔案第2289行）｜欄位 recipes.note ‖ index.html 腳本26 第2289行（檔案第2289行）｜欄位 recipes.note,23,10,
T0808,借熟悉字塊記拼法。組成的新詞要另外學意思及整字讀音；不表示詞義相加或相同詞源。 hear 與 wear 不必然讀同一個韻，整字分開聽。,說明,兩者,A,用熟悉的字塊記拼法。新字的意思和讀音，要另外學。hear 和 wear 不一定同韻，要整個字分開聽。,原文句長 16 字，含「詞源」術語,課堂中,7,index.html 腳本26 第2289行（檔案第2289行）｜欄位 groups.description ‖ index.html 腳本26 第2289行（檔案第2289行）｜欄位 recipes.note ‖ index.html 腳本26 第2289行（檔案第2289行）｜欄位 recipes.note ‖ index.html 腳本26 第2289行（檔案第2289行）｜欄位 recipes.note ‖ index.html 腳本26 第2289行（檔案第2289行）｜欄位 recipes.note ‖ index.html 腳本26 第2289行（檔案第2289行）｜欄位 recipes.note ‖ index.html 腳本26 第2289行（檔案第2289行）｜欄位 recipes.note,7,7,
T0810,借熟悉字塊記拼法。組成的新詞要另外學意思及整字讀音；不表示詞義相加或相同詞源。 mice 是 mouse 的不規則複數，不能把 m 當成複數規則。,說明,兩者,AD,用熟悉的字塊記拼法。新字的意思和讀音，要另外學。mice 是 mouse 的特別複數，m 不是複數的規則。,「不規則複數」孩子看不明,課堂中,6,index.html 腳本26 第2289行（檔案第2289行）｜欄位 groups.description ‖ index.html 腳本26 第2289行（檔案第2289行）｜欄位 recipes.note ‖ index.html 腳本26 第2289行（檔案第2289行）｜欄位 recipes.note ‖ index.html 腳本26 第2289行（檔案第2289行）｜欄位 recipes.note ‖ index.html 腳本26 第2289行（檔案第2289行）｜欄位 recipes.note ‖ index.html 腳本26 第2289行（檔案第2289行）｜欄位 recipes.note,6,6,
T0813,兩個完整詞組成一個已存在的英文詞。先學兩邊基本意思，再核對新詞；不能任意相接便當成標準英文。,說明,兩者,A,兩個詞合成一個新的英文詞。先學兩邊的意思，再看新詞。不是所有詞都可以隨便接在一起。,原文句長 16 字（出現 70 次）,課堂中,70,index.html 腳本26 第2289行（檔案第2289行）｜欄位 groups.description ‖ index.html 腳本26 第2289行（檔案第2289行）｜欄位 groups.description ‖ index.html 腳本26 第2289行（檔案第2289行）｜欄位 groups.description ‖ index.html 腳本26 第2289行（檔案第2289行）｜欄位 groups.description ‖ index.html 腳本26 第2289行（檔案第2289行）｜欄位 groups.description ‖ index.html 腳本26 第2289行（檔案第2289行）｜欄位 groups.description ‖ index.html 腳本26 第2289行（檔案第2289行）｜欄位 groups.description ‖ index.html 腳本26 第2289行（檔案第2289行）｜欄位 groups.description ‖ index.html 腳本26 第2289行（檔案第2289行）｜欄位 groups.description ‖ index.html 腳本26 第2289行（檔案第2289行）｜欄位 groups.description ‖ index.html 腳本26 第2289行（檔案第2289行）｜欄位 recipes.note ‖ index.html 腳本26 第2289行（檔案第2289行）｜欄位 recipes.note ‖ index.html 腳本26 第2289行（檔案第2289行）｜欄位 recipes.note ‖ index.html 腳本26 第2289行（檔案第2289行）｜欄位 recipes.note ‖ index.html 腳本26 第2289行（檔案第2289行）｜欄位 recipes.note ‖ index.html 腳本26 第2289行（檔案第2289行）｜欄位 recipes.note ‖ index.html 腳本26 第2289行（檔案第2289行）｜欄位 recipes.note ‖ index.html 腳本26 第2289行（檔案第2289行）｜欄位 recipes.note ‖ index.html 腳本26 第2289行（檔案第2289行）｜欄位 recipes.note ‖ index.html 腳本26 第2289行（檔案第2289行）｜欄位 recipes.note ‖ index.html 腳本26 第2289行（檔案第2289行）｜欄位 recipes.note ‖ index.html 腳本26 第2289行（檔案第2289行）｜欄位 recipes.note ‖ index.html 腳本26 第2289行（檔案第2289行）｜欄位 recipes.note ‖ index.html 腳本26 第2289行（檔案第2289行）｜欄位 recipes.note ‖ index.html 腳本26 第2289行（檔案第2289行）｜欄位 recipes.note ‖ index.html 腳本26 第2289行（檔案第2289行）｜欄位 recipes.note ‖ index.html 腳本26 第2289行（檔案第2289行）｜欄位 recipes.note ‖ index.html 腳本26 第2289行（檔案第2289行）｜欄位 recipes.note ‖ index.html 腳本26 第2289行（檔案第2289行）｜欄位 recipes.note ‖ index.html 腳本26 第2289行（檔案第2289行）｜欄位 recipes.note ‖ index.html 腳本26 第2289行（檔案第2289行）｜欄位 recipes.note ‖ index.html 腳本26 第2289行（檔案第2289行）｜欄位 recipes.note ‖ index.html 腳本26 第2289行（檔案第2289行）｜欄位 recipes.note ‖ index.html 腳本26 第2289行（檔案第2289行）｜欄位 recipes.note ‖ index.html 腳本26 第2289行（檔案第2289行）｜欄位 recipes.note ‖ index.html 腳本26 第2289行（檔案第2289行）｜欄位 recipes.note ‖ index.html 腳本26 第2289行（檔案第2289行）｜欄位 recipes.note ‖ index.html 腳本26 第2289行（檔案第2289行）｜欄位 recipes.note ‖ index.html 腳本26 第2289行（檔案第2289行）｜欄位 recipes.note ‖ index.html 腳本26 第2289行（檔案第2289行）｜欄位 recipes.note ‖ index.html 腳本26 第2289行（檔案第2289行）｜欄位 recipes.note ‖ index.html 腳本26 第2289行（檔案第2289行）｜欄位 recipes.note ‖ index.html 腳本26 第2289行（檔案第2289行）｜欄位 recipes.note ‖ index.html 腳本26 第2289行（檔案第2289行）｜欄位 recipes.note ‖ index.html 腳本26 第2289行（檔案第2289行）｜欄位 recipes.note ‖ index.html 腳本26 第2289行（檔案第2289行）｜欄位 recipes.note ‖ index.html 腳本26 第2289行（檔案第2289行）｜欄位 recipes.note ‖ index.html 腳本26 第2289行（檔案第2289行）｜欄位 recipes.note ‖ index.html 腳本26 第2289行（檔案第2289行）｜欄位 recipes.note ‖ index.html 腳本26 第2289行（檔案第2289行）｜欄位 recipes.note ‖ index.html 腳本26 第2289行（檔案第2289行）｜欄位 recipes.note ‖ index.html 腳本26 第2289行（檔案第2289行）｜欄位 recipes.note ‖ index.html 腳本26 第2289行（檔案第2289行）｜欄位 recipes.note ‖ index.html 腳本26 第2289行（檔案第2289行）｜欄位 recipes.note ‖ index.html 腳本26 第2289行（檔案第2289行）｜欄位 recipes.note ‖ index.html 腳本26 第2289行（檔案第2289行）｜欄位 recipes.note ‖ index.html 腳本26 第2289行（檔案第2289行）｜欄位 recipes.note ‖ index.html 腳本26 第2289行（檔案第2289行）｜欄位 recipes.note ‖ index.html 腳本26 第2289行（檔案第2289行）｜欄位 recipes.note ‖ index.html 腳本26 第2289行（檔案第2289行）｜欄位 recipes.note ‖ index.html 腳本26 第2289行（檔案第2289行）｜欄位 recipes.note ‖ index.html 腳本26 第2289行（檔案第2289行）｜欄位 recipes.note ‖ index.html 腳本26 第2289行（檔案第2289行）｜欄位 recipes.note ‖ index.html 腳本26 第2289行（檔案第2289行）｜欄位 recipes.note ‖ index.html 腳本26 第2289行（檔案第2289行）｜欄位 recipes.note ‖ index.html 腳本26 第2289行（檔案第2289行）｜欄位 recipes.note ‖ index.html 腳本26 第2289行（檔案第2289行）｜欄位 recipes.note ‖ index.html 腳本26 第2289行（檔案第2289行）｜欄位 recipes.note ‖ index.html 腳本26 第2289行（檔案第2289行）｜欄位 recipes.note ‖ index.html 腳本26 第2289行（檔案第2289行）｜欄位 recipes.note,70,70,
T0824,從兩個來源詞各取部分拼法，認識已存在的混合字。這是記憶展示，不是一套能任意造詞的規則；先學會來源詞。,說明,兩者,A,從兩個詞各取一部分，合成一個新詞。這只是幫助記憶，不能自己亂造詞。先學好原來的兩個詞。,原文句長 21 字,課堂中,11,index.html 腳本26 第2289行（檔案第2289行）｜欄位 groups.description ‖ index.html 腳本26 第2289行（檔案第2289行）｜欄位 recipes.note ‖ index.html 腳本26 第2289行（檔案第2289行）｜欄位 recipes.note ‖ index.html 腳本26 第2289行（檔案第2289行）｜欄位 recipes.note ‖ index.html 腳本26 第2289行（檔案第2289行）｜欄位 recipes.note ‖ index.html 腳本26 第2289行（檔案第2289行）｜欄位 recipes.note ‖ index.html 腳本26 第2289行（檔案第2289行）｜欄位 recipes.note ‖ index.html 腳本26 第2289行（檔案第2289行）｜欄位 recipes.note ‖ index.html 腳本26 第2289行（檔案第2289行）｜欄位 recipes.note ‖ index.html 腳本26 第2289行（檔案第2289行）｜欄位 recipes.note ‖ index.html 腳本26 第2289行（檔案第2289行）｜欄位 recipes.note,11,11,
T0825,基本詞延伸,標籤,兩者,A,從基本詞變出新詞,「基本詞延伸」偏抽象（出現 82 次）,課堂中,82,index.html 腳本26 第2289行（檔案第2289行）｜欄位 recipes.level ‖ index.html 腳本26 第2289行（檔案第2289行）｜欄位 recipes.level ‖ index.html 腳本26 第2289行（檔案第2289行）｜欄位 recipes.level ‖ index.html 腳本26 第2289行（檔案第2289行）｜欄位 recipes.level ‖ index.html 腳本26 第2289行（檔案第2289行）｜欄位 recipes.level ‖ index.html 腳本26 第2289行（檔案第2289行）｜欄位 recipes.level ‖ index.html 腳本26 第2289行（檔案第2289行）｜欄位 recipes.level ‖ index.html 腳本26 第2289行（檔案第2289行）｜欄位 recipes.level ‖ index.html 腳本26 第2289行（檔案第2289行）｜欄位 recipes.level ‖ index.html 腳本26 第2289行（檔案第2289行）｜欄位 recipes.level ‖ index.html 腳本26 第2289行（檔案第2289行）｜欄位 recipes.level ‖ index.html 腳本26 第2289行（檔案第2289行）｜欄位 recipes.level ‖ index.html 腳本26 第2289行（檔案第2289行）｜欄位 recipes.level ‖ index.html 腳本26 第2289行（檔案第2289行）｜欄位 recipes.level ‖ index.html 腳本26 第2289行（檔案第2289行）｜欄位 recipes.level ‖ index.html 腳本26 第2289行（檔案第2289行）｜欄位 recipes.level ‖ index.html 腳本26 第2289行（檔案第2289行）｜欄位 recipes.level ‖ index.html 腳本26 第2289行（檔案第2289行）｜欄位 recipes.level ‖ index.html 腳本26 第2289行（檔案第2289行）｜欄位 recipes.level ‖ index.html 腳本26 第2289行（檔案第2289行）｜欄位 recipes.level ‖ index.html 腳本26 第2289行（檔案第2289行）｜欄位 recipes.level ‖ index.html 腳本26 第2289行（檔案第2289行）｜欄位 recipes.level ‖ index.html 腳本26 第2289行（檔案第2289行）｜欄位 recipes.level ‖ index.html 腳本26 第2289行（檔案第2289行）｜欄位 recipes.level ‖ index.html 腳本26 第2289行（檔案第2289行）｜欄位 recipes.level ‖ index.html 腳本26 第2289行（檔案第2289行）｜欄位 recipes.level ‖ index.html 腳本26 第2289行（檔案第2289行）｜欄位 recipes.level ‖ index.html 腳本26 第2289行（檔案第2289行）｜欄位 recipes.level ‖ index.html 腳本26 第2289行（檔案第2289行）｜欄位 recipes.level ‖ index.html 腳本26 第2289行（檔案第2289行）｜欄位 recipes.level ‖ index.html 腳本26 第2289行（檔案第2289行）｜欄位 recipes.level ‖ index.html 腳本26 第2289行（檔案第2289行）｜欄位 recipes.level ‖ index.html 腳本26 第2289行（檔案第2289行）｜欄位 recipes.level ‖ index.html 腳本26 第2289行（檔案第2289行）｜欄位 recipes.level ‖ index.html 腳本26 第2289行（檔案第2289行）｜欄位 recipes.level ‖ index.html 腳本26 第2289行（檔案第2289行）｜欄位 recipes.level ‖ index.html 腳本26 第2289行（檔案第2289行）｜欄位 recipes.level ‖ index.html 腳本26 第2289行（檔案第2289行）｜欄位 recipes.level ‖ index.html 腳本26 第2289行（檔案第2289行）｜欄位 recipes.level ‖ index.html 腳本26 第2289行（檔案第2289行）｜欄位 recipes.level ‖ index.html 腳本26 第2289行（檔案第2289行）｜欄位 recipes.level ‖ index.html 腳本26 第2289行（檔案第2289行）｜欄位 recipes.level ‖ index.html 腳本26 第2289行（檔案第2289行）｜欄位 recipes.level ‖ index.html 腳本26 第2289行（檔案第2289行）｜欄位 recipes.level ‖ index.html 腳本26 第2289行（檔案第2289行）｜欄位 recipes.level ‖ index.html 腳本26 第2289行（檔案第2289行）｜欄位 recipes.level ‖ index.html 腳本26 第2289行（檔案第2289行）｜欄位 recipes.level ‖ index.html 腳本26 第2289行（檔案第2289行）｜欄位 recipes.level ‖ index.html 腳本26 第2289行（檔案第2289行）｜欄位 recipes.level ‖ index.html 腳本26 第2289行（檔案第2289行）｜欄位 recipes.level ‖ index.html 腳本26 第2289行（檔案第2289行）｜欄位 recipes.level ‖ index.html 腳本26 第2289行（檔案第2289行）｜欄位 recipes.level ‖ index.html 腳本26 第2289行（檔案第2289行）｜欄位 recipes.level ‖ index.html 腳本26 第2289行（檔案第2289行）｜欄位 recipes.level ‖ index.html 腳本26 第2289行（檔案第2289行）｜欄位 recipes.level ‖ index.html 腳本26 第2289行（檔案第2289行）｜欄位 recipes.level ‖ index.html 腳本26 第2289行（檔案第2289行）｜欄位 recipes.level ‖ index.html 腳本26 第2289行（檔案第2289行）｜欄位 recipes.level ‖ index.html 腳本26 第2289行（檔案第2289行）｜欄位 recipes.level ‖ index.html 腳本26 第2289行（檔案第2289行）｜欄位 recipes.level ‖ index.html 腳本26 第2289行（檔案第2289行）｜欄位 recipes.level ‖ index.html 腳本26 第2289行（檔案第2289行）｜欄位 recipes.level ‖ index.html 腳本26 第2289行（檔案第2289行）｜欄位 recipes.level ‖ index.html 腳本26 第2289行（檔案第2289行）｜欄位 recipes.level ‖ index.html 腳本26 第2289行（檔案第2289行）｜欄位 recipes.level ‖ index.html 腳本26 第2289行（檔案第2289行）｜欄位 recipes.level ‖ index.html 腳本26 第2289行（檔案第2289行）｜欄位 recipes.level ‖ index.html 腳本26 第2289行（檔案第2289行）｜欄位 recipes.level ‖ index.html 腳本26 第2289行（檔案第2289行）｜欄位 recipes.level ‖ index.html 腳本26 第2289行（檔案第2289行）｜欄位 recipes.level ‖ index.html 腳本26 第2289行（檔案第2289行）｜欄位 recipes.level ‖ index.html 腳本26 第2289行（檔案第2289行）｜欄位 recipes.level ‖ index.html 腳本26 第2289行（檔案第2289行）｜欄位 recipes.level ‖ index.html 腳本26 第2289行（檔案第2289行）｜欄位 recipes.level ‖ index.html 腳本26 第2289行（檔案第2289行）｜欄位 recipes.level ‖ index.html 腳本26 第2289行（檔案第2289行）｜欄位 recipes.level ‖ index.html 腳本26 第2289行（檔案第2289行）｜欄位 recipes.level ‖ index.html 腳本26 第2289行（檔案第2289行）｜欄位 recipes.level ‖ index.html 腳本26 第2289行（檔案第2289行）｜欄位 recipes.level ‖ index.html 腳本26 第2289行（檔案第2289行）｜欄位 recipes.level ‖ index.html 腳本26 第2289行（檔案第2289行）｜欄位 recipes.level ‖ index.html 腳本26 第2289行（檔案第2289行）｜欄位 recipes.level,83,82,
T0826,ch＋air 是拼法記憶；chair 的意思不是「空氣」，也不是這個词的歷史來源。,說明,兩者,AC,ch＋air 只是幫助記拼法。chair 的意思不是「空氣」，也不是這個詞的來源。,原文有簡體字「词」，且句長 18 字,課堂中,1,index.html 腳本26 第2289行（檔案第2289行）｜欄位 recipes.note,1,1,
T0837,組合工房：,錯誤,孩子,A,詞語組合有問題：,「組合工房：」是內部前綴,課堂中,1,index.html 腳本27 第2300行（檔案第2300行）｜函式 fail,1,1,字串片段（與其他片段拼接成一句，須成對修改）
T0838,保留欄位,錯誤,孩子,A,含有不可用的項目,「保留欄位」是程式術語,課堂中,1,index.html 腳本27 第2301行（檔案第2301行）｜函式 obj,1,1,
T0839,欄位缺少或多出,錯誤,孩子,A,項目缺少或多了,「欄位」是程式術語,課堂中,1,index.html 腳本27 第2302行（檔案第2302行）｜函式 exact,1,1,
T0840,清單容量,錯誤,孩子,A,清單太長,「清單容量」是術語,課堂中,1,index.html 腳本27 第2303行（檔案第2303行）｜函式 array,1,1,
T0842,重複或不明詞,錯誤,孩子,A,有重複或不明的詞語,「不明詞」生硬,課堂中,1,index.html 腳本27 第2312行（檔案第2312行）｜函式 library,1,1,
T0843,組合與答案不符,錯誤,孩子,A,組合和答案不一致,「不符」偏書面,課堂中,1,index.html 腳本27 第2313行（檔案第2313行）｜函式 library,1,1,
T0844,剪取位置不符,錯誤,孩子,A,剪取的位置不對,「不符」偏書面,課堂中,1,index.html 腳本27 第2314行（檔案第2314行）｜函式 library,1,1,
T0845,完整合成詞被剪短,錯誤,孩子,A,合成詞被剪短了,被動且生硬,課堂中,1,index.html 腳本27 第2314行（檔案第2314行）｜函式 library,1,1,
T0846,組別詞表,錯誤,孩子,A,這組的詞表有誤,「組別詞表」不成句,課堂中,1,index.html 腳本27 第2317行（檔案第2317行）｜函式 library,1,1,
T0847,題目不存在,錯誤,孩子,A,找不到這條題目,「不存在」改日常說法,課堂中,1,index.html 腳本27 第2324行（檔案第2324行）｜函式 expected,1,1,
T0848,組別或玩法不存在,錯誤,孩子,A,找不到這組或這種玩法,「不存在」改日常說法,課堂中,1,index.html 腳本27 第2326行（檔案第2326行）｜函式 create,1,1,
T0850,紀錄已達容量；請家長先備份,錯誤,孩子,A,紀錄已滿。請家長先備份。,「已達容量」是術語,課堂中,1,index.html 腳本27 第2327行（檔案第2327行）｜函式 create,1,1,
T0851,課程編號重複,錯誤,孩子,A,練習編號重複了,「課程編號」是內部詞,課堂中,1,index.html 腳本27 第2327行（檔案第2327行）｜函式 create,1,1,
T0852,指定詞不屬於本組,錯誤,孩子,A,這個詞不在這一組,「指定詞不屬於本組」生硬,課堂中,1,index.html 腳本27 第2328行（檔案第2328行）｜函式 create,1,1,
T0855,沒有待訂正答案,錯誤,孩子,A,沒有要訂正的答案,「待訂正」偏書面,課堂中,1,index.html 腳本27 第2349行（檔案第2349行）｜函式 correct,1,1,
T0857,版本不支援,錯誤,孩子,AD,版本不符，讀不了。請用備份還原。,沒說下一步,課堂中,1,index.html 腳本27 第2362行（檔案第2362行）｜函式 validate,6,1,
T0858,孩子數量,錯誤,孩子,A,孩子人數太多,「孩子數量」不成句,課堂中,1,index.html 腳本27 第2362行（檔案第2362行）｜函式 validate,1,1,
T0859,曝光目標,錯誤,孩子,A,見過的詞語有誤,「曝光目標」是術語,課堂中,1,index.html 腳本27 第2365行（檔案第2365行）｜函式 validate,1,1,
T0860,課程歸屬或重複,錯誤,孩子,A,練習所屬的孩子不對，或重複了,「課程歸屬」是術語,課堂中,1,index.html 腳本27 第2367行（檔案第2367行）｜函式 validate,1,1,
T0861,課程資料,錯誤,孩子,A,練習資料有誤,「課程資料」不成句,課堂中,1,index.html 腳本27 第2368行（檔案第2368行）｜函式 validate,1,1,
T0862,課程步驟,錯誤,孩子,A,練習步驟有誤,「課程步驟」不成句,課堂中,1,index.html 腳本27 第2370行（檔案第2370行）｜函式 validate,1,1,
T0863,題目序列,錯誤,孩子,A,題目次序有誤,「題目序列」是術語,課堂中,1,index.html 腳本27 第2370行（檔案第2370行）｜函式 validate,1,1,
T0864,重複題目,錯誤,孩子,A,題目重複了,「重複題目」不成句,課堂中,1,index.html 腳本27 第2370行（檔案第2370行）｜函式 validate,1,1,
T0865,組合目標跳換,錯誤,孩子,A,組合的目標詞中途改變了,「組合目標跳換」是術語,課堂中,1,index.html 腳本27 第2370行（檔案第2370行）｜函式 validate,1,1,
T0866,狀態與完成時間矛盾,錯誤,孩子,A,練習狀態和完成時間不一致,「矛盾」偏書面,課堂中,1,index.html 腳本27 第2371行（檔案第2371行）｜函式 validate,1,1,
T0867,獎勵與狀態矛盾,錯誤,孩子,A,獎勵和練習狀態不一致,「矛盾」偏書面,課堂中,1,index.html 腳本27 第2372行（檔案第2372行）｜函式 validate,1,1,
T0868,剪取內容無效,錯誤,孩子,A,剪取的內容有誤,「無效」改日常說法,課堂中,1,index.html 腳本27 第2374行（檔案第2374行）｜函式 validate,1,1,
T0869,非組合題持有字塊,錯誤,孩子,A,這種題目不應有字塊,「持有」是程式術語,課堂中,1,index.html 腳本27 第2375行（檔案第2375行）｜函式 validate,1,1,
T0870,回饋答案,錯誤,孩子,A,回饋的答案有誤,「回饋答案」不成句,課堂中,1,index.html 腳本27 第2376行（檔案第2376行）｜函式 validate,1,1,
T0872,作答歸屬或重複,錯誤,孩子,A,作答所屬的練習不對，或重複了,「作答歸屬」是術語,課堂中,1,index.html 腳本27 第2381行（檔案第2381行）｜函式 validate,1,1,
T0873,作答位置,錯誤,孩子,A,作答位置不對,「作答位置」不成句,課堂中,1,index.html 腳本27 第2382行（檔案第2382行）｜函式 validate,2,1,
T0874,訂正時間,錯誤,孩子,A,訂正時間不對,「訂正時間」不成句,課堂中,1,index.html 腳本27 第2382行（檔案第2382行）｜函式 validate,1,1,
T0875,原答案與評分不符,錯誤,孩子,A,原答案和評分不一致,「不符」偏書面,課堂中,1,index.html 腳本27 第2383行（檔案第2383行）｜函式 validate,1,1,
T0876,獨立證據不符,錯誤,孩子,A,「自己答對」的紀錄不一致,「獨立證據」是術語,課堂中,1,index.html 腳本27 第2385行（檔案第2385行）｜函式 validate,1,1,
T0877,作答在完成之後,錯誤,孩子,A,完成之後還有作答,「作答在完成之後」生硬,課堂中,1,index.html 腳本27 第2385行（檔案第2385行）｜函式 validate,1,1,
T0878,放棄位置不符,錯誤,孩子,A,放棄的位置不對,「不符」偏書面,課堂中,1,index.html 腳本27 第2387行（檔案第2387行）｜函式 validate,1,1,
T0879,答題數不符,錯誤,孩子,A,答題數量不對,「不符」偏書面,課堂中,1,index.html 腳本27 第2387行（檔案第2387行）｜函式 validate,1,1,
T0880,作答有空洞,錯誤,孩子,A,有題目漏了作答,「作答有空洞」是術語,課堂中,1,index.html 腳本27 第2388行（檔案第2388行）｜函式 validate,1,1,
T0881,回饋與事件矛盾,錯誤,孩子,A,回饋和作答紀錄不一致,「事件矛盾」是術語,課堂中,1,index.html 腳本27 第2389行（檔案第2389行）｜函式 validate,1,1,
T0882,未訂正就完成,錯誤,孩子,A,還沒訂正就標示完成,「未訂正就完成」生硬,課堂中,1,index.html 腳本27 第2390行（檔案第2390行）｜函式 validate,1,1,
T0883,延後證據不足,錯誤,孩子,AD,「隔日仍答對」的紀錄不足,「延後證據不足」是術語,課堂中,1,index.html 腳本27 第2392行（檔案第2392行）｜函式 validate,1,1,
T0884,指定組別,錯誤,孩子,A,指定的組別有誤,「指定組別」不成句,課堂中,1,index.html 腳本27 第2393行（檔案第2393行）｜函式 validate,1,1,
T0889,用清楚的步驟講解四則運算和應用題，陪你整理已知資料，再想下一步。,說明,兩者,A,一步一步講解四則運算和應用題。陪你整理已知資料，再想下一步。,原文句長 29 字,首頁,1,index.html 腳本29 第2410行（檔案第2410行）｜欄位 owl.intro,1,1,
T0892,先讀清楚題目，再用原有教學與提示一步一步完成。,說明,兩者,A,先讀清楚題目。再按教學和提示，一步一步做。,原文句長 21 字,首頁,1,index.html 腳本29 第2410行（檔案第2410行）｜欄位 owl.use,1,1,
T0893,先睇清楚題目，再諗下一步。,說明,兩者,E,先看清楚題目，再想下一步。,口語字「睇」「諗」與其他書面語混用（若同時用作語音稿，請另設語音欄位）,首頁,1,index.html 腳本29 第2410行（檔案第2410行）｜欄位 owl.quote,1,1,
T0902,用圖像觀察形狀、空間、分數和數線，幫你把抽象的關係看清楚。,說明,兩者,A,用圖像看形狀、空間、分數和數線。幫你看清楚抽象的關係。,原文句長 25 字，含口語字「係」,首頁,1,index.html 腳本29 第2411行（檔案第2411行）｜欄位 fox.intro,1,1,
T0905,先比較相同與不同，再操作程式的正式教具。,說明,兩者,A,先比較相同和不同。再用程式裏的教具。,原文句長 18 字,首頁,1,index.html 腳本29 第2411行（檔案第2411行）｜欄位 fox.use,1,1,
T0906,先觀察，再試下唔同方法。,說明,兩者,E,先觀察，再試試不同的方法。,口語字「唔」「下」與書面語混用,首頁,1,index.html 腳本29 第2411行（檔案第2411行）｜欄位 fox.quote,1,1,
T0913,需要提示、重試或休息時，陪你把事情拆成小步驟。,說明,兩者,A,你需要提示、重試或休息時，會陪着你。事情會拆成小步驟。,原文句長 20 字,首頁,1,index.html 腳本29 第2412行（檔案第2412行）｜欄位 star.intro,1,1,
T0917,唔使急，試下一小步先。,說明,兩者,E,不用急，先試一小步。,口語字「唔使」「先」與書面語混用,首頁,1,index.html 腳本29 第2412行（檔案第2412行）｜欄位 star.quote,1,1,
T0922,陪你數數、認識數字和練習基本加減，也會在首頁帶你開始任務。,說明,兩者,A,陪你數數、認識數字、練習加減。也會在首頁帶你開始學習。,原文句長 26 字,首頁,1,index.html 腳本29 第2413行（檔案第2413行）｜欄位 bee.intro,1,1,
T0925,學習金幣仍由原有系統結算，角色不會多派或重派。,說明,兩者,AB,金幣由程式原有的方法計算。角色不會多給，也不會重複給。,「結算」「派」是說明書腔，句長 21 字,首頁,1,index.html 腳本29 第2413行（檔案第2413行）｜欄位 bee.use,1,1,
T0926,一步一步，完成眼前嘅任務。,說明,兩者,E,一步一步，完成眼前的任務。,口語字「嘅」與書面語混用,首頁,1,index.html 腳本29 第2413行（檔案第2413行）｜欄位 bee.quote,1,1,
T0932,喜歡挑戰，也願意先畫圖、列表，再比較不同解法。,說明,兩者,A,喜歡挑戰。會先畫圖、列表，再比較不同方法。,原文句長 19 字,首頁,1,index.html 腳本29 第2414行（檔案第2414行）｜欄位 rabbit.intro,1,1,
T0936,諗多個方法，再試一試。,說明,兩者,E,多想幾個方法，再試一試。,口語字「諗」與書面語混用,首頁,1,index.html 腳本29 第2414行（檔案第2414行）｜欄位 rabbit.quote,1,1,
T0941,把圖形積木、數學操作和創意探索連在一起，鼓勵你動手觀察。,說明,兩者,A,用圖形積木、數學操作和創意探索，鼓勵你動手觀察。,原文句長 25 字,首頁,1,index.html 腳本29 第2415行（檔案第2415行）｜欄位 panda.intro,1,1,
T0945,動手試下，留意有咩改變。,說明,兩者,E,動手試試，看看有甚麼改變。,口語字「下」「咩」與書面語混用,首頁,1,index.html 腳本29 第2415行（檔案第2415行）｜欄位 panda.quote,1,1,
T0948,先獨立完成，交卷後再回看。,說明,兩者,A,先自己做完，交卷後再回看。,「獨立」是生字,首頁,1,index.html 腳本29 第2426行（檔案第2426行）｜函式 guide｜欄位 text,1,1,
T0950,這一組完成了。成績與金幣以下方結算為準。,說明,兩者,A,這一組完成了。成績和金幣，請看下面。,「以下方結算為準」是官樣文字,首頁,1,index.html 腳本29 第2427行（檔案第2427行）｜函式 guide,1,1,
T0951,先處理裝置提示；角色不判定這題對錯。,說明,兩者,A,先看裝置的提示。角色不會判斷這題對不對。,「判定」是生字,首頁,1,index.html 腳本29 第2428行（檔案第2428行）｜函式 guide,1,1,
T0953,用了提示也完成了這一步，再找機會自己試。,說明,兩者,A,你借助提示完成了這一步。下次試試自己做。,原文句長 18 字,首頁,1,index.html 腳本29 第2428行（檔案第2428行）｜函式 guide,1,1,
T0955,先看看下方回饋，再用另一個方法試試。,說明,兩者,A,先看看下面的回饋。再用另一個方法試試。,原文句長 16 字,首頁,1,index.html 腳本29 第2428行（檔案第2428行）｜函式 guide,1,1,
T0957,先看中文意思，再聽讀音，留意英文拼法。,說明,兩者,A,先看中文意思，再聽讀音。留意英文怎樣拼。,原文句長 16 字,首頁,1,index.html 腳本29 第2429行（檔案第2429行）｜函式 guide,1,1,
T0958,原有提示已打開，這次會記作有提示的練習。,說明,兩者,A,提示已打開。這次會記作「有提示」。,原文句長 18 字,首頁,1,index.html 腳本29 第2430行（檔案第2430行）｜函式 guide,1,1,
T0960,先獨立完成。,標籤,兩者,A,先自己試試。,「獨立」是生字,首頁,1,index.html 腳本29 第2435行（檔案第2435行）｜函式 mathGuide｜欄位 text,1,1,
T0963,已停在這裏。准备好後，再繼續原來的一課。,說明,兩者,C,已停在這裏。準備好後，再繼續原來的一課。,簡體字「准备」,首頁,1,index.html 腳本29 第2437行（檔案第2437行）｜函式 mathGuide,1,1,
T0965,回想你用了甚麼方法，成績以課堂結算為準。,說明,兩者,AE,想想你用了甚麼方法。成績以這一課的結果為準。,句長 18 字；「課堂結算」與其他處的「小課」不一致,首頁,1,index.html 腳本29 第2438行（檔案第2438行）｜函式 mathGuide,1,1,
T0970,選一課就可以開始，每次專心做一件事。,說明,兩者,A,選一課就可以開始。每次專心做一件事。,原文句長 16 字,首頁,1,index.html 腳本29 第2443行（檔案第2443行）｜函式 mathGuide,1,1,
T0971,先觀察图形和數量，再按題目要求作答。,說明,兩者,AC,先看清楚圖形和數量，再按題目作答。,簡體字「图」，句長 16 字,首頁,1,index.html 腳本29 第2444行（檔案第2444行）｜函式 mathGuide,1,1,
T0974,看看自己用了甚麼方法，再繼續下一題。,說明,兩者,A,看看自己用了甚麼方法。再做下一題。,原文句長 16 字,首頁,1,index.html 腳本29 第2446行（檔案第2446行）｜函式 mathGuide,1,1,
T0975,備份資料過大或層數過多,錯誤,家長,A,備份檔太大或太複雜，讀不了。,「層數」是術語,少見,1,index.html 腳本32 第2461行（檔案第2461行）｜函式 scan,1,1,
T0976,備份含不安全欄位,錯誤,家長,A,備份檔含有不可用的項目，讀不了。,「不安全欄位」是術語,少見,1,index.html 腳本32 第2461行（檔案第2461行）｜函式 scan,1,1,
T0977,資料含無效數值,錯誤,家長,A,備份檔含有不正確的數字，讀不了。,「無效數值」是術語,少見,1,index.html 腳本32 第2461行（檔案第2461行）｜函式 scan,1,1,
T0978,跨科設定版本不支援,錯誤,家長,AD,跨科設定的版本不符。請重新儲存設定。,沒說下一步,少見,1,index.html 腳本32 第2465行（檔案第2465行）｜函式 validateSettings,1,1,
T0979,跨科時限或學習配額不正確,錯誤,家長,AD,每日時間或學習數量的設定不正確。請重新選擇。,「配額」是術語並缺下一步,少見,1,index.html 腳本32 第2465行（檔案第2465行）｜函式 validateSettings,1,1,
T0980,三科建議時間合計不能超過全站時限,錯誤,家長,AD,三科的建議時間加起來，不能超過每日總時間。,「全站時限」生硬，並說清楚限制,少見,1,index.html 腳本32 第2465行（檔案第2465行）｜函式 validateSettings,1,1,
T0981,使用時間格式無效,錯誤,家長,A,使用時間的紀錄不正確。,「格式無效」是術語,少見,1,index.html 腳本32 第2465行（檔案第2465行）｜函式 validateSettings,1,1,
T0982,學員數過多,錯誤,家長,E,孩子人數太多。,「學員」統一為「孩子」,少見,1,index.html 腳本32 第2465行（檔案第2465行）｜函式 validateSettings,1,1,
T0983,使用時間學員無效,錯誤,家長,E,使用時間紀錄找不到對應的孩子。,「學員」統一為「孩子」,少見,1,index.html 腳本32 第2465行（檔案第2465行）｜函式 validateSettings,1,1,
T0984,使用時間超過400天,錯誤,家長,AD,使用時間紀錄超過 400 天，不能再加。,沒說清楚,少見,1,index.html 腳本32 第2465行（檔案第2465行）｜函式 validateSettings,1,1,
T0985,使用日期無效,錯誤,家長,A,使用日期不正確。,「無效」改日常說法,少見,1,index.html 腳本32 第2465行（檔案第2465行）｜函式 validateSettings,1,1,
T0986,使用紀錄含未知欄位,錯誤,家長,A,使用紀錄含有不明的項目。,「未知欄位」是術語,少見,1,index.html 腳本32 第2465行（檔案第2465行）｜函式 validateSettings,1,1,
T0987,使用時間超出範圍,錯誤,家長,A,使用時間超出範圍。,「範圍」保留，句式簡化,少見,1,index.html 腳本32 第2465行（檔案第2465行）｜函式 validateSettings,1,1,
T0988,每日總時間超過24小時,錯誤,家長,AD,每日總時間超過 24 小時，紀錄不正確。,說明原因,少見,1,index.html 腳本32 第2465行（檔案第2465行）｜函式 validateSettings,1,1,
T0989,搬移收據過多,錯誤,家長,A,搬入舊紀錄的資料太多。,「搬移收據」是術語,少見,1,index.html 腳本32 第2466行（檔案第2466行）｜函式 validateSettings,1,1,
T0990,搬移收據無效,錯誤,家長,A,搬入舊紀錄的資料不正確。,「搬移收據」是術語,少見,1,index.html 腳本32 第2466行（檔案第2466行）｜函式 validateSettings,1,1,
T0991,聲線設定無效,錯誤,家長,A,語音設定不正確。,「聲線」「無效」偏書面,少見,1,index.html 腳本32 第2467行（檔案第2467行）｜函式 validateSettings,1,1,
T0992,語音服務只能使用同網站的 /api/ 路徑,錯誤,家長,A,語音服務的網址只可以是本網站提供的。,「/api/ 路徑」是技術詞,少見,1,index.html 腳本32 第2467行（檔案第2467行）｜函式 validateSettings,1,1,
T0993,聲線名稱無效,錯誤,家長,A,語音名稱不正確。,「聲線名稱無效」偏書面,少見,1,index.html 腳本32 第2467行（檔案第2467行）｜函式 validateSettings,1,1,
T0994,計時身份無效,錯誤,家長,A,計時紀錄所屬的帳戶不正確。,「計時身份」是術語,少見,1,index.html 腳本32 第2470行（檔案第2470行）｜函式 addUsage,1,1,
T0995,計時無效,錯誤,家長,A,計時紀錄不正確。,「計時無效」不成句,少見,1,index.html 腳本32 第2470行（檔案第2470行）｜函式 addUsage,1,1,
T0996,不是支援的數學備份,錯誤,家長,A,這不是可用的數學備份檔。,「不是支援的」偏書面,少見,1,index.html 腳本32 第2471行（檔案第2471行）｜函式 portableMath,1,1,
T0997,舊學員身份格式不正確,錯誤,家長,ADE,舊的孩子紀錄格式不正確。請換另一個備份檔。,「學員」統一為「孩子」，並加下一步,少見,1,index.html 腳本32 第2471行（檔案第2471行）｜函式 portableMath,1,1,
T0998,舊學員姓名或年級無效,錯誤,家長,AE,舊紀錄裏的孩子姓名或年級不正確。,「學員」統一為「孩子」,少見,1,index.html 腳本32 第2471行（檔案第2471行）｜函式 portableMath,1,1,
T0999,目標孩子無效,錯誤,家長,A,找不到要搬入的孩子。,「目標孩子無效」生硬,少見,1,index.html 腳本32 第2472行（檔案第2472行）｜函式 migrateMath,1,1,
T1000,不是R3家庭完整備份,錯誤,家長,A,這不是家庭完整備份檔。,「R3」是版本字眼，家長不用知道,少見,1,index.html 腳本32 第2473行（檔案第2473行）｜函式 envelope,1,1,
T1001,備份日期無效,錯誤,家長,A,備份日期不正確。,「無效」改日常說法,少見,1,index.html 腳本32 第2473行（檔案第2473行）｜函式 envelope,1,1,
T1002,完整備份缺少資料,錯誤,家長,A,備份檔不完整，缺少資料。,「完整備份缺少資料」生硬,少見,1,index.html 腳本32 第2473行（檔案第2473行）｜函式 envelope,1,1,
T1003,備份項目過多,錯誤,家長,A,備份檔的項目太多，讀不了。,「過多」偏書面,少見,1,index.html 腳本32 第2473行（檔案第2473行）｜函式 envelope,1,1,
T1004,備份校驗碼無效,錯誤,家長,A,備份檔的檢查碼不對。,「校驗碼」是術語,少見,1,index.html 腳本32 第2473行（檔案第2473行）｜函式 envelope,1,1,
T1005,備份來源身份無效,錯誤,家長,A,備份檔的來源帳戶不正確。,「來源身份」是術語,少見,1,index.html 腳本32 第2474行（檔案第2474行）｜函式 validatePayload,1,1,
T1006,數學資料重複或不屬於備份孩子,錯誤,家長,A,數學紀錄重複，或不屬於備份裏的孩子。,句式簡化,少見,1,index.html 腳本32 第2474行（檔案第2474行）｜函式 validatePayload,1,1,
T1007,備份缺少孩子的數學欄位,錯誤,家長,A,備份檔缺少孩子的數學紀錄。,「數學欄位」是術語,少見,1,index.html 腳本32 第2474行（檔案第2474行）｜函式 validatePayload,1,1,
T1008,角色設定過多,錯誤,家長,A,角色設定太多。,「過多」偏書面,少見,1,index.html 腳本32 第2474行（檔案第2474行）｜函式 validatePayload,1,1,
T1009,角色設定身份不正確,錯誤,家長,AD,角色設定所屬的孩子不正確。請換另一個備份檔。,「身份」是術語並缺下一步,少見,1,index.html 腳本32 第2474行（檔案第2474行）｜函式 validatePayload,1,1,
T1010,角色偏好無效,錯誤,家長,A,角色設定不正確。,「偏好無效」是術語,少見,1,index.html 腳本32 第2474行（檔案第2474行）｜函式 validatePayload,1,1,
T1011,跨科資料含其他孩子,錯誤,家長,A,共用資料含有其他孩子的紀錄。,「跨科資料」是術語,少見,1,index.html 腳本32 第2474行（檔案第2474行）｜函式 validatePayload,1,1,
T1012,媒體識別碼無效或重複,錯誤,家長,A,圖片或音檔的編號不正確，或重複了。,「媒體識別碼」是術語,少見,1,index.html 腳本32 第2474行（檔案第2474行）｜函式 validatePayload,1,1,
T1013,媒體類別無效,錯誤,家長,A,圖片或音檔的種類不正確。,「媒體類別」是術語,少見,1,index.html 腳本32 第2474行（檔案第2474行）｜函式 validatePayload,1,1,
T1014,媒體附加資料無效,錯誤,家長,A,圖片或音檔的附加資料不正確。,「媒體附加資料」是術語,少見,1,index.html 腳本32 第2474行（檔案第2474行）｜函式 validatePayload,1,1,
T1015,文字備註不可含二進制,錯誤,家長,AD,備註只可以是文字，不可放檔案內容。請換另一個備份檔。,「二進制」是術語並缺下一步,少見,1,index.html 腳本32 第2474行（檔案第2474行）｜函式 validatePayload,1,1,
T1016,不支援的媒體格式,錯誤,家長,AD,不支援這種圖片或音檔格式。,「媒體格式」是術語,少見,1,index.html 腳本32 第2474行（檔案第2474行）｜函式 validatePayload,1,1,
T1017,媒體內容格式無效,錯誤,家長,A,圖片或音檔的內容不正確。,「媒體內容格式無效」是術語,少見,1,index.html 腳本32 第2474行（檔案第2474行）｜函式 validatePayload,1,1,
T1018,媒體類別與格式不一致,錯誤,家長,A,圖片或音檔的種類和格式對不上。,「不一致」偏書面,少見,1,index.html 腳本32 第2474行（檔案第2474行）｜函式 validatePayload,1,1,
T1019,媒體Base64長度無效,錯誤,家長,A,圖片或音檔的資料長度不正確。,「Base64」是技術詞,少見,1,index.html 腳本32 第2474行（檔案第2474行）｜函式 validatePayload,1,1,
T1020,媒體備份過大,錯誤,家長,A,圖片和音檔的備份太大。,「媒體備份過大」是術語,少見,1,index.html 腳本32 第2474行（檔案第2474行）｜函式 validatePayload,1,1,
T1021,最近七天的實際紀錄；未記錄時段不補估,說明,家長,A,最近七天的實際紀錄。沒有紀錄的時段，不會估算。,「補估」是生字,少見,1,index.html 腳本32 第2475行（檔案第2475行）｜函式 weekly｜欄位 scope,1,1,
T1022,復原資料欄位無效或過多,錯誤,家長,AE,備用紀錄的資料不正確或太多。,「復原」統一說法，欄位是術語,少見,1,index.html 腳本32 第2486行（檔案第2486行）｜函式 validateKV,1,1,
T1023,復原資料包含其他家庭或不允許的儲存位置,錯誤,家長,AE,備用紀錄含有其他家庭的內容。,「儲存位置」是術語,少見,1,index.html 腳本32 第2487行（檔案第2487行）｜函式 validateKV,1,1,
T1024,復原資料必須是原始文字或空值,錯誤,家長,AE,備用紀錄的資料格式不正確。,「原始文字或空值」是術語,少見,1,index.html 腳本32 第2487行（檔案第2487行）｜函式 validateKV,1,1,
T1025,復原日誌身份或格式無效,錯誤,家長,AE,備用紀錄的帳戶或格式不正確。,「復原日誌」是術語,少見,1,index.html 腳本32 第2490行（檔案第2490行）｜函式 validateJournal,1,1,
T1026,復原日誌缺少原家庭主資料,錯誤,家長,AE,備用紀錄缺少家庭的原有資料。,「復原日誌」是術語,少見,1,index.html 腳本32 第2491行（檔案第2491行）｜函式 validateJournal,1,1,
T1027,復原媒體清單無效,錯誤,家長,AE,備用紀錄裏的圖片和音檔清單不正確。,「復原媒體清單」是術語,少見,1,index.html 腳本32 第2492行（檔案第2492行）｜函式 validateJournal,1,1,
T1028,復原媒體身份、類別或識別碼無效,錯誤,家長,AE,備用紀錄裏的圖片或音檔，帳戶、種類或編號不正確。,「識別碼」是術語,少見,1,index.html 腳本32 第2493行（檔案第2493行）｜函式 validateJournal,1,1,
T1033,原有資料未能讀取。為免覆蓋，已停止自動儲存；請先保留備份，再到設定還原。,說明,家長,AB,讀不到原有資料，已停止自動儲存，免得蓋掉舊資料。請先保留備份，再到「設定」還原。,「為免」是說明書腔,少見,1,index.html 腳本33 第2553行（檔案第2553行）｜函式 load,1,1,
T1034,未能儲存。請勿關閉此頁；可以重試或匯出備份。,說明,家長,B,儲存不了。先不要關閉這一頁。請重試，或匯出備份。,「請勿」是說明書腔,少見,1,index.html 腳本33 第2559行（檔案第2559行）｜函式 save,1,1,
T1066,挑戰區,標題,兩者,E,遊戲街機,同一區域有多個名稱（挑戰區／街機／遊戲大廳…），統一為「遊戲街機」,首頁,5,index.html 腳本33 第2603行（檔案第2603行）｜函式 kidHome ‖ index.html 腳本33 第2721行（檔案第2721行）｜函式 gameView ‖ index.html 腳本33 第3545行（檔案第3545行）｜函式 arLobby ‖ index.html 腳本33 第3572行（檔案第3572行） ‖ index.html 腳本33 第4646行（檔案第4646行）,12,5,
T1074,今天的安排已完成，可以休息或自選練習。,狀態,孩子,A,今天的練習做完了。可以休息，或自己選練習。,原文句長 17 字,課堂中,1,index.html 腳本33 第2619行（檔案第2619行）｜函式 startDaily,1,1,
T1075,"這個項目已被移除。${btn('返回','end-session')}",說明,孩子,B,"這個項目已不在了。${btn('返回','end-session')}",被字句「已被移除」,課堂中,1,index.html 腳本33 第2623行（檔案第2623行）｜函式 learnView,1,1,
T1079,"title=""暫停，返回首頁"" aria-label=""休息（暫停並返回首頁）""",按鈕,孩子,E,"title=""休息一下，返回首頁"" aria-label=""休息一下（暫停並返回首頁）""",同一按鈕「暫停」「休息」兩個說法；按鈕統一用「返回」,課堂中,1,index.html 腳本33 第2623行（檔案第2623行）｜函式 learnView,1,1,
T1108,訪客練習不會保存紀錄。,說明,孩子,E,訪客練習不會儲存紀錄。,「保存」統一為「儲存」,結算,1,index.html 腳本33 第2657行（檔案第2657行）｜函式 finishView,1,1,
T1112,自己揀一種,標題,孩子,E,自己選一種,口語字「揀」,課堂中,1,index.html 腳本33 第2659行（檔案第2659行）｜函式 practiceView,1,1,
T1116,請先加入默書範圍。,狀態,兩者,D,請家長先加入默書範圍。,孩子看到的提示沒說該由誰做,課堂中,2,index.html 腳本33 第2662行（檔案第2662行）｜函式 startPractice ‖ index.html 腳本33 第2990行（檔案第2990行）｜函式 renderOfflineContents,2,2,
T1117,目前有未完成練習。改為這一輪？已答題紀錄會保留。,確認框,孩子,D,你還有一輪未做完。要改做這一輪嗎？已答的題目會保留。,確認框沒說清楚後果,課堂中,1,index.html 腳本33 第2662行（檔案第2662行）｜函式 startPractice,1,1,
T1120,"你可以試匯入同做題，但重新載入後唔會保留。${link('登入／建立帳戶','login','soft')}",說明,家長,E,"你可以試試匯入和做題，但重新載入後不會保留。${link('登入／建立帳戶','login','soft')}",口語字「唔」「同」「試」與書面語混用,家長頁,1,index.html 腳本33 第2664行（檔案第2664行）｜函式 parentHome,1,1,
T1125,最近獨立串對,說明,家長,E,最近自己串對,「獨立串對」與「自己串對」混用，統一為「自己串對」,家長頁,2,index.html 腳本33 第2664行（檔案第2664行）｜函式 parentHome ‖ index.html 腳本33 第2701行（檔案第2701行）｜函式 reportView,4,2,
T1149,暫時沒有已記錄的弱項；未做的題型仍未檢查。,說明,兩者,A,暫時沒有弱項紀錄。未做過的題型，還沒檢查。,「未做的題型仍未檢查」生硬,首頁,1,index.html 腳本33 第2668行（檔案第2668行）｜函式 weakList,1,1,
T1151,改為補練錯題？目前已答紀錄會保留。,確認框,孩子,D,要改做補練錯題嗎？已答的題目會保留。,確認框沒說清楚後果,課堂中,1,index.html 腳本33 第2669行（檔案第2669行）｜函式 practiceWeak,1,1,
T1163,"已內置 6,057 項教材詞庫；字義供家長核對，未內置全庫英式音檔。",說明,家長,AE,"內置題庫有 6,057 個詞。中文意思請家長核對。英式讀音只有部分有錄音。",「教材詞庫」「全庫」是說明書腔，且「詞庫」與「題庫」混用,家長頁,1,index.html 腳本33 第2672行（檔案第2672行）｜函式 rangeNewView,1,1,
T1176,先裁走姓名、校名等個人資料。OCR 需要網絡下載辨認元件；圖片在瀏覽器內處理。辨認結果一定要由家長核對；如果辨認不到，也可以直接貼上或輸入文字。,說明,家長,A,先裁走姓名、校名等個人資料。第一次辨認要連網下載辨認程式。相片只在這部裝置上處理。辨認結果要由家長核對。辨認不到的話，可以直接貼上或輸入文字。,OCR、元件、瀏覽器對家長是術語,家長頁,1,index.html 腳本33 第2672行（檔案第2672行）｜函式 rangeNewView,1,1,
T1192,請選擇 JPG、PNG 或其他可讀取的相片，不接受 SVG。,狀態,家長,A,請用 JPG 或 PNG 相片。,「SVG」對家長是術語,首頁,2,index.html 腳本33 第2678行（檔案第2678行）｜函式 setOcrFile ‖ index.html 腳本33 第3656行（檔案第3656行）,2,2,
T1193,目前離線，辨認元件未準備好。請先貼上文字，或連線後再辨認。,狀態,家長,A,目前沒有網絡，相片辨認還未準備好。請先貼上文字，或連線後再辨認。,「辨認元件」是術語,家長頁,1,index.html 腳本33 第2680行（檔案第2680行）｜函式 runOCR,1,1,
T1206,已加入試玩範圍；離開後不會保存。,狀態,家長,E,已加入試玩範圍；離開後不會儲存。,「保存」統一為「儲存」,首頁,2,index.html 腳本33 第2699行（檔案第2699行）｜函式 saveRange ‖ index.html 腳本33 第3651行（檔案第3651行）,2,2,
T1220,登入後先會儲存,說明,家長,E,登入後才會儲存,「先會」是口語用法，改書面「才會」,家長頁,1,index.html 腳本33 第2703行（檔案第2703行）｜函式 settingsView,1,1,
T1221,"練習需要先登入；先參觀不會儲存答題紀錄、金幣或設定。${link('登入／建立帳戶','login','soft')}",說明,家長,A,"練習要先登入。只是參觀的話，不會儲存答題紀錄、金幣或設定。${link('登入／建立帳戶','login','soft')}",一句兩個「先」，拆開,家長頁,1,index.html 腳本33 第2703行（檔案第2703行）｜函式 settingsView,1,1,
T1226,20 款新遊戲仍使用 5 星／90 秒、10 星／3 分鐘；每日合計上限在「金幣與遊戲」設定。,說明,家長,E,20 款新遊戲：5 金幣玩 90 秒，10 金幣玩 3 分鐘。每日合計上限可在「金幣與遊戲」設定。,舊稱「星」與「金幣」混用；且與「一局一幣」疑有矛盾，需擁有者確認,家長頁,1,index.html 腳本33 第2703行（檔案第2703行）｜函式 settingsView,1,1,
T1235,🇬🇧 僅使用 en-GB,標籤,家長,A,🇬🇧 只用英式發音,「en-GB」是技術代號，家長不用知道,家長頁,1,index.html 腳本33 第2703行（檔案第2703行）｜函式 settingsView,0,0,"原文帶旗幟 emoji，自動錨點計數為 0；文字確實在腳本33第2703行（<span class=""voice-badge"">），須手動搜尋「僅使用 en-GB」"
T1236,優先播放已存英式音檔；未準備音檔時才用裝置英式聲線。離線時只選本機英式聲線，播不到可跳過、不計錯。請到「離線教材」準備音檔。,說明,家長,A,會先播放已存的英式音檔。沒有音檔時，才用裝置的英式聲音。沒有網絡時只用裝置內的英式聲音。播不到的題目可以跳過，不計錯。請到「離線教材」準備音檔。,一段多個條件，拆成短句,家長頁,1,index.html 腳本33 第2703行（檔案第2703行）｜函式 settingsView,1,1,
T1239,資料只存在這個瀏覽器，不會跨裝置同步。更換檔案或裝置前，請先匯出備份。,說明,家長,A,資料只存在這個瀏覽器，不會自動傳到其他裝置。換裝置或換檔案前，請先匯出備份。,「跨裝置同步」是術語,家長頁,1,index.html 腳本33 第2703行（檔案第2703行）｜函式 settingsView,1,1,
T1240,未登入，冇資料可備份。,說明,家長,E,未登入，沒有資料可備份。,口語字「冇」與書面語混用,家長頁,1,index.html 腳本33 第2703行（檔案第2703行）｜函式 settingsView,1,1,
T1243,回復上次還原前資料,按鈕,家長,AE,取消上次還原,「回復」「還原」兩詞混用，意思不明,家長頁,1,index.html 腳本33 第2703行（檔案第2703行）｜函式 settingsView,1,1,
T1248,金幣四圍走，見到就快手撳！,說明,兩者,E,金幣到處跑，見到就快點按！,口語字「四圍」「快手」「撳」,首頁,1,index.html 腳本33 第2714行（檔案第2714行）｜欄位 desc,1,1,
T1252,睇清目標，爆中正確泡泡。,說明,兩者,E,看清目標，爆開正確的泡泡。,口語字「睇」「爆中」,首頁,1,index.html 腳本33 第2716行（檔案第2716行）｜欄位 desc,1,1,
T1256,記住顏色次序，再跟住撳。,說明,兩者,E,記住顏色次序，再照着按。,口語字「跟住」「撳」,首頁,1,index.html 腳本33 第2718行（檔案第2718行）｜欄位 desc,1,1,
T1257,登入後先可以玩,標題,孩子,E,登入後才可以玩,「先可以」是口語用法,課堂中,1,index.html 腳本33 第2721行（檔案第2721行）｜函式 gameView,1,1,
T1258,做題唔一定要登入；但金幣、遊戲同答題紀錄只會喺登入後保存。,說明,孩子,AE,做題不一定要登入。金幣、遊戲和答題紀錄，登入後才會儲存。,口語字「唔」「同」「喺」，且「保存」與「儲存」混用,課堂中,1,index.html 腳本33 第2721行（檔案第2721行）｜函式 gameView,1,1,
T1263,金幣不足,按鈕,孩子,D,金幣不夠，先去練習,只說「不足」，沒說可以怎樣做,課堂中,1,index.html 腳本33 第2721行（檔案第2721行）｜函式 gameView,2,1,
T1265,金幣未夠，先做一小段練習。,狀態,孩子,E,金幣不夠，先做一小段練習。,「未夠」是口語用法,課堂中,1,index.html 腳本33 第2722行（檔案第2722行）｜函式 startMiniGame,1,1,
T1268,已用 ${g.cost} 粒金幣,說明,孩子,E,已用 ${g.cost} 個金幣,量詞「粒」與其他處的「個」不一致,課堂中,1,index.html 腳本33 第2724行（檔案第2724行）｜函式 gamePlayView,1,1,
T1269,撳中 12 粒金幣,標題,孩子,E,按中 12 枚金幣,口語字「撳」，量詞統一為「枚」,課堂中,1,index.html 腳本33 第2726行（檔案第2726行）｜函式 gameMarkup,1,1,
T1272,連續答啱 8 次就完成。,說明,孩子,E,連續答對 8 次就完成。,口語字「啱」,課堂中,1,index.html 腳本33 第2728行（檔案第2728行）｜函式 gameMarkup,1,1,
T1277,留心睇燈號,標題,孩子,E,留心看燈號,口語字「睇」,課堂中,1,index.html 腳本33 第2730行（檔案第2730行）｜函式 gameMarkup,1,1,
T1278,跟住次序撳返。,說明,孩子,E,照着次序按一次。,口語字「跟住」「撳返」,課堂中,1,index.html 腳本33 第2730行（檔案第2730行）｜函式 gameMarkup,1,1,
T1284,好快手！,狀態,孩子,E,反應好快！,口語詞「好快手」與書面語混用,課堂中,1,index.html 腳本33 第2744行（檔案第2744行）｜函式 tapTarget,1,1,
T1287,再睇清楚個目標。,狀態,孩子,E,再看清楚目標。,口語字「睇」「個」,課堂中,1,index.html 腳本33 第2749行（檔案第2749行）｜函式 bubblePop,1,1,
T1295,答題紀錄、金幣同設定會保存喺呢個瀏覽器。,說明,兩者,AE,答題紀錄、金幣和設定，會儲存在這個瀏覽器。,口語字「同」「喺呢個」，且「保存」與「儲存」混用,首次使用,1,index.html 腳本33 第2761行（檔案第2761行）｜函式 loginView,1,1,
T1297,登入先儲金幣,標題,兩者,E,登入後才儲到金幣,「先」用作「才」是口語用法,首次使用,1,index.html 腳本33 第2761行（檔案第2761行）｜函式 loginView,1,1,
T1299,先參觀不會儲存答題紀錄、金幣或遊戲進度。此處是本機試用帳戶，並非雲端登入；請勿使用其他網站的密碼。,說明,家長,B,只是參觀的話，不會儲存答題紀錄、金幣或遊戲進度。這是存在本機的試用帳戶，不是雲端登入。請不要用其他網站的密碼。,「並非」「請勿」是說明書腔,首次使用,1,index.html 腳本33 第2761行（檔案第2761行）｜函式 loginView,1,1,
T1306,小朋友名稱,標籤,兩者,E,孩子名稱,「小朋友」與「孩子」混用,首次使用,1,index.html 腳本33 第2761行（檔案第2761行）｜函式 loginView,1,1,
T1308,小朋友年級,標籤,兩者,E,孩子年級,「小朋友」與「孩子」混用,首次使用,1,index.html 腳本33 第2761行（檔案第2761行）｜函式 loginView,1,1,
T1320,Admin 是預設測試帳號，請用登入；或另選家庭帳戶名稱。,狀態,兩者,CE,Admin 是測試帳戶，請用「登入」。或另選一個家庭帳戶名稱。,「帳號」與「帳戶」混用,首次使用,1,index.html 腳本33 第2762行（檔案第2762行）｜函式 registerAccount,1,1,
T1326,帳戶名稱或 PIN 不正確。,狀態,兩者,D,帳戶名稱或 PIN 不對，請再試一次。,沒說下一步,首次使用,3,index.html 腳本33 第2763行（檔案第2763行）｜函式 loginAccount ‖ index.html 腳本33 第3703行（檔案第3703行）｜函式 loginTestAdmin ‖ index.html 腳本33 第3707行（檔案第3707行）｜函式 loginTestAdmin,3,3,
T1330,未能登出，請關閉此分頁。,狀態,兩者,A,登出不了，請關閉這個頁面。,「分頁」對孩子是生字,首次使用,1,index.html 腳本33 第2764行（檔案第2764行）｜函式 logout,1,1,
T1344,備份超過 10 MB，沒有更改原資料。,狀態,家長,D,備份檔超過 10 MB，資料沒有改動。請換較小的檔案。,沒說下一步,家長頁,1,index.html 腳本33 第2773行（檔案第2773行）｜函式 restoreData,1,1,
T1345,備份內容不完整或格式不正確，原資料沒有更改。,狀態,家長,D,備份檔不完整或格式不對，資料沒有改動。請換另一個備份檔。,沒說下一步,家長頁,1,index.html 腳本33 第2773行（檔案第2773行）｜函式 restoreData,1,1,
T1346,還原會取代目前帳戶的教材及紀錄。繼續前，會保留一份本機回復備份。,確認框,家長,A,還原會取代目前帳戶的教材和紀錄。繼續前，會先在這部裝置保留一份備份，之後可以取消這次還原。,「回復備份」難明,家長頁,1,index.html 腳本33 第2774行（檔案第2774行）｜函式 restoreData,1,1,
T1351,目前英式聲線：${v.name} (${v.lang}),標籤,兩者,E,目前英式聲音：${v.name} (${v.lang}),「聲線」「聲音」混用，統一為「聲音」,首頁,1,index.html 腳本33 第2779行（檔案第2779行）｜函式 legacyCurrentBritishVoiceName,1,1,
T1352,目前裝置未提供 en-GB 英式聲線。,說明,兩者,A,這部裝置沒有英式聲音。,「en-GB」是技術代號,首頁,1,index.html 腳本33 第2779行（檔案第2779行）｜函式 legacyCurrentBritishVoiceName,1,1,
T1358,首次學習日期錯誤,錯誤,家長,A,第一次學習的日期不正確,「錯誤」過於籠統,少見,1,index.html 腳本33 第2866行（檔案第2866行）｜函式 validateDb｜欄位 firstStudiedDay,1,1,
T1390,未能讀取原檔。,狀態,家長,D,讀不到原來的檔案，請重新選擇。,沒說下一步,少見,1,index.html 腳本33 第2933行（檔案第2933行）｜函式 exportRaw,1,1,
T1392,這個瀏覽器未能使用教材儲存。,錯誤,家長,D,這個瀏覽器不能儲存教材。請換用其他瀏覽器，或在設定中允許儲存。,沒說下一步,少見,1,index.html 腳本33 第2958行（檔案第2958行）｜函式 openMediaDb,1,1,
T1393,未能開啟教材儲存。,錯誤,家長,D,打不開教材儲存空間。請重新整理頁面再試。,沒說下一步,少見,1,index.html 腳本33 第2960行（檔案第2960行）｜函式 r.onerror,1,1,
T1396,家長授權失效或目前唯讀,錯誤,家長,A,家長確認已過期，或目前只能查看。請重新輸入家長密碼。,「授權」「唯讀」是生字,少見,2,index.html 腳本33 第2970行（檔案第2970行）｜函式 storeMedia ‖ index.html 腳本33 第2975行（檔案第2975行）｜函式 removeMedia,2,2,
T1399,授權已失效,錯誤,家長,A,家長確認已過期,「授權已失效」是術語,少見,1,index.html 腳本33 第2973行（檔案第2973行）｜函式 storeMedia,2,1,
T1400,教材寫入失敗。,錯誤,家長,AD,教材儲存失敗，請重試。,「寫入」是術語,少見,1,index.html 腳本33 第2973行（檔案第2973行）｜函式 tx.onabort,1,1,
T1401,身份或授權已改變,錯誤,家長,AD,帳戶或家長確認已改變，請重新操作。,「身份或授權」是術語，並加下一步,少見,3,index.html 腳本33 第2975行（檔案第2975行）｜函式 removeMedia ‖ index.html 腳本33 第4224行（檔案第4224行）｜函式 v25PreviewBackup ‖ index.html 腳本33 第5407行（檔案第5407行）｜函式 unchanged,3,3,
T1402,這個帳戶的離線素材已清除。,說明,家長,E,這個帳戶的離線圖片和音檔已清除。,「素材」統一為「圖片和音檔」,少見,1,index.html 腳本33 第2976行（檔案第2976行）｜函式 clearAccountMedia,1,1,
T1403,學習資料已重設，但離線素材未能清除。請檢查瀏覽器儲存設定。,狀態,家長,E,學習資料已重設，但離線圖片和音檔清除不了。請檢查瀏覽器的儲存設定。,「素材」統一為「圖片和音檔」,少見,1,index.html 腳本33 第2976行（檔案第2976行）｜函式 clearAccountMedia,1,1,
T1406,先準備，出街沒有網絡也可以練習。,說明,家長,E,先準備好，外出沒有網絡也可以練習。,口語詞「出街」與書面語混用,家長頁,1,index.html 腳本33 第2987行（檔案第2987行）｜函式 offlineView,1,1,
T1420,你正使用已下載的 HTML；請保留這個檔案。額外素材只存於目前瀏覽器，換裝置前請匯出教材包。,說明,家長,AE,你正在用已下載的網頁檔，請保留這個檔案。額外的圖片和音檔只存在目前的瀏覽器，換裝置前請匯出教材包。,「HTML」「素材」,家長頁,1,index.html 腳本33 第2988行（檔案第2988行）｜函式 summaryCard,1,1,
T1423,"訪客可試用，但新增教材、圖片及音檔不會永久保存。${link('登入儲存','login','soft')}",說明,家長,E,"訪客可以試用，但新增的教材、圖片和音檔不會長期儲存。${link('登入儲存','login','soft')}",「保存」「儲存」混用,家長頁,1,index.html 腳本33 第2988行（檔案第2988行）｜函式 summaryCard,1,1,
T1429,下載只傳送核對後的英文內容，不附上帳戶中的孩子姓名、答題紀錄或原相片。英文內容本身若有姓名等個人資料，請先刪去或改用自行補音檔。公共英式錄音來自 Wikimedia Commons；如網站管理員已接好 Microsoft 英式語音，亦可生成固定音檔。並非每個字都有公共錄音；read、lead 等多讀音字仍要按詞義核對。,說明,家長,AB,下載時只會傳送你核對過的英文內容，不會傳送孩子姓名、答題紀錄或原相片。如果英文內容本身有姓名等個人資料，請先刪去，或改為自己補音檔。公共英式錄音來自 Wikimedia Commons。如果網站已接上 Microsoft 英式語音，也可以生成固定音檔。不是每個字都有公共錄音。read、lead 這類有多個讀音的字，要按意思核對。,一段 190 字多個條件，拆成短句並改說明書腔,家長頁,1,index.html 腳本33 第2988行（檔案第2988行）｜函式 summaryCard,1,1,
T1437,素材來源,連結,家長,E,圖片與音檔來源,「素材」統一為「圖片和音檔」,家長頁,2,index.html 腳本33 第2988行（檔案第2988行）｜函式 summaryCard ‖ index.html 腳本33 第3057行（檔案第3057行）｜函式 creditsView,2,2,
T1438,額外素材以這個本機帳戶分開儲存。,說明,家長,E,額外圖片和音檔會以這個本機帳戶分開儲存。,「素材」統一,家長頁,1,index.html 腳本33 第2988行（檔案第2988行）｜函式 summaryCard,1,1,
T1439,訪客素材只保留到離開或重新載入。,說明,家長,E,訪客的圖片和音檔，只保留到離開或重新載入。,「素材」統一,家長頁,1,index.html 腳本33 第2988行（檔案第2988行）｜函式 summaryCard,1,1,
T1459,相片只在這個裝置處理，會縮圖並移除檔案的原始中繼資料。,說明,家長,A,相片只在這部裝置上處理。會縮小圖片，並移除相片裏的拍攝資料（例如位置）。,「原始中繼資料」是術語,家長頁,1,index.html 腳本33 第2993行（檔案第2993行）｜函式 mediaDialog,1,1,
T1461,恢復預設配圖,按鈕,家長,E,改回預設配圖,「恢復」與「還原」混用,家長頁,1,index.html 腳本33 第2993行（檔案第2993行）｜函式 mediaDialog,1,1,
T1464,請使用有權使用的英式錄音。系統會檢查檔案可否播放，但不會自動證明口音或內容正確。,說明,家長,AB,請用你有權使用的英式錄音。程式只會檢查能不能播放，不會判斷口音或內容對不對。,「系統會檢查…但不會自動證明」是說明書腔,家長頁,1,index.html 腳本33 第2993行（檔案第2993行）｜函式 mediaDialog,1,1,
T1468,圖片讀取逾時。,錯誤,家長,D,讀取圖片太久了，請重試或換一張。,沒說下一步,少見,1,index.html 腳本33 第2994行（檔案第2994行）｜函式 validatedImage,1,1,
T1469,圖片太大或無法讀取。,錯誤,家長,D,圖片太大或讀不到，請換一張。,沒說下一步,少見,1,index.html 腳本33 第2994行（檔案第2994行）｜函式 validatedImage,1,1,
T1470,圖片未能縮小。,錯誤,家長,D,圖片縮小不了，請換一張。,沒說下一步,少見,1,index.html 腳本33 第2994行（檔案第2994行）｜函式 validatedImage,1,1,
T1472,這個瀏覽器未能處理音檔。,錯誤,家長,D,這個瀏覽器不能處理這個音檔，請換另一個檔案。,沒說下一步,少見,1,index.html 腳本33 第2995行（檔案第2995行）｜函式 decodeClip,1,1,
T1473,音檔讀取逾時。,錯誤,家長,D,讀取音檔太久了，請重試或換一個。,沒說下一步,少見,1,index.html 腳本33 第2995行（檔案第2995行）｜函式 decodeClip,1,1,
T1474,音檔須介乎 0.08 至 60 秒。,錯誤,家長,A,音檔要在 0.08 至 60 秒之間。,「須介乎」偏書面,少見,1,index.html 腳本33 第2995行（檔案第2995行）｜函式 decodeClip,1,1,
T1477,使用者提供,標籤,家長,E,自行提供,「使用者」與「孩子／家長」用詞不一致,家長頁,3,index.html 腳本33 第2997行（檔案第2997行）｜函式 handleImageUpload｜欄位 license ‖ index.html 腳本33 第2999行（檔案第2999行）｜函式 saveUploadedAudio｜欄位 credit ‖ index.html 腳本33 第2999行（檔案第2999行）｜函式 saveUploadedAudio｜欄位 license,3,3,
T1478,已加入試玩圖片；離開後不會保存。,狀態,家長,E,已加入試玩圖片；離開後不會儲存。,「保存」統一為「儲存」,家長頁,1,index.html 腳本33 第2997行（檔案第2997行）｜函式 handleImageUpload,1,1,
T1484,檔案過大。,錯誤,家長,D,檔案太大，不能下載。,沒說清楚,少見,2,index.html 腳本33 第3000行（檔案第3000行）｜函式 getLimited ‖ index.html 腳本33 第3000行（檔案第3000行）｜函式 getLimited,2,2,
T1487,網站管理員配置的 Microsoft Speech 服務,說明,家長,A,網站管理員設定的 Microsoft Speech 語音服務,「配置」是術語,首頁,2,index.html 腳本33 第3005行（檔案第3005行）｜函式 fetchNeural｜欄位 credit ‖ index.html 腳本33 第5486行（檔案第5486行）｜欄位 credit,2,2,
T1488,服務輸出；請依服務條款使用,說明,兩者,B,語音由服務提供，請按服務條款使用,「服務輸出」生硬,首頁,2,index.html 腳本33 第3005行（檔案第3005行）｜函式 fetchNeural｜欄位 license ‖ index.html 腳本33 第5486行（檔案第5486行）｜欄位 license,2,2,
T1490,目前沒有網絡。已存素材仍可用；新音檔可稍後再準備。,說明,家長,E,目前沒有網絡。已存的圖片和音檔仍可使用。新的音檔可稍後再準備。,「素材」統一,家長頁,1,index.html 腳本33 第3006行（檔案第3006行）｜函式 prepareMedia,1,1,
T1499,發現 ${bad} 個素材讀不到，已標示待補，請重新準備。,說明,家長,E,發現 ${bad} 個圖片或音檔讀不到，已標示待補，請重新準備。,「素材」統一,家長頁,1,index.html 腳本33 第3018行（檔案第3018行）｜函式 checkMedia,1,1,
T1500,已重新檢查本機素材。未下載的項目仍會列出。,說明,家長,E,已重新檢查這部裝置上的圖片和音檔。未下載的項目仍會列出。,「素材」「本機」統一,家長頁,1,index.html 腳本33 第3018行（檔案第3018行）｜函式 checkMedia,1,1,
T1503,備用英式聲線：${v.name}（${v.localService===true?'裝置本機':'需要連線或未確認離線'}）。已存音檔會優先使用。,說明,家長,E,備用英式聲音：${v.name}（${v.localService===true?'裝置本機':'需要連線或未確認離線'}）。已存音檔會優先使用。,「聲線」統一為「聲音」,首頁,1,index.html 腳本33 第3023行（檔案第3023行）｜函式 currentBritishVoiceName,1,1,局部替換：「備用英式聲線：」→「備用英式聲音：」
T1506,裝置沒有可用的英式聲線；請先準備音檔。,說明,家長,E,這部裝置沒有英式聲音。請先準備音檔。,「聲線」統一為「聲音」，句子拆短,首頁,1,index.html 腳本33 第3023行（檔案第3023行）｜函式 currentBritishVoiceName,1,1,
T1511,素材過大。,錯誤,家長,DE,圖片或音檔太大。,「素材」統一，並說清楚,少見,2,index.html 腳本33 第3033行（檔案第3033行）｜函式 dataURLBlob ‖ index.html 腳本33 第3033行（檔案第3033行）｜函式 dataURLBlob,2,2,
T1512,素材格式不正確。,錯誤,家長,DE,圖片或音檔的格式不對。,「素材」統一，並說清楚,少見,1,index.html 腳本33 第3033行（檔案第3033行）｜函式 dataURLBlob,1,1,
T1513,這個瀏覽器未能檢查檔案。請用 HTTPS 或本機 localhost 版本。,錯誤,家長,A,這個瀏覽器不能檢查檔案。請用 https 網址，或本機版本開啟。,「HTTPS」「localhost」是術語,少見,1,index.html 腳本33 第3035行（檔案第3035行）｜函式 hashBlob,1,1,
T1519,教材內容格式不正確。,錯誤,家長,D,教材包的內容格式不對，請換另一個教材包。,沒說下一步,家長頁,1,index.html 腳本33 第3038行（檔案第3038行）｜函式 validateMediaPack,1,1,
T1522,不支援的素材。,錯誤,家長,DE,不支援這種圖片或音檔。,「素材」統一，並說清楚,家長頁,1,index.html 腳本33 第3039行（檔案第3039行）｜函式 validateMediaPack,1,1,
T1523,重複素材。,錯誤,家長,E,圖片或音檔重複了。,「素材」統一,家長頁,1,index.html 腳本33 第3039行（檔案第3039行）｜函式 validateMediaPack,1,1,
T1524,素材與教材不符。,錯誤,家長,E,圖片或音檔和教材對不上。,「素材」統一,家長頁,1,index.html 腳本33 第3039行（檔案第3039行）｜函式 validateMediaPack,1,1,
T1525,素材總容量過大。,錯誤,家長,DE,圖片和音檔加起來太大。,「總容量」是術語,家長頁,1,index.html 腳本33 第3039行（檔案第3039行）｜函式 validateMediaPack,1,1,
T1526,素材不完整或已被更改。,錯誤,家長,BDE,圖片或音檔不完整，或被改動過。,被字句，並統一「素材」,家長頁,1,index.html 腳本33 第3039行（檔案第3039行）｜函式 validateMediaPack,1,1,
T1527,教材包默書日期無效,錯誤,家長,A,教材包的默書日期不正確,「無效」改日常說法,家長頁,1,index.html 腳本33 第3040行（檔案第3040行）｜函式 validateMediaPack｜欄位 dictationDate,1,1,
T1532,教材包未能加入，原有教材沒有被取代。,說明,家長,BD,教材包加入不了，原有教材沒有改動。請重試或換另一個教材包。,「被取代」被字句，並加下一步,家長頁,1,index.html 腳本33 第3042行（檔案第3042行）｜函式 importMediaFile,1,1,
T1533,已下載 HTML；相片 OCR 元件不包含在單檔內,說明,家長,A,已下載網頁檔。相片辨認程式不在這個檔案裏。,「HTML」「OCR 元件」是術語,少見,1,index.html 腳本33 第3046行（檔案第3046行）｜函式 checkShell,1,1,
T1534,PWA 離線開啟需要 HTTPS 或 localhost,說明,家長,A,要離線開啟網頁，請用 https 網址或本機版本。,「PWA」「HTTPS」「localhost」是術語,少見,2,index.html 腳本33 第3046行（檔案第3046行）｜函式 checkShell ‖ index.html 腳本33 第3052行（檔案第3052行）｜函式 prepareShell,2,2,
T1538,離線服務逾時,錯誤,家長,AD,離線功能啟動太久，請重試。,「離線服務逾時」是術語,少見,1,index.html 腳本33 第3047行（檔案第3047行）｜函式 wqP30WaitActive,1,1,
T1539,離線元件安裝失敗,錯誤,家長,AD,離線功能安裝失敗，請重試。,「元件」是術語,少見,1,index.html 腳本33 第3047行（檔案第3047行）｜函式 chk,1,1,
T1540,你正使用已下載的 HTML 檔案，請保留這個檔案；單檔不能註冊離線網頁。,說明,家長,A,你正在用已下載的網頁檔，請保留這個檔案。單一檔案不能設定離線網頁。,「HTML」「註冊」是術語,少見,1,index.html 腳本33 第3052行（檔案第3052行）｜函式 prepareShell,1,1,
T1541,請用 HTTPS 或 localhost 開啟，才能準備離線網頁。,說明,家長,A,請用 https 網址或本機版本開啟，才能準備離線網頁。,「HTTPS」「localhost」是術語,少見,1,index.html 腳本33 第3052行（檔案第3052行）｜函式 prepareShell,1,1,
T1544,快取內找不到網頁,錯誤,家長,AD,找不到已存的網頁，請重新準備。,「快取」是術語,少見,1,index.html 腳本33 第3053行（檔案第3053行）｜函式 prepareShell,1,1,
T1546,未能準備離線網頁,說明,家長,D,離線網頁準備不到，請連線後再試。,沒說下一步,少見,1,index.html 腳本33 第3054行（檔案第3054行）｜函式 prepareShell,2,1,
T1547,未能準備離線網頁（,說明,家長,D,離線網頁準備不到（,沒說下一步（與下一句拼合）,少見,1,index.html 腳本33 第3054行（檔案第3054行）｜函式 prepareShell,1,1,字串片段（與其他片段拼接成一句，須成對修改）
T1549,）。請用 HTTPS 或 localhost 開啟並保持連線，再按一次。,說明,家長,A,）。請用 https 網址或本機版本開啟，保持連線，再按一次。,「HTTPS」「localhost」是術語,少見,1,index.html 腳本33 第3054行（檔案第3054行）｜函式 prepareShell,1,1,字串片段（與其他片段拼接成一句，須成對修改）
T1550,瀏覽器已批准保留儲存空間。仍可被使用者清除。,說明,家長,BE,瀏覽器已同意保留儲存空間。你仍然可以自己清除。,被字句，且「使用者」不一致,少見,1,index.html 腳本33 第3056行（檔案第3056行）｜函式 storageInfo,1,1,
T1552,網站已用約 ${(e.usage/1048576).toFixed(1)} MB，可用配額約 ${(e.quota/1048576).toFixed(0)} MB。,說明,家長,A,網站已用約 ${(e.usage/1048576).toFixed(1)} MB，可用空間約 ${(e.quota/1048576).toFixed(0)} MB。,「配額」是術語,少見,1,index.html 腳本33 第3056行（檔案第3056行）｜函式 storageInfo,1,1,
T1555,內置 ${Object.keys(MEDIA_CATALOG).length} 個固定配圖項目；字形已轉成 PNG，不會下載外部字型。蘋果、書、鞋使用 OpenMoji 插圖；其餘是 Noto Emoji 圖示。這些圖示不代表已涵蓋所有英文詞義。,說明,家長,A,內置 ${Object.keys(MEDIA_CATALOG).length} 張固定配圖。圖案已轉成 PNG，不會下載外部字型。蘋果、書、鞋用 OpenMoji 插圖，其餘用 Noto Emoji 圖示。這些圖示不能涵蓋所有英文詞的意思。,「固定配圖項目」「字形」是術語,家長頁,1,index.html 腳本33 第3057行（檔案第3057行）｜函式 creditsView,1,1,
T1558,公共音檔逐項保留 Wikimedia 來源、作者及授權；只下載檔名明確標為 En-uk 的英文錄音。為兼容離線播放會轉成 24 kHz 單聲道 WAV；不拼接單字冒充自然句子。,說明,家長,BC,每個公共音檔都保留 Wikimedia 的來源、作者和授權資料。只會下載檔名標明 En-uk 的英式錄音。為了能離線播放，會轉成 24 kHz 單聲道 WAV。不會把單字拼起來冒充整句。,「兼容」是內地用語，說明書腔,家長頁,1,index.html 腳本33 第3057行（檔案第3057行）｜函式 creditsView,1,1,
T1566,已接入 ${sharedEntries.length.toLocaleString('en')} 項共用詞庫（教材草稿）。${multi?'有 '+multi+' 項可能有多個意思，請自行填寫今次要教的中文。':''}${missing?'有 '+missing+' 項未收錄，請補上意思。':''}原稿與你填寫的中文不會被替換。圖片仍須按意思核對；尚未內置全庫英式錄音。,說明,家長,AE,已接入 ${sharedEntries.length.toLocaleString('en')} 個共用詞（教材草稿）。${multi?'有 '+multi+' 項可能有多個意思，請自行填寫今次要教的中文。':''}${missing?'有 '+missing+' 項未收錄，請補上意思。':''}原稿和你填寫的中文不會被改動。圖片要按意思核對。英式錄音還未全部內置。,「詞庫」「被替換」「全庫」是說明書腔,首頁,1,index.html 腳本33 第3088行（檔案第3088行）,1,1,局部替換：「項共用詞庫（教材草稿）。」→「個共用詞（教材草稿）。」 ‖ 「原稿與你填寫的中文不會被替換。圖片仍須按意思核對；尚未內置全庫英式錄音。」→「原稿和你填寫的中文不會被改動。圖片要按意思核對。英式錄音還未全部內置。」
T1568, 項可能有多個意思，請自行填寫今次要教的中文。,說明,兩者,A, 個詞可能有多個意思，請自己填寫今次要教的中文。,原文句長 20 字,首頁,1,index.html 腳本33 第3088行（檔案第3088行）,1,1,字串片段（與其他片段拼接成一句，須成對修改）
T1569, 項未收錄，請補上意思。,說明,兩者,A, 個詞未收錄，請補上意思。,「項」改「個詞」，與上一句銜接,首頁,1,index.html 腳本33 第3088行（檔案第3088行）,1,1,字串片段（與其他片段拼接成一句，須成對修改）
T1570,未做無提示串字,說明,孩子,E,未試過自己串字,「無提示串字」與「自己串對」「獨立串對」混用,課堂中,1,index.html 腳本33 第3171行（檔案第3171行）｜函式 fgStatus,1,1,
T1572,最近無提示串對,說明,孩子,E,最近自己串對,「無提示串對」統一為「自己串對」,課堂中,1,index.html 腳本33 第3171行（檔案第3171行）｜函式 fgStatus,1,1,
T1577,備用：裝置英式聲線,標籤,孩子,E,備用：裝置英式聲音,「聲線」統一為「聲音」,課堂中,1,index.html 腳本33 第3184行（檔案第3184行）｜函式 fgAudioUI,1,1,
T1592,這是拼法及讀音比較，不是字源分析。chair 不表示空氣；repair 不會教成 re + pair 的字義組合。rep | air 亦不當作音節。,說明,孩子,A,這裏比較的是拼法和讀音，不是字的來源。chair 不是「空氣」的意思。repair 也不是「再＋一對」。rep | air 也不是音節的分法。,「字源分析」「字義組合」是術語,首頁,1,index.html 腳本33 第3267行（檔案第3267行）｜函式 fgOverview,1,1,
T1593,fair 分開「公平的」和「展覽會」兩個意思。孩子每次只選一個字，不會把全組加入學校默書。首批包含 7 個英文、8 個義項。,說明,孩子,AE,fair 有「公平的」和「展覽會」兩個意思，會分開學。孩子每次只選一個字，不會把整組加入學校默書。首批有 7 個英文字、8 個意思。,句長 19 字，「義項」是術語,首頁,1,index.html 腳本33 第3267行（檔案第3267行）｜函式 fgOverview,1,1,
T1594,同一輪剛看過提示後答對，只表示本輪能串出；未代表隔日仍然記得。新模組的紀錄與原有正式默書成績分開。,說明,孩子,A,同一輪看過提示後答對，只表示這一輪能串出，不代表隔天還記得。新練習的紀錄，和正式默書成績分開。,原文句長 19 字,首頁,1,index.html 腳本33 第3267行（檔案第3267行）｜函式 fgOverview,1,1,
T1606,已用提示，這題不計無提示串字。,說明,孩子,E,用了提示，這題不計入「自己串對」。,「無提示串字」統一為「自己串對」,課堂中,1,index.html 腳本33 第3286行（檔案第3286行）｜函式 fgLessonView,1,1,
T1614,本輪無提示串對 ${correct} / ${independent.length} 次。,說明,孩子,E,這一輪自己串對 ${correct} / ${independent.length} 次。,「無提示串對」統一為「自己串對」,結算,1,index.html 腳本33 第3326行（檔案第3326行）｜函式 fgFinish,1,1,
T1615,訪客不會保存紀錄或金幣。,說明,孩子,E,訪客不會儲存紀錄或金幣。,「保存」統一為「儲存」,結算,1,index.html 腳本33 第3326行（檔案第3326行）｜函式 fgFinish,1,1,
T1621,分開記錄接字塊、補字及無提示串字；不覆蓋正式默書成績。訪客不保存紀錄。,說明,家長,E,接字塊、補字和自己串字會分開記錄，不會影響正式的默書成績。訪客不會儲存紀錄。,「無提示串字」「保存」統一,家長頁,1,index.html 腳本33 第3330行（檔案第3330行）｜函式 fgReport,1,1,
T1627,未有已保存的家族練習紀錄。,說明,家長,E,未有已儲存的家族練習紀錄。,「保存」統一為「儲存」,家長頁,1,index.html 腳本33 第3330行（檔案第3330行）｜函式 fgReport,1,1,
T1628,上述讀音按鈕播放整個字，不代表已驗證聽力。家族練習的串字題仍提供中文意思。,說明,家長,A,上面的讀音按鈕會播放整個字。這不是聽力測驗。串字題仍會顯示中文意思。,「已驗證聽力」是術語，拆成短句,家長頁,1,index.html 腳本33 第3330行（檔案第3330行）｜函式 fgReport,1,1,
T1633,已離線；優先使用已存音檔或本機英式聲線。,說明,家長,A,沒有網絡。會用已存的音檔，或裝置的英式聲音。,「優先」「聲線」偏書面或口語，統一說法,首頁,1,index.html 腳本33 第3386行（檔案第3386行）,1,1,
T1634,拼字課程備份格式不正確,錯誤,家長,AD,這個拼字課程備份檔有問題，請換另一份備份。,原文沒說下一步,少見,1,index.html 腳本33 第3391行（檔案第3391行）｜函式 fail,1,1,
T1636,先開始另一項？已完成的紀錄會保留，未完成的小測會重新開始。,確認框,孩子,A,要改做另一項嗎？做好的紀錄會保留。沒做完的小測要重做。,一句包含兩個條件，拆短,課堂中,1,index.html 腳本33 第3434行（檔案第3434行）｜函式 pcSessionStart,1,1,
T1640,已存音檔優先；否則使用裝置英式聲線。,標籤,孩子,A,會先播放已存的音檔。沒有的話，用裝置的英式聲音。,原文是說明書語氣，「優先」改為日常說法,課堂中,1,index.html 腳本33 第3446行（檔案第3446行）｜函式 pcAudioUI,1,1,
T1650,每課一個拼寫重點，按次序慢慢學。,說明,孩子,E,每課一個拼字重點，按次序慢慢學。,「拼寫」統一為「拼字」,首頁,1,index.html 腳本33 第3470行（檔案第3470行）｜函式 pcOverview,1,1,
T1656,舊版課程獎勵紀錄 ${earned} 幣,說明,孩子,E,舊版課程已得 ${earned} 枚金幣,「幣」統一為「金幣」,首頁,1,index.html 腳本33 第3470行（檔案第3470行）｜函式 pcOverview,1,1,
T1657,訪客可以學，不保存紀錄或金幣,說明,孩子,E,訪客可以學，但不會儲存紀錄和金幣,「保存」統一為「儲存」,首頁,1,index.html 腳本33 第3470行（檔案第3470行）｜函式 pcOverview,1,1,
T1672,小測先收起拼法提示。完成小測與其他學習共用每日最多五幣；同一課當日不重複派幣。,說明,孩子,AE,小測沒有拼法提示。每日金幣最多五枚，小測和其他學習一起計。同一課一天只得一次金幣。,「共用」「派幣」是行政用語，句子太長,首頁,1,index.html 腳本33 第3470行（檔案第3470行）｜函式 pcOverview,1,1,
T1690,未能儲存成績及金幣，請勿關閉。可再按「看看成績」重試。,說明,兩者,B,成績和金幣沒有儲存到。請不要關閉頁面。再按「看看成績」重試。,「請勿」「未能」書面腔,首頁,1,index.html 腳本33 第3498行（檔案第3498行）｜函式 pcFinish,1,1,
T1694,${r.pending} 題因播放問題跳過，不計錯；補做完整小測才領金幣。,說明,孩子,A,有 ${r.pending} 題播不出聲音，已跳過，不算錯。補做完整小測，才有金幣。,一句多個條件，「播放問題」太抽象,結算,1,index.html 腳本33 第3500行（檔案第3500行）｜函式 pcResult,1,1,
T1698,同課今日不重複派幣，或已達今日派幣上限,說明,孩子,AD,這一課今天已得過金幣，或今天的金幣已滿。,「派幣上限」是行政用語,結算,1,index.html 腳本33 第3500行（檔案第3500行）｜函式 pcResult,1,1,
T1699,登入後才可以保存紀錄及儲金幣。,說明,孩子,E,登入後，才可以儲存紀錄和金幣。,「保存」統一為「儲存」,結算,1,index.html 腳本33 第3500行（檔案第3500行）｜函式 pcResult,1,1,
T1701,與其他任務共用每日最多 5 幣；完成獎勵不按高低分派發。,說明,孩子,AE,只要完成就有金幣，不看分數。每日最多 5 枚，和其他學習一起計。,「共用」「分派發」是說明書腔,結算,1,index.html 腳本33 第3500行（檔案第3500行）｜函式 pcResult,1,1,
T1710,先聽整字，再跟讀。橙色只表示今課要留意的字母組合，不表示整個字的音節或詞根。,說明,家長,A,先聽整個字，再跟讀。橙色字母只是今課的重點，不代表音節或詞根。,句子太長，「表示」太書面,家長頁,1,index.html 腳本33 第3501行（檔案第3501行）｜函式 pcTeacherNote,1,1,
T1711,沒有錄音評分，也沒有用字母名稱拼接成音素示範。每個字的讀音仍取決於現有音檔／裝置聲線。,說明,家長,AB,不會錄音評分，也不會用字母名稱拼出音素。讀音來自已存的音檔，或裝置的聲音。,「取決於現有音檔／裝置聲線」是說明書腔,家長頁,1,index.html 腳本33 第3501行（檔案第3501行）｜函式 pcTeacherNote,1,1,
T1714,聽完、跟讀自報與小測分開記錄；不覆蓋正式默書能力。完整小測與其他學習任務共用每日金幣上限。,說明,家長,AE,聽完、跟讀自報和小測會分開記錄，不會改動正式默書的能力紀錄。每日金幣有上限，完整小測和其他學習一起計。,「不覆蓋」「共用」是術語,家長頁,1,index.html 腳本33 第3502行（檔案第3502行）｜函式 pcReport,1,1,
T1724,${r.score}/${5-r.pending}${r.pending?' · 待補聽':' '} · +${r.award} 幣,說明,家長,E,${r.score}/${5-r.pending}${r.pending?' · 待補聽':' '} · +${r.award} 金幣,貨幣名稱統一為「金幣」,家長頁,1,index.html 腳本33 第3502行（檔案第3502行）｜函式 pcReport,1,1,局部替換：「 · +${r.award} 幣」→「 · +${r.award} 金幣」
T1726,訪客紀錄只留在本次頁面；登入紀錄仍存於本機帳戶，不是雲端同步。,說明,家長,A,訪客紀錄只留在這次打開的頁面。登入後的紀錄存在這部裝置，不會上載到雲端。,「雲端同步」「本機帳戶」是術語,家長頁,1,index.html 腳本33 第3502行（檔案第3502行）｜函式 pcReport,1,1,
T1733,已離線；使用已存音檔或本機英式聲線。,說明,家長,A,沒有網絡。會用已存的音檔，或裝置的英式聲音。,與同類提示統一說法,首頁,1,index.html 腳本33 第3529行（檔案第3529行）,1,1,
T1737,ARCADE · 做完練習，休息一會,標題,孩子,E,遊戲街機 · 做完練習，休息一會,同一區域有多個名稱，統一為「遊戲街機」,首頁,1,index.html 腳本33 第3545行（檔案第3545行）｜函式 arLobby,1,1,
T1738,有操作、有策略。金幣換遊戲時間，不是一次機會。,說明,孩子,AE,要動手，也要動腦。用金幣換遊戲時間，時間內可以重玩。,「不是一次機會」令人誤會，改說清楚玩法,首頁,1,index.html 腳本33 第3545行（檔案第3545行）｜函式 arLobby,1,1,
T1740,"未登入可以照常學習。${link('登入後儲金幣','login','secondary')} 遊戲須使用登入帳戶的金幣。",說明,孩子,AD,"未登入可以照常學習。${link('登入後儲金幣','login','secondary')} 玩遊戲要用登入帳戶的金幣。",「須使用」太書面,首頁,1,index.html 腳本33 第3545行（檔案第3545行）｜函式 arLobby,1,1,局部替換：「遊戲須使用登入帳戶的金幣。」→「玩遊戲要用登入帳戶的金幣。」
T1741,登入後儲金幣,連結,兩者,E,登入後儲存金幣,「儲金幣」說得太簡，統一為「儲存」,首頁,2,index.html 腳本33 第3545行（檔案第3545行）｜函式 arLobby ‖ index.html 腳本33 第4316行（檔案第4316行）,2,2,
T1744,Admin 測試票，免扣幣,標籤,孩子,E,測試票，不扣金幣,「Admin」混用英文，統一為「測試」,首頁,1,index.html 腳本33 第3545行（檔案第3545行）｜函式 arLobby,1,1,
T1745,已付款，不會再扣幣,說明,孩子,AE,已用金幣換好，不會再扣金幣。,「已付款」容易令人以為付了真錢,首頁,1,index.html 腳本33 第3545行（檔案第3545行）｜函式 arLobby,1,1,
T1752,每張票 ${db.settings.gameMinutes} 分鐘 · 重試不再收星,說明,孩子,E,每張票 ${db.settings.gameMinutes} 分鐘 · 重玩不再扣金幣,「收星」是舊貨幣名稱，統一為「金幣」,首頁,1,index.html 腳本33 第3545行（檔案第3545行）｜函式 arLobby,1,1,
T1756,原創圖形及玩法，無廣告、無付費道具、無公開排行榜。遊戲得分不會增加金幣。,說明,孩子,A,圖形和玩法都是原創，沒有廣告，也沒有付費道具和排行榜。得分不會換金幣。,孩子句長 21 字，一句多個意思,首頁,1,index.html 腳本33 第3545行（檔案第3545行）｜函式 arLobby,1,1,
T1758,"${['入門','標準','挑戰'][arcPrefs().level]} · ${adminUnlocks()?'Admin 測試免扣幣':`用 ${g.cost} 枚金幣`}，玩 ${db.settings.gameMinutes} 分鐘。時間內可重試；暫停及看結果不會用掉時間。",說明,孩子,A,"${['入門','標準','挑戰'][arcPrefs().level]} · ${adminUnlocks()?'Admin 測試免扣幣':`用 ${g.cost} 枚金幣`}，玩 ${db.settings.gameMinutes} 分鐘。時間內可以重玩。暫停和看結果，都不會用掉時間。",一句帶兩個條件，拆短,課堂中,1,index.html 腳本33 第3547行（檔案第3547行）｜函式 arIntro,1,1,局部替換：「。時間內可重試；暫停及看結果不會用掉時間。」→「。時間內可以重玩。暫停和看結果，都不會用掉時間。」
T1759,Admin 測試免扣幣,標籤,孩子,E,測試，不扣金幣,「Admin」混用英文,課堂中,1,index.html 腳本33 第3547行（檔案第3547行）｜函式 arIntro,1,1,
T1765,金幣未夠，先做練習,按鈕,孩子,E,金幣不夠，先做練習,「未夠」統一為「不夠」,課堂中,1,index.html 腳本33 第3547行（檔案第3547行）｜函式 arIntro,1,1,
T1766,目前帳戶和金幣只存在此瀏覽器，不是雲端帳戶。,說明,孩子,A,帳戶和金幣只存在這個瀏覽器，不會上載到雲端。,孩子句長 21 字，「雲端帳戶」難明,課堂中,1,index.html 腳本33 第3547行（檔案第3547行）｜函式 arIntro,1,1,
T1767,這個瀏覽器未能鎖定遊戲票。請用支援 Web Locks 的更新版瀏覽器。,狀態,兩者,AD,這個瀏覽器不能鎖住遊戲票。請更新瀏覽器，或換另一個瀏覽器。,「Web Locks」是術語，又沒說清楚做什麼,首頁,1,index.html 腳本33 第3549行（檔案第3549行）｜函式 arAcquire,1,1,
T1770,未能儲存遊戲票，沒有扣幣。請先解決儲存問題。,狀態,孩子,D,遊戲票未能儲存，沒有扣金幣。請家長檢查瀏覽器的儲存設定。,「解決儲存問題」太含糊,課堂中,1,index.html 腳本33 第3552行（檔案第3552行）｜函式 arBuy,1,1,
T1771,未能開啟遊戲，請檢查儲存狀態。,狀態,孩子,D,遊戲打不開。請家長檢查瀏覽器的儲存設定。,沒說下一步,課堂中,1,index.html 腳本33 第3552行（檔案第3552行）｜函式 arBuy,1,1,
T1772,另一個分頁正在使用此帳戶的遊戲票。,狀態,孩子,A,另一個分頁正在用這個帳戶的遊戲票。,「此」偏書面,課堂中,1,index.html 腳本33 第3553行（檔案第3553行）｜函式 arResume,1,1,
T1774,遊戲票未能讀取；原資料未被取代。,狀態,孩子,ABD,讀不到遊戲票，原有資料沒有改動。請再試一次。,「被取代」是被動書面語，也沒說下一步,課堂中,1,index.html 腳本33 第3553行（檔案第3553行）｜函式 arResume,1,1,
T1778,返回挑戰區,連結,孩子,E,返回遊戲街機,同一區域有多個名稱，統一為「遊戲街機」；按鈕用「返回」,課堂中,2,index.html 腳本33 第3554行（檔案第3554行）｜函式 arcadePlayView ‖ index.html 腳本33 第3563行（檔案第3563行）｜函式 arOverlay,3,2,
T1804,再挑戰 · 不扣幣,按鈕,孩子,E,再挑戰 · 不扣金幣,「幣」統一為「金幣」,課堂中,1,index.html 腳本33 第3563行（檔案第3563行）｜函式 arOverlay,1,1,
T1810,為免覆蓋新紀錄，已暫停。請只用一個分頁；從挑戰區重新讀取遊戲票。,說明,孩子,AE,遊戲已暫停，以免蓋掉新的紀錄。請只開一個分頁，再從遊戲街機重新讀取遊戲票。,「為免」「從挑戰區」句長，區域名稱統一,課堂中,1,index.html 腳本33 第3563行（檔案第3563行）｜函式 arOverlay,1,1,
T1812,遊戲暫時未能顯示,說明,孩子,D,遊戲暫時顯示不到，請稍後再試。,沒說下一步,課堂中,1,index.html 腳本33 第3563行（檔案第3563行）｜函式 arOverlay,1,1,
T1813,已停止計時。可以返回挑戰區重試，現有遊戲票仍保留。,說明,孩子,AE,已停止計時。遊戲票仍保留。回到遊戲街機，可以再試一次。,孩子句長 17 字，區域名稱統一,課堂中,1,index.html 腳本33 第3563行（檔案第3563行）｜函式 arOverlay,1,1,
T1817,畫面暫時停頓，已暫停；停頓時間不扣除。,狀態,孩子,A,畫面停了一會，遊戲已暫停。停住的時間不會用掉。,「停頓時間不扣除」是說明書語,課堂中,1,index.html 腳本33 第3568行（檔案第3568行）｜函式 arStepFrame,1,1,
T1818,今日遊戲上限已到；未用時間保留。,狀態,孩子,A,今天的遊戲上限到了。沒用完的時間會保留。,「今日」偏書面,課堂中,1,index.html 腳本33 第3568行（檔案第3568行）｜函式 arStepFrame,1,1,
T1820,結束這張遊戲票？未用時間不退星；保留的遊戲紀錄不受影響。,確認框,孩子,AE,要結束這張遊戲票嗎？沒用完的時間不會退回金幣。遊戲紀錄會保留。,「不退星」是舊貨幣名稱,課堂中,1,index.html 腳本33 第3570行（檔案第3570行）｜函式 arDiscard,1,1,
T1822,挑戰區 · 遊戲票紀錄,說明,兩者,E,遊戲街機 · 遊戲票紀錄,同一區域有多個名稱，統一為「遊戲街機」,首頁,1,index.html 腳本33 第3572行（檔案第3572行）,1,1,
T1823,遊戲成績不計入英文能力。每張票只扣一次星，暫停不計時。,說明,兩者,E,遊戲成績不會算進英文能力。每張票只扣一次金幣，暫停時不計時。,「星」統一為「金幣」,首頁,1,index.html 腳本33 第3572行（檔案第3572行）,1,1,
T1826,測試免扣幣,標籤,兩者,E,測試，不扣金幣,「免扣幣」統一為「不扣金幣」,首頁,1,index.html 腳本33 第3572行（檔案第3572行）,2,1,
T1827,−${r.cost} 幣,標籤,兩者,E,−${r.cost} 金幣,貨幣名稱統一為「金幣」,首頁,2,index.html 腳本33 第3572行（檔案第3572行） ‖ index.html 腳本33 第3782行（檔案第3782行）｜函式 pgSettingsView,2,2,
T1830,關閉後孩子的挑戰區不會出現射擊遊戲。這是本機設定，不是防篡改家長鎖。,說明,家長,AE,關閉後，孩子的遊戲街機不會出現射擊遊戲。這只是這部裝置的設定，不能防止別人改動。,「防篡改家長鎖」是術語,首頁,1,index.html 腳本33 第3572行（檔案第3572行）,1,1,
T1832,這個瀏覽器不支援全螢幕，可直接在目前畫面遊玩。,狀態,兩者,AD,這個瀏覽器不能全螢幕。直接在這個畫面玩就可以。,孩子句長 21 字，「不支援」太生硬,首頁,1,index.html 腳本33 第3575行（檔案第3575行）,1,1,
T1834,另一個分頁已有較新的資料；已停止覆蓋。請先匯出目前備份，再重新開啟。,說明,家長,A,另一個分頁有較新的資料，這裏沒有蓋掉它。請先匯出備份，再重新打開頁面。,一句多個條件，「已停止覆蓋」難明,首頁,1,index.html 腳本33 第3586行（檔案第3586行）,1,1,
T1835,未能讀寫本機儲存，請保留目前分頁及備份。,說明,家長,AD,這部裝置儲存不到資料。請不要關閉這個分頁，並先匯出備份。,「讀寫本機儲存」是術語,首頁,1,index.html 腳本33 第3586行（檔案第3586行）,1,1,
T1836,你已修改選詞，這次辨認已停止；原有更正會保留。,說明,家長,A,你改了選字，這次辨認已停止。原有的修改會保留。,「選詞」「更正」偏書面,少見,1,index.html 腳本33 第3608行（檔案第3608行）｜函式 v20Touch,1,1,
T1871,先裁走姓名、校名等個人資料。只辨認打印英文；首次載入辨認引擎及英文資料需要網絡。相片在瀏覽器處理，不傳到辨認伺服器。辨認結果仍要對照原稿。,說明,家長,A,請先裁走姓名、校名等個人資料。只能辨認印刷的英文。第一次使用要連上網絡，下載辨認用的資料。相片只在這個瀏覽器處理，不會上傳。辨認結果要對照原稿檢查。,「辨認引擎」「伺服器」是術語，一句多個條件,首頁,1,index.html 腳本33 第3617行（檔案第3617行）,1,1,
T1872,原相及未儲存的草稿只保留在目前分頁；重新載入或關閉後會失去。加入教材只保存已選字詞和對應文字片段，不保存整張原相。,說明,兩者,AE,原相片和未儲存的草稿，只留在這個分頁。重新載入或關閉頁面，就會消失。加入教材時，只儲存已選的字詞和對應的文字片段，不會儲存整張相片。,孩子句長 25 字，「保存／儲存」混用,首頁,1,index.html 腳本33 第3617行（檔案第3617行）,1,1,
T1890,清單中的短字也會保留；相同拼法和詞組都由你核對。,說明,家長,A,清單裏的短字也會保留。拼法相同的字和詞組，由你核對。,一句包含兩個意思,家長頁,1,index.html 腳本33 第3624行（檔案第3624行）｜函式 v20RenderWords｜欄位 list,1,1,
T1925,可能是頁首、姓名或日期。沒有刪走，需要時可恢復。,說明,家長,E,可能是頁首、姓名或日期。沒有刪除，需要時可以加回。,「恢復／復原」混用，改用「加回」,家長頁,1,index.html 腳本33 第3631行（檔案第3631行）｜函式 v20RenderWords,1,1,
T1928,按目前原文重新整理？目前點選及修改會重建，可以按「復原」返回。,確認框,家長,AE,要按目前的原文重新整理嗎？現有的點選和修改會重設。可以按「復原」取回。,「重建」是術語，「還原／復原」統一,家長頁,1,index.html 腳本33 第3633行（檔案第3633行）｜函式 v20Parse,1,1,
T1931,換選取方式會重新分詞及全選教材；你的原文仍然保留，可以按「復原」返回。,確認框,家長,AE,換選取方式後，字詞會重新分開，並全部選取。原文不變。可以按「復原」取回。,「分詞」是術語,家長頁,1,index.html 腳本33 第3634行（檔案第3634行）｜函式 v20ChangeMode,1,1,
T1941,辨認引擎分數：${Math.round(c.confidenceRaw)}，只供排序核對，並不是正確率。即使沒有提示，也可能有認錯或漏字。,說明,家長,A,辨認分數：${Math.round(c.confidenceRaw)}。分數只用來排次序，方便核對，不是正確率。即使沒有提示，也可能認錯或漏字。,「辨認引擎分數」是術語,家長頁,1,index.html 腳本33 第3638行（檔案第3638行）｜函式 v20SourceBody,1,1,
T1951,請保留可用的英文、撇號或連字符；每項最多 240 字。,錯誤,家長,CD,請只輸入英文字母、撇號和連字號。每項最多 240 個字元。,「字符」「連字符」是內地用語,家長頁,1,index.html 腳本33 第3642行（檔案第3642行）｜函式 v20SaveEdit,1,1,
T1970,請最後對照原稿；沒有被辨認出的字，也可以返回補上。,說明,家長,B,最後請對照原稿。認不出的字，可以返回補上。,「被辨認出」是被動書面語,家長頁,1,index.html 腳本33 第3647行（檔案第3647行）｜函式 v20RenderSummary,1,1,
T1977,只加入上面的項目。不保存整張相片或未選內容；姓名及班別已預設不選。,說明,家長,E,只會加入上面的項目。不會儲存整張相片和沒選的內容。姓名和班別預設不選。,「保存／儲存」混用,家長頁,1,index.html 腳本33 第3647行（檔案第3647行）｜函式 v20RenderSummary,1,1,
T1982,未能儲存。選詞及草稿仍在；請先備份，再重試。沒有顯示成功。,錯誤,家長,AB,儲存失敗。選好的字詞和草稿還在。請先備份，再重試。,「沒有顯示成功」是翻譯腔,少見,1,index.html 腳本33 第3651行（檔案第3651行）,1,1,
T1985,未能完成加入。原有教材沒有被取代，草稿仍在。,錯誤,兩者,BD,加入失敗。原有教材沒有改動，草稿還在。請再試一次。,「被取代」是被動書面語，沒說下一步,少見,1,index.html 腳本33 第3652行（檔案第3652行）,1,1,
T1999,大幅透視變形或反光，請平放紙張再拍；這裏只作框選及旋轉，不會補回看不見的字。,說明,家長,A,相片歪得很厲害或有反光，請把紙平放再拍。這裏只能框選和旋轉，補不回看不見的字。,「大幅透視變形」是術語,家長頁,1,index.html 腳本33 第3660行（檔案第3660行）｜函式 v20Crop,1,1,
T2012,辨認元件未載入,錯誤,兩者,AD,辨認功能還沒載入，請稍後再試。,「元件」是術語，沒說下一步,少見,1,index.html 腳本33 第3665行（檔案第3665行）,1,1,
T2020,目前離線，辨認元件或英文資料未準備好。仍可貼文字及選字。,狀態,兩者,A,目前沒有網絡，辨認功能或英文資料還沒準備好。仍可貼上文字和選字。,「離線」「元件」是術語,首頁,1,index.html 腳本33 第3666行（檔案第3666行）,1,1,
T2027,範圍的右及下邊界要大於左及上邊界。,狀態,家長,A,框選範圍的右邊要在左邊的右方，下邊要在上邊的下方。,「邊界要大於」像數學式,家長頁,1,index.html 腳本33 第3682行（檔案第3682行）｜函式 v20Click,1,1,
T2031,標準版沒有公開管理員。,狀態,家長,A,標準版沒有管理員功能。,「公開管理員」不清楚,少見,1,index.html 腳本33 第3702行（檔案第3702行）｜函式 loginTestAdmin,1,1,
T2033,已登入 Admin 測試帳號。,狀態,家長,CE,已登入測試帳戶。,「帳號」統一為「帳戶」,少見,1,index.html 腳本33 第3714行（檔案第3714行）｜函式 loginTestAdmin,1,1,
T2034,未能登入測試帳號，請允許此網站使用瀏覽器儲存。,狀態,家長,CE,不能登入測試帳戶。請允許這個網站使用瀏覽器的儲存功能。,「帳號」統一為「帳戶」,少見,1,index.html 腳本33 第3717行（檔案第3717行）｜函式 loginTestAdmin,1,1,
T2036,請先使用管理員測試帳號登入。,說明,家長,CE,請先用管理員測試帳戶登入。,「帳號」統一為「帳戶」,少見,1,index.html 腳本33 第3722行（檔案第3722行）｜函式 adminView,1,1,
T2038,WORDQUEST V21 · 測試專用,標題,家長,E,WordQuest · 測試專用,版本號是開發用語，品牌寫法統一為「WordQuest」,少見,1,index.html 腳本33 第3723行（檔案第3723行）｜函式 adminView,1,1,
T2039,Admin 測試中心,標題,兩者,E,測試中心,「Admin」「管理員」混用，統一為「測試」,首頁,6,index.html 腳本33 第3723行（檔案第3723行）｜函式 adminView ‖ index.html 腳本33 第3736行（檔案第3736行） ‖ index.html 腳本33 第4620行（檔案第4620行）｜函式 wq29Portal ‖ index.html 腳本33 第4624行（檔案第4624行） ‖ index.html 腳本33 第4630行（檔案第4630行） ‖ index.html 腳本33 第4637行（檔案第4637行）,7,6,
T2040,返回學生首頁,連結,家長,E,返回孩子首頁,「學生」「孩子」混用，統一為「孩子」,少見,1,index.html 腳本33 第3723行（檔案第3723行）｜函式 adminView,1,1,
T2042,不是雲端管理員，不會看到朋友的帳戶或答題紀錄。請用暱稱及去掉個人資料的默書紙。,說明,家長,A,這不是雲端後台，看不到別人的帳戶和答題紀錄。請用暱稱，默書紙也要先去掉個人資料。,「雲端管理員」難明，句子太長,少見,1,index.html 腳本33 第3724行（檔案第3724行）｜函式 adminView,1,1,
T2046,課後小測須先學完；遊戲照常扣測試帳戶的金幣。切回全部開放不改成績。,說明,家長,AB,課後小測要先學完才可做。遊戲照常扣測試帳戶的金幣。切回「全部開放」，成績不變。,「須」書面，句子偏長,少見,1,index.html 腳本33 第3725行（檔案第3725行）｜函式 adminView,1,1,
T2059,到挑戰區看玩法,連結,家長,E,到遊戲街機看玩法,同一區域有多個名稱，統一為「遊戲街機」,少見,1,index.html 腳本33 第3727行（檔案第3727行）｜函式 adminView,1,1,
T2064,重設只清除 Admin 的教材文字、成績、金幣及遊戲票；不清除其他本機帳戶。自備圖片／音檔另在離線教材管理。,說明,家長,AE,重設只會清除測試帳戶的教材文字、成績、金幣和遊戲票，不會清除其他本機帳戶。自備的圖片和音檔，請在「離線教材」管理。,「Admin」統一為「測試」，句子拆短,少見,1,index.html 腳本33 第3729行（檔案第3729行）｜函式 adminView,1,1,
T2065,重設 Admin 測試資料,按鈕,兩者,E,重設測試資料,「Admin」統一為「測試」,首頁,2,index.html 腳本33 第3729行（檔案第3729行）｜函式 adminView ‖ index.html 腳本33 第4630行（檔案第4630行）,2,2,
T2068,WordQuest 學生首頁,標籤,兩者,E,WordQuest 孩子首頁,「學生」「孩子」混用,首頁,1,index.html 腳本33 第3736行（檔案第3736行）,1,1,
T2069,Admin 測試中：功能全開；遊戲免費。紀錄只屬本機測試，不是朋友的成績。,說明,兩者,E,測試模式：所有功能已開放，遊戲免費。紀錄只在這部裝置，不是朋友的成績。,「Admin」「測試中」混用,首頁,1,index.html 腳本33 第3739行（檔案第3739行）,1,1,
T2070,Admin 一般規則：按正常學習及扣幣流程測試。,說明,兩者,AE,測試模式（一般規則）：照正常學習和扣金幣的方式測試。,孩子句長 16 字，「Admin」統一為「測試」,首頁,1,index.html 腳本33 第3739行（檔案第3739行）,1,1,
T2071,WordQuest V28 街機版 · 帳戶、金幣及紀錄只存於這個瀏覽器，沒有雲端同步。勿輸入敏感個人資料。 ,說明,兩者,AE,WordQuest · 帳戶、金幣和紀錄只存在這個瀏覽器，不會上載到雲端。請不要輸入個人敏感資料。,版本號是開發用語，「勿」書面,首頁,1,index.html 腳本33 第3741行（檔案第3741行）,1,1,字串片段（與其他片段拼接成一句，須成對修改）
T2072,未能更改測試方式。,狀態,兩者,D,測試方式沒有改到。請再試一次。,沒說下一步,首頁,1,index.html 腳本33 第3750行（檔案第3750行）,1,1,
T2074,WORDQUEST · 學一小段，玩一會,標題,孩子,E,WordQuest · 學一小段，玩一會,品牌寫法統一為「WordQuest」,首頁,1,index.html 腳本33 第3776行（檔案第3776行）｜函式 pgLobby,1,1,
T2075,你的遊戲小天地,標題,孩子,E,你的遊戲街機,同一區域有多個名稱，統一為「遊戲街機」,首頁,1,index.html 腳本33 第3776行（檔案第3776行）｜函式 pgLobby,1,1,
T2076,用金幣換時間。重試、換遊戲，都不會再扣幣。,說明,孩子,E,用金幣換時間。重玩或換遊戲，都不會再扣金幣。,「幣」統一為「金幣」，「重試」改為「重玩」,首頁,1,index.html 腳本33 第3776行（檔案第3776行）｜函式 pgLobby,1,1,
T2081,Admin 免費測試，不改正常存檔,說明,孩子,E,測試模式：免費，不影響正常存檔,「Admin」統一為「測試」,首頁,1,index.html 腳本33 第3776行（檔案第3776行）｜函式 pgLobby,1,1,
T2082,5 星 / 90 秒 · 10 星 / 3 分鐘,標籤,孩子,E,5 金幣 / 90 秒 · 10 金幣 / 3 分鐘,「星」是舊貨幣名稱,首頁,1,index.html 腳本33 第3776行（檔案第3776行）｜函式 pgLobby,1,1,
T2083,"訪客可以先學習；登入本機帳戶後才保存金幣及遊戲進度。${link('登入／建立帳戶','login','primary')}",說明,孩子,AE,"訪客可以先學習。登入本機帳戶後，才會儲存金幣和遊戲進度。${link('登入／建立帳戶','login','primary')}",孩子句長 17 字，「保存」統一為「儲存」,首頁,1,index.html 腳本33 第3777行（檔案第3777行）｜函式 pgLobby,1,1,局部替換：「訪客可以先學習；登入本機帳戶後才保存金幣及遊戲進度。」→「訪客可以先學習。登入本機帳戶後，才會儲存金幣和遊戲進度。」
T2085,已付款時間，重開或轉遊戲都不用再買。,說明,孩子,AE,這是用金幣換好的時間。重開或換遊戲，都不用再付金幣。,「已付款」「再買」容易令人以為是真錢,首頁,1,index.html 腳本33 第3778行（檔案第3778行）｜函式 pgLobby,1,1,
T2086,繼續遊玩,按鈕,孩子,E,繼續遊戲,「遊玩」「遊戲」混用,首頁,1,index.html 腳本33 第3778行（檔案第3778行）｜函式 pgLobby,1,1,
T2087,取消未用時段 · 退 ,按鈕,孩子,DE,取消未用時段 · 退回 ,「退」不清楚退甚麼；貨幣統一為金幣（與 T2088 一併改）,首頁,1,index.html 腳本33 第3778行（檔案第3778行）｜函式 pgLobby,1,1,字串片段（與其他片段拼接成一句，須成對修改）
T2088, 星,按鈕,孩子,E, 枚金幣,舊貨幣「星」已改為金幣，量詞用「枚」,首頁,1,index.html 腳本33 第3778行（檔案第3778行）｜函式 pgLobby,11,1,字串片段（與其他片段拼接成一句，須成對修改）
T2089,"再有 ${Math.max(0,next-n)} 個學習項目通過複習，開放下一組遊戲",說明,孩子,A,"再通過 ${Math.max(0,next-n)} 個複習，下一組遊戲就開放。",孩子句長 18 字，拆短,首頁,1,index.html 腳本33 第3779行（檔案第3779行）｜函式 pgLobby,1,1,
T2091,獨立串對後，至少相隔 24 小時、不剛看答案，再串對才計入。花星不會減少字數。,說明,孩子,AE,自己串對後，隔至少 24 小時再串對，才會計入。看過答案後馬上答對，不計。用金幣不會減少字數。,孩子句長 22 字，「獨立」「花星」是舊詞,首頁,1,index.html 腳本33 第3779行（檔案第3779行）｜函式 pgLobby,1,1,
T2094,${p.cost} 幣 / ${p.seconds===90?'90 秒':'3 分鐘'},標籤,孩子,E,${p.cost} 金幣 / ${p.seconds===90?'90 秒':'3 分鐘'},貨幣名稱統一為「金幣」,首頁,1,index.html 腳本33 第3780行（檔案第3780行）｜函式 pgLobby,1,1,局部替換：「 幣 / 」→「 金幣 / 」
T2102,維持原本金幣價格及每次 ${db.settings.gameMinutes} 分鐘；每日上限與新遊戲共用。原有遊戲票可繼續。,說明,孩子,A,金幣價錢和每次 ${db.settings.gameMinutes} 分鐘都不變。每日遊戲上限，新舊遊戲一起計。原有的遊戲票可以繼續用。,「共用」是行政用語,首頁,1,index.html 腳本33 第3781行（檔案第3781行）｜函式 pgLobby,1,1,
T2104,"射擊遊戲已停用，舊紀錄保留。可免費將未用時間轉入新遊戲。${pgButton('轉移未用時間','transfer')}",說明,孩子,A,"射擊遊戲已停用，舊紀錄保留。沒用完的時間，可以免費轉到新遊戲。${pgButton('轉移未用時間','transfer')}",「將」「轉入」偏書面,首頁,1,index.html 腳本33 第3781行（檔案第3781行）｜函式 pgLobby,1,1,局部替換：「可免費將未用時間轉入新遊戲。」→「沒用完的時間，可以免費轉到新遊戲。」
T2106,"本機保存，沒有雲端同步。${link('家長遊戲設定','game-settings','quiet')} ${link('返回學習','kid','quiet')}",說明,兩者,E,"只存在這部裝置，不會上載到雲端。${link('家長遊戲設定','game-settings','quiet')} ${link('返回學習','kid','quiet')}",「保存」統一為「儲存」，「同步」是術語,首頁,1,index.html 腳本33 第3781行（檔案第3781行）｜函式 pgLobby,1,1,局部替換：「本機保存，沒有雲端同步。」→「只存在這部裝置，不會上載到雲端。」
T2110,這是本機家庭設定，並非安全家長鎖或雲端帳戶；不要視為防止孩子修改數據的保護。,說明,家長,AB,這只是這部裝置的家庭設定，不是安全鎖，也不是雲端帳戶。它不能防止孩子改動資料。,「並非」「視為」是說明書腔,家長頁,1,index.html 腳本33 第3782行（檔案第3782行）｜函式 pgSettingsView,1,1,
T2114,主站練習派星方式（此帳戶）,標籤,家長,E,主站練習的金幣獎勵方式（這個帳戶）,「派星」是舊貨幣名稱,家長頁,1,index.html 腳本33 第3782行（檔案第3782行）｜函式 pgSettingsView,1,1,
T2116,平衡版：無提示答對 1 星、完成訂正 +5,選項,家長,E,平衡版：不看提示答對得 1 金幣，完成訂正得 5 金幣,「星」是舊貨幣名稱，「+5」不夠清楚,家長頁,1,index.html 腳本33 第3782行（檔案第3782行）｜函式 pgSettingsView,1,1,
T2117,平衡版：主站練習每日最多 30 星；同字同題型每日只派一次。拼字家族及 12 堂拼音課維持原本獎勵，不在這 30 星之內。舊餘額不改動。新遊戲價格固定為 5 星／90 秒、10 星／3 分鐘。,說明,家長,AE,平衡版：主站練習每日最多 30 金幣。同一個字、同一種題型，一天只計一次。拼字家族和 12 堂拼音課照原有獎勵，不計入這 30 金幣。舊餘額不變。新遊戲價錢固定：5 金幣 = 90 秒，10 金幣 = 3 分鐘。,一段包含多個規則，舊貨幣名稱「星」,家長頁,1,index.html 腳本33 第3782行（檔案第3782行）｜函式 pgSettingsView,1,1,
T2120,提前開放只改遊戲權限，不增加「通過複習」字數。已通過的關卡仍會保存。,說明,家長,AE,提前開放只會開放遊戲，不會增加「通過複習」的字數。已通過的複習會保留。,「權限」「關卡」是術語,家長頁,1,index.html 腳本33 第3782行（檔案第3782行）｜函式 pgSettingsView,1,1,
T2126,可用 ${activeChild().stars} 幣 · 通過複習 ${n} 字 · 今日主站平衡獎勵 ${d.earned} 幣,說明,家長,E,可用 ${activeChild().stars} 金幣 · 通過複習 ${n} 字 · 今日主站平衡獎勵 ${d.earned} 金幣,「幣」統一為「金幣」,家長頁,1,index.html 腳本33 第3782行（檔案第3782行）｜函式 pgSettingsView,1,1,
T2128,未有新制複習紀錄。舊有成績沒有刪除，但不會當成已完成延後回想。,說明,家長,A,未有新的複習紀錄。舊成績沒有刪除，但不會算作已通過複習。,「新制」「延後回想」是術語,家長頁,1,index.html 腳本33 第3782行（檔案第3782行）｜函式 pgSettingsView,1,1,
T2133,遊戲棋盤、時間及解鎖會隨原有「設定／備份」匯出；圖片和英式音檔仍使用原有教材包。,說明,家長,A,遊戲進度、時間和解鎖，會跟着原有的「設定／備份」一起匯出。圖片和英式音檔，仍用原有的教材包。,「棋盤」是術語,家長頁,1,index.html 腳本33 第3782行（檔案第3782行）｜函式 pgSettingsView,1,1,
T2135,從遊戲大廳選擇遊戲，讀取已付款時間及存檔。,說明,孩子,AE,到遊戲街機選遊戲，就能讀取已換的時間和存檔。,孩子句長 19 字，「已付款」「遊戲大廳」,課堂中,1,index.html 腳本33 第3783行（檔案第3783行）｜函式 pgPlayView,1,1,
T2136,前往遊戲大廳,連結,孩子,E,前往遊戲街機,同一區域有多個名稱，統一為「遊戲街機」,課堂中,1,index.html 腳本33 第3783行（檔案第3783行）｜函式 pgPlayView,1,1,
T2137,ADMIN · 獨立測試,標籤,孩子,E,測試模式,「Admin」「獨立」是開發用語,課堂中,1,index.html 腳本33 第3783行（檔案第3783行）｜函式 pgPlayView,1,1,
T2138,遊戲小天地,標籤,孩子,E,遊戲街機,同一區域有多個名稱，統一為「遊戲街機」,課堂中,1,index.html 腳本33 第3783行（檔案第3783行）｜函式 pgPlayView,2,1,
T2141,保存並返回大廳,按鈕,孩子,E,儲存並返回遊戲街機,「保存」「大廳」統一,課堂中,1,index.html 腳本33 第3783行（檔案第3783行）｜函式 pgPlayView,1,1,
T2143,"挑戰程度：${['入門','標準','挑戰'][c.difficulty]} · 遊戲內分數不會產生學習金幣。",說明,孩子,A,"挑戰程度：${['入門','標準','挑戰'][c.difficulty]} · 遊戲分數不會換成金幣。",孩子句長 17 字，「產生」書面,課堂中,1,index.html 腳本33 第3785行（檔案第3785行）｜函式 pgIntro,1,1,
T2145, · 不扣幣,按鈕,孩子,E, · 不扣金幣,貨幣名稱統一為「金幣」,課堂中,1,index.html 腳本33 第3785行（檔案第3785行）｜函式 pgIntro,7,1,字串片段（與其他片段拼接成一句，須成對修改）
T2146,${q.cost} 幣 · ${q.ms/1000} 秒,按鈕,孩子,E,${q.cost} 金幣 · ${q.ms/1000} 秒,貨幣名稱統一為「金幣」,課堂中,1,index.html 腳本33 第3785行（檔案第3785行）｜函式 pgIntro,1,1,局部替換：「 幣 · 」→「 金幣 · 」
T2147,今日餘下 ${pgTime(left)}。按確認只扣一次，然後自行按開始；時間內可重試及轉遊戲。,說明,孩子,AD,今天還剩 ${pgTime(left)}。按「確認」只扣一次，然後自己按「開始」。時間內可以重玩，也可以換遊戲。,一句多個條件，拆短,課堂中,1,index.html 腳本33 第3785行（檔案第3785行）｜函式 pgIntro,1,1,
T2149,這款遊戲已被家長暫停。,說明,兩者,B,家長已暫停這款遊戲。,「被」字句,課堂中,1,index.html 腳本33 第3785行（檔案第3785行）｜函式 pgIntro,1,1,
T2150,累積 ${p.words} 個學習項目通過複習即可永久開放；現在有 ${PG.count(c)} 個。,說明,孩子,A,通過 ${p.words} 個學習項目的複習，這款遊戲就永久開放。現在有 ${PG.count(c)} 個。,孩子句長 17 字,課堂中,1,index.html 腳本33 第3785行（檔案第3785行）｜函式 pgIntro,1,1,
T2151,解鎖及存檔不會因為花星而失去。查看玩法不扣幣。,說明,孩子,E,用金幣不會失去解鎖和存檔。看玩法不扣金幣。,「花星」「幣」是舊詞,課堂中,1,index.html 腳本33 第3785行（檔案第3785行）｜函式 pgIntro,1,1,
T2152,作品檔須少於 50 KB。,狀態,家長,B,作品檔要少於 50 KB。,「須」書面,家長頁,1,index.html 腳本33 第3790行（檔案第3790行）｜函式 i.onchange,1,1,
T2154,作品檔格式不正確。,狀態,家長,AD,作品檔的格式不對，請換另一個檔案。,沒說下一步,家長頁,1,index.html 腳本33 第3790行（檔案第3790行）｜函式 i.onchange,1,1,
T2155,尚有遊戲進度未能儲存；請先處理儲存問題。,錯誤,孩子,D,有遊戲進度未能儲存。請家長檢查瀏覽器的儲存設定。,「處理儲存問題」太含糊,課堂中,1,index.html 腳本33 第3791行（檔案第3791行）｜函式 pgBuy,1,1,
T2157,孩子已切換，沒有扣幣。,錯誤,孩子,E,已換了孩子，沒有扣金幣。,「扣幣」統一為「扣金幣」,課堂中,1,index.html 腳本33 第3791行（檔案第3791行）｜函式 pgBuy,1,1,
T2159,今日遊玩時間已用完；未用時間保留。,錯誤,孩子,A,今天的遊戲時間已用完。沒用完的時間會保留。,「遊玩」「今日」混用，句子偏書面,課堂中,1,index.html 腳本33 第3793行（檔案第3793行）｜函式 pgBuy,1,1,
T2160,未能儲存，這次沒有扣幣。,錯誤,孩子,D,儲存失敗，沒有扣金幣。請再試一次。,沒說下一步,課堂中,1,index.html 腳本33 第3793行（檔案第3793行）｜函式 pgBuy,1,1,
T2162,尚未儲存；請勿關頁，先匯出備份。,錯誤,家長,B,還沒儲存。請不要關閉頁面，先匯出備份。,「請勿」書面,少見,1,index.html 腳本33 第3796行（檔案第3796行）｜函式 pgCheckpoint,1,1,
T2166,可繼續挑戰，或保存進度返回大廳。,說明,孩子,E,可以繼續挑戰，或儲存進度，回到遊戲街機。,「保存」「大廳」統一,課堂中,1,index.html 腳本33 第3800行（檔案第3800行）｜函式 pgOverlay,1,1,
T2167,下一關 · 不扣幣,按鈕,兩者,E,下一關 · 不扣金幣,「幣」統一為「金幣」,首頁,2,index.html 腳本33 第3800行（檔案第3800行）｜函式 pgOverlay ‖ index.html 腳本33 第4443行（檔案第4443行）,2,2,
T2168,重新挑戰 · 不扣幣,按鈕,孩子,E,重新挑戰 · 不扣金幣,「幣」統一為「金幣」,課堂中,1,index.html 腳本33 第3800行（檔案第3800行）｜函式 pgOverlay,1,1,
T2171,已保存目前關卡，下次可以接着玩。不會自動扣幣續玩。,說明,孩子,E,已儲存目前關卡，下次可以接着玩。不會自動扣金幣續玩。,「保存」「幣」統一,課堂中,1,index.html 腳本33 第3801行（檔案第3801行）｜函式 pgOverlay,1,1,
T2173,未能保存，請先匯出資料。,說明,孩子,AE,儲存失敗，請先匯出備份。,「保存」統一，「資料」改為「備份」說清楚,課堂中,1,index.html 腳本33 第3802行（檔案第3802行）｜函式 pgOverlay,1,1,
T2174,返回大廳,按鈕,孩子,E,返回遊戲街機,同一區域有多個名稱，統一為「遊戲街機」,課堂中,1,index.html 腳本33 第3803行（檔案第3803行）｜函式 pgOverlay,3,1,
T2175,Admin 測試不扣幣，亦不改孩子的棋盤,說明,孩子,E,測試模式不扣金幣，也不會改動孩子的遊戲進度。,「Admin」「棋盤」統一用語,課堂中,1,index.html 腳本33 第3803行（檔案第3803行）｜函式 pgOverlay,1,1,
T2176,餘下 ${pgTime(left)} · 已付款，不再扣幣,說明,孩子,E,還剩 ${pgTime(left)} · 已換好，不再扣金幣,「已付款」容易令人以為是真錢,課堂中,1,index.html 腳本33 第3803行（檔案第3803行）｜函式 pgOverlay,1,1,
T2178,另一分頁更新了資料，請重開頁面讀取，勿覆蓋新紀錄。,錯誤,孩子,AB,另一個分頁更新了資料。請重新打開頁面，不要蓋掉新紀錄。,「勿覆蓋」書面,課堂中,1,index.html 腳本33 第3808行（檔案第3808行）｜函式 pgPlay,1,1,
T2181,此瀏覽器沒有 Web Audio,標籤,孩子,A,這個瀏覽器不能播放遊戲聲音。,「Web Audio」是術語,課堂中,1,index.html 腳本33 第3817行（檔案第3817行）｜函式 unlock｜欄位 unlock,1,1,
T2182,未能啟動音效；可無聲遊玩，或按「試音」重試。,狀態,孩子,A,音效開不到。可以不開聲音玩，或按「試音」再試。,「未能啟動」書面,課堂中,1,index.html 腳本33 第3817行（檔案第3817行）｜函式 unlock｜欄位 unlock,1,1,
T2183,目前總聲效已關閉，先按頁首聲效開關。,狀態,孩子,A,聲音全部關了。請先按頁面上方的聲音開關。,孩子句長 16 字,課堂中,1,index.html 腳本33 第3825行（檔案第3825行）｜函式 test｜欄位 test,1,1,
T2187,還有 ${Object.keys(pgChild().pending).length} 項；訂正不算獨立串字能力。,說明,兩者,AE,還有 ${Object.keys(pgChild().pending).length} 項。訂正不算自己串對。,「獨立串字能力」是術語,首頁,1,index.html 腳本33 第3835行（檔案第3835行）,1,1,
T2189,此版本不提供射擊遊戲。,狀態,兩者,AB,這個版本沒有射擊遊戲。,「此」書面,首頁,1,index.html 腳本33 第3840行（檔案第3840行）,1,1,
T2190,今日餘額不足這張遊戲票；沒有扣幣。,狀態,兩者,D,今天剩下的時間不夠這張遊戲票，沒有扣金幣。請明天再試。,沒說下一步,首頁,1,index.html 腳本33 第3840行（檔案第3840行）,1,1,
T2191,今日遊玩上限已到；餘下時間保留。,狀態,兩者,AE,今天的遊戲上限到了。沒用完的時間會保留。,「遊玩」「今日」統一,首頁,1,index.html 腳本33 第3842行（檔案第3842行）,1,1,
T2192,射擊遊戲已停用；可在大廳轉移未用時間。,狀態,兩者,E,射擊遊戲已停用。可以在遊戲街機轉移未用的時間。,「大廳」統一為「遊戲街機」,首頁,1,index.html 腳本33 第3843行（檔案第3843行）,1,1,
T2194,金幣、解鎖、每日上限及逐款遊戲權限。,說明,兩者,A,金幣、解鎖、每日上限，以及每款遊戲的開放設定。,「權限」是術語,首頁,1,index.html 腳本33 第3845行（檔案第3845行）,1,1,
T2197,沿用 Admin 登入；免費測試不扣正常金幣，不改正常遊戲存檔。切換為正常規則即可測試換星及解鎖。,說明,兩者,AE,沿用測試帳戶登入。免費測試不扣金幣，也不改正常的遊戲存檔。切換為正常規則，就可以測試金幣換時間和解鎖。,「Admin」「換星」是舊詞，句子太長,首頁,1,index.html 腳本33 第3845行（檔案第3845行）,1,1,
T2198,開啟遊戲大廳,連結,兩者,E,進入遊戲街機,同一區域有多個名稱，統一為「遊戲街機」,首頁,1,index.html 腳本33 第3845行（檔案第3845行）,1,1,
T2201,取消這個完全未使用的時段，退回金幣？,確認框,兩者,A,要取消這個完全沒用過的時段，並退回金幣嗎？,孩子句長 16 字,首頁,1,index.html 腳本33 第3850行（檔案第3850行）,1,1,
T2204,未能儲存，尚未取消時段。,錯誤,兩者,D,儲存失敗，時段還沒取消。請再試一次。,沒說下一步,少見,1,index.html 腳本33 第3850行（檔案第3850行）,1,1,
T2208,未能儲存，未轉移。,錯誤,兩者,D,儲存失敗，時間還沒轉移。請再試一次。,沒說下一步,少見,1,index.html 腳本33 第3851行（檔案第3851行）,1,1,
T2209,另一分頁已更新紀錄。請重新整理讀取，避免覆蓋。,說明,兩者,B,另一個分頁更新了紀錄。請重新整理頁面，以免蓋掉新紀錄。,「避免覆蓋」書面,首頁,1,index.html 腳本33 第3855行（檔案第3855行）,1,1,
T2210,此環境沒有 Web Locks。請使用本機啟動器或 HTTPS，並在支援的瀏覽器開啟；目前只供閱讀，不會扣幣。,錯誤,家長,A,這個瀏覽器不能鎖住資料。請用本機啟動器，或用 https 網址，並換用較新的瀏覽器開啟。現在只能看，不會扣金幣。,「Web Locks」「HTTPS」是術語,少見,1,index.html 腳本33 第3866行（檔案第3866行）｜函式 v23CapabilityError,1,1,
T2211,另一分頁正在編輯同一帳戶。請先關閉該分頁，再按「取得編輯權」；目前不會扣幣。,錯誤,家長,A,另一個分頁正在編輯這個帳戶。請先關閉那個分頁，再按「在這個分頁編輯」。現在不會扣金幣。,「編輯權」是術語,少見,1,index.html 腳本33 第3866行（檔案第3866行）｜函式 v23CapabilityError,1,1,
T2212,尚有未保存的遊戲進度，不能讀取舊資料取代它。,錯誤,兩者,DE,有遊戲進度還沒儲存。現在不能讀取舊資料，以免蓋掉它。,「保存」統一，沒說清楚原因,少見,1,index.html 腳本33 第3880行（檔案第3880行）,1,1,
T2213,另一分頁已更新紀錄。請保留目前備份，再重新開啟此頁。,錯誤,家長,A,另一個分頁更新了紀錄。請先備份，再重新打開這個頁面。,「保留目前備份」不清楚,少見,1,index.html 腳本33 第3880行（檔案第3880行）,1,1,
T2214,儲存版本不一致，已停止覆蓋。,錯誤,兩者,AD,儲存的版本不一致，沒有蓋掉資料。請先匯出備份，再重新打開頁面。,沒說下一步,少見,1,index.html 腳本33 第3888行（檔案第3888行）,1,1,
T2215,原本的儲存已被移除，已停止覆蓋。,錯誤,兩者,BD,原本儲存的資料已不見，所以沒有儲存新資料。請先匯出備份。,「已被移除」被動書面語，沒說下一步,少見,1,index.html 腳本33 第3889行（檔案第3889行）,1,1,
T2217, 請保留分頁及匯出備份。,說明,家長,A, 請不要關閉這個分頁，並匯出備份。,「保留分頁」不清楚,首頁,1,index.html 腳本33 第3891行（檔案第3891行）,1,1,字串片段（與其他片段拼接成一句，須成對修改）
T2218,孩子或帳戶已切換，這次沒有扣幣。,狀態,兩者,E,已換了孩子或帳戶，這次沒有扣金幣。,「扣幣」統一為「扣金幣」,首頁,2,index.html 腳本33 第3897行（檔案第3897行） ‖ index.html 腳本33 第4353行（檔案第4353行）｜函式 a28Buy,2,2,
T2219,這款遊戲的存檔已隔離，尚未扣幣。,說明,兩者,A,這款遊戲的存檔有問題，已先停用。還沒扣金幣。,「隔離」是術語,首頁,1,index.html 腳本33 第3899行（檔案第3899行）,1,1,字串片段（與其他片段拼接成一句，須成對修改）
T2220,重設這款遊戲存檔（保留金幣及其他紀錄）,說明,兩者,A,重設這款遊戲的存檔（金幣和其他紀錄不變）,孩子句長 17 字,首頁,1,index.html 腳本33 第3899行（檔案第3899行）,1,1,
T2221,最多 50 位孩子；未有新增或改動原資料。,狀態,兩者,AD,最多 50 位孩子，沒有新增，原有資料也沒有改動。,沒說清楚結果,首頁,1,index.html 腳本33 第3906行（檔案第3906行）,1,1,
T2222,畫面暫時停頓，已自動暫停；停頓時間不扣除。,說明,兩者,A,畫面停了一會，遊戲已自動暫停。停住的時間不會用掉。,「停頓時間不扣除」是說明書語,首頁,1,index.html 腳本33 第3911行（檔案第3911行）,1,1,
T2230,首次搬移舊版資料,標題,家長,E,首次轉移舊版資料,「搬移」「轉移」統一為「轉移」,少見,1,index.html 腳本33 第3949行（檔案第3949行）｜函式 v23MigrationPanel,1,1,
T2231,只供尚未學習、賺星或遊玩的全新本機帳戶使用一次。可從舊版備份帶回孩子、金幣、已購時間及遊戲存檔。之後的一般還原不會回退錢包。,說明,家長,AE,只限還沒學習、賺金幣或玩過遊戲的全新帳戶，使用一次。可以從舊版備份帶回孩子、金幣、已換的時間和遊戲存檔。之後一般還原，不會減少金幣。,「賺星」「錢包」是舊詞，句子太長,少見,1,index.html 腳本33 第3949行（檔案第3949行）｜函式 v23MigrationPanel,1,1,
T2232,選擇舊版 JSON 備份,標籤,家長,A,選擇舊版備份檔,「JSON」是技術詞,少見,1,index.html 腳本33 第3949行（檔案第3949行）｜函式 v23MigrationPanel,1,1,
T2233,圖片、音檔仍須另行還原教材包。只匯入自己可信的備份；本機檔案不能證明金幣是真實取得。,說明,家長,AB,圖片和音檔要另外還原教材包。只匯入你信任的備份。這個檔案不能證明金幣是真的賺來的。,「須另行」書面,少見,1,index.html 腳本33 第3949行（檔案第3949行）｜函式 v23MigrationPanel,1,1,
T2235,帳戶狀態已改變。,錯誤,家長,D,帳戶狀態已改變，請重新操作。,沒說下一步,少見,1,index.html 腳本33 第3957行（檔案第3957行）｜函式 v23Migrate,1,1,
T2236,首次搬移會取代目前的示範教材，並保留備份內的金幣及遊戲紀錄。此本機帳戶只可執行一次。繼續？,確認框,家長,AE,第一次轉移，會取代現在的示範教材，並帶入備份裏的金幣和遊戲紀錄。這個帳戶只能轉移一次。要繼續嗎？,「搬移」統一為「轉移」，一句多個意思,少見,1,index.html 腳本33 第3958行（檔案第3958行）｜函式 v23Migrate,1,1,
T2237,搬移條件已失效。,錯誤,家長,AE,條件已改變，不能轉移。,「搬移條件已失效」書面,少見,1,index.html 腳本33 第3960行（檔案第3960行）｜函式 v23Migrate,1,1,
T2238,此帳戶已搬移過。,錯誤,家長,E,這個帳戶已轉移過。,「搬移」統一為「轉移」,少見,1,index.html 腳本33 第3961行（檔案第3961行）｜函式 v23Migrate,1,1,
T2239,資料未能儲存，搬移沒有完成。,錯誤,家長,DE,儲存失敗，轉移沒有完成。請再試一次。,沒說下一步,少見,1,index.html 腳本33 第3965行（檔案第3965行）｜函式 v23Migrate,1,1,
T2240,首次搬移完成；舊有金幣及遊戲資料已保留。,狀態,家長,E,首次轉移完成。舊的金幣和遊戲資料都保留了。,「搬移」統一為「轉移」,少見,1,index.html 腳本33 第3967行（檔案第3967行）｜函式 v23Migrate,1,1,
T2241,未搬移：,狀態,家長,E,未轉移：,「搬移」統一為「轉移」,少見,1,index.html 腳本33 第3968行（檔案第3968行）｜函式 v23Migrate,1,1,字串片段（與其他片段拼接成一句，須成對修改）
T2243,備份格式不正確，沒有改動。,狀態,家長,AD,備份檔的格式不對，資料沒有改動。請換另一份備份。,沒說下一步,首頁,1,index.html 腳本33 第3975行（檔案第3975行）,1,1,字串片段（與其他片段拼接成一句，須成對修改）
T2244,身份已切換或家長授權到期，已取消還原。,狀態,家長,AE,帳戶已切換，或家長確認已過期，所以取消還原。請重新確認。,「身份」「授權」是術語,首頁,1,index.html 腳本33 第3976行（檔案第3976行）,1,1,
T2245,還原教材及學習紀錄；金幣、已購時間、遊玩用量及家長規則以目前資料為準，不會倒退。繼續？,確認框,家長,A,會還原教材和學習紀錄。金幣、已換的時間、遊戲用時和家長規則，都保持現在的樣子，不會倒退。要繼續嗎？,一句多個條件，「以目前資料為準」書面,首頁,1,index.html 腳本33 第3977行（檔案第3977行）,1,1,
T2246,合併後超過 50 位孩子。,錯誤,兩者,D,合併後會超過 50 位孩子，所以沒有合併。,沒說清楚結果,少見,1,index.html 腳本33 第3981行（檔案第3981行）,1,1,
T2247,未能儲存還原內容。,錯誤,家長,D,還原的內容儲存失敗，請再試一次。,沒說下一步,少見,1,index.html 腳本33 第3987行（檔案第3987行）,1,1,
T2248,學習資料已還原；金幣與遊玩額度沒有回退。,狀態,家長,AE,學習資料已還原。金幣和遊戲時間沒有倒退。,「額度」「回退」統一,首頁,1,index.html 腳本33 第3988行（檔案第3988行）,1,1,
T2251,修改家庭、遊戲或備份設定前，請輸入此本機帳戶的密碼／舊 PIN。,說明,家長,A,要改家庭、遊戲或備份設定，請先輸入這個帳戶的密碼（舊帳戶可輸入舊 PIN）。,「此本機帳戶的密碼／舊 PIN」難讀,少見,1,index.html 腳本33 第3993行（檔案第3993行）｜函式 v23Gate,1,1,
T2255,確認只維持 5 分鐘，切換孩子即失效。這是本機操作保護，不是雲端安全登入。,說明,家長,A,確認只有效 5 分鐘。換了孩子，就要重新確認。這只是這部裝置上的保護，不是雲端的安全登入。,「即失效」書面，句子偏長,少見,1,index.html 腳本33 第3993行（檔案第3993行）｜函式 v23Gate,1,1,
T2256,嘗試太多，請稍後再試。,說明,家長,A,試了太多次，請稍後再試。,「嘗試太多」不自然,少見,2,index.html 腳本33 第3998行（檔案第3998行）｜函式 v23Unlock ‖ index.html 腳本33 第5833行（檔案第5833行）｜函式 wq20GateUnlock,3,2,
T2258,新密碼須有 8–128 字，兩次輸入要相同。,狀態,家長,B,新密碼要有 8 至 128 個字，兩次輸入要一樣。,「須」書面，數字範圍寫法統一,家長頁,1,index.html 腳本33 第4005行（檔案第4005行）｜函式 v23ChangePassword,1,1,
T2259,身份改變或授權到期，密碼未改動。,錯誤,家長,AE,帳戶已改變，或家長確認已過期。密碼沒有改動。,「身份」「授權」是術語,家長頁,1,index.html 腳本33 第4009行（檔案第4009行）｜函式 v23ChangePassword,1,1,
T2260,家長授權已失效。,錯誤,家長,AD,家長確認已過期。請重新確認。,「授權已失效」沒說下一步,家長頁,1,index.html 腳本33 第4011行（檔案第4011行）｜函式 v23ChangePassword,1,1,
T2261,帳戶已由另一分頁更新，請重新登入。,錯誤,家長,E,另一個分頁更新了這個帳戶，請重新登入。,「另一分頁」寫法統一,家長頁,1,index.html 腳本33 第4013行（檔案第4013行）｜函式 v23ChangePassword,1,1,
T2265,舊帳戶的 PIN 可以繼續登入，但四位數容易被猜中。請在這裏改為 8–128 字的密碼，不要與其他網站共用。,說明,家長,A,舊帳戶的 PIN 仍可登入，但四位數很容易被猜中。請在這裏改成 8 至 128 個字的密碼，不要和其他網站用同一個。,一句多個意思，數字範圍寫法統一,家長頁,1,index.html 腳本33 第4021行（檔案第4021行）｜函式 v23PasswordPanel,1,1,
T2269,帳戶名稱用 3–40 字，不可使用 Admin。,狀態,兩者,E,帳戶名稱要有 3 至 40 個字，不能用 Admin。,數字範圍寫法統一,首頁,1,index.html 腳本33 第4026行（檔案第4026行）,1,1,
T2270,新家長密碼請使用 8–128 字，不要沿用其他網站密碼。,狀態,家長,E,新家長密碼要有 8 至 128 個字，不要用其他網站的密碼。,數字範圍寫法統一,首頁,1,index.html 腳本33 第4027行（檔案第4027行）,1,1,
T2272,此瀏覽器已達 100 個本機帳戶上限。,錯誤,兩者,AD,這個瀏覽器最多有 100 個帳戶，已經滿了。請用已有的帳戶登入。,沒說下一步,少見,1,index.html 腳本33 第4030行（檔案第4030行）,1,1,
T2274,標準版已停用公開 Admin。測試請使用獨立測試版。,狀態,兩者,A,標準版沒有 Admin 帳戶。要測試，請用測試版。,「公開 Admin」「獨立測試版」難明,首頁,1,index.html 腳本33 第4039行（檔案第4039行）,1,1,
T2275,登入嘗試太多，請稍後再試。,狀態,兩者,A,登入試了太多次，請稍後再試。,「登入嘗試太多」不自然,首頁,1,index.html 腳本33 第4040行（檔案第4040行）,1,1,
T2276,帳戶名稱或密碼不正確。,錯誤,家長,D,帳戶名稱或密碼不對，請再試一次。,沒說下一步,少見,1,index.html 腳本33 第4042行（檔案第4042行）,1,1,
T2278,已登入唯讀模式；另一分頁仍在編輯。,狀態,家長,A,已登入，只能查看。另一個分頁仍在編輯。,「唯讀模式」是術語,首頁,1,index.html 腳本33 第4044行（檔案第4044行）,1,1,
T2279,家長密碼／舊 PIN,標籤,家長,A,家長密碼（舊帳戶填 PIN）,「舊 PIN」沒有說明是甚麼,首頁,1,index.html 腳本33 第4048行（檔案第4048行）,1,1,
T2280,家長密碼（8–128 字）,標籤,家長,E,家長密碼（8 至 128 個字）,數字範圍寫法統一,首頁,1,index.html 腳本33 第4048行（檔案第4048行）,1,1,
T2281,V23 標準版沒有預設管理員。新帳戶使用 8–128 字的本機家長密碼。${WQ_TEST_MODE?'這是獨立測試版：Admin / 1234 只供假資料測試。':''},說明,家長,AE,新帳戶要設定家長密碼，8 至 128 個字。${WQ_TEST_MODE?'這是獨立測試版：Admin / 1234 只供假資料測試。':''},版本號是開發用語，「管理員」混用,首頁,1,index.html 腳本33 第4048行（檔案第4048行）,1,1,局部替換：「V23 標準版沒有預設管理員。新帳戶使用 8–128 字的本機家長密碼。」→「新帳戶要設定家長密碼，8 至 128 個字。」
T2282,這是獨立測試版：Admin / 1234 只供假資料測試。,說明,兩者,AE,這是測試版。Admin / 1234 只供測試假資料。,畫面顯示測試密碼，「獨立」難明,首頁,1,index.html 腳本33 第4048行（檔案第4048行）,1,1,
T2283,取得編輯權,標籤,家長,A,在這個分頁編輯,「取得編輯權」是術語,首頁,1,index.html 腳本33 第4059行（檔案第4059行）,7,1,
T2284,先保存或匯出未儲存進度。,狀態,家長,E,先儲存或匯出還沒儲存的進度。,「保存」「儲存」混用,首頁,1,index.html 腳本33 第4069行（檔案第4069行）,1,1,
T2285,只重設這款遊戲此難度的棋盤？金幣及其他遊戲不變。,確認框,兩者,A,只重設這款遊戲這個難度的進度嗎？金幣和其他遊戲不變。,「棋盤」是術語,首頁,1,index.html 腳本33 第4070行（檔案第4070行）,1,1,
T2286,請改用其他練習，這題不會提供答案提示。,說明,兩者,A,這題不會給答案提示。請改做其他練習。,孩子句長 17 字，先說結果,首頁,1,index.html 腳本33 第4098行（檔案第4098行）,1,1,
T2287,保護紀錄超過 1.4 MB,錯誤,家長,AD,備用紀錄超過 1.4 MB，所以沒有儲存。,「保護紀錄」是內部詞,少見,1,index.html 腳本33 第4109行（檔案第4109行）｜函式 v24StoreProtection,1,1,
T2288,主資料已儲存，但額外恢復保障未更新：,說明,家長,AE,主要資料已儲存，但備用紀錄沒有更新：,「額外恢復保障」是術語,少見,1,index.html 腳本33 第4109行（檔案第4109行）｜函式 v24StoreProtection,1,1,字串片段（與其他片段拼接成一句，須成對修改）
T2289,額外恢復保障已更新。,說明,家長,AE,備用紀錄已更新。,「額外恢復保障」是術語,少見,2,index.html 腳本33 第4109行（檔案第4109行）｜函式 v24StoreProtection ‖ index.html 腳本33 第4181行（檔案第4181行）｜函式 v24RecoveryPanel,2,2,
T2290,合併後超過 50 位孩子,錯誤,家長,D,合併後會超過 50 位孩子，所以沒有合併。,沒說清楚結果,少見,1,index.html 腳本33 第4116行（檔案第4116行）｜函式 v24MergeProtected,2,1,
T2291,目前無法讀取儲存，沒有開始還原。,狀態,家長,D,現在讀不到儲存的資料，還原沒有開始。請稍後再試。,沒說下一步,首頁,1,index.html 腳本33 第4131行（檔案第4131行）,1,1,
T2292,身份或編輯權已改變,錯誤,家長,A,帳戶或編輯狀態已改變，請重新整理頁面。,「身份」「編輯權」是術語,少見,1,index.html 腳本33 第4136行（檔案第4136行）,1,1,
T2293,原資料已由其他來源更新；沒有覆蓋,錯誤,兩者,BD,原有資料已在別處更新，沒有蓋掉它。請重新整理頁面。,「由其他來源」被動書面語,少見,1,index.html 腳本33 第4137行（檔案第4137行）,1,1,
T2294,已找到本機錢包保障紀錄。恢復教材與作答紀錄，保留最新已保存金幣及用時。,說明,家長,AE,找到這部裝置上的金幣備用紀錄。會還原教材和作答紀錄，並保留最新已儲存的金幣和遊戲時間。,「錢包保障紀錄」是術語,首頁,1,index.html 腳本33 第4139行（檔案第4139行）,1,1,
T2295,原資料已損壞，沒有可核對的錢包保障紀錄。只恢復教材及學習成果；金幣及未用遊戲時間重設為 0，今天暫停遊戲。原損壞檔會保留。,說明,家長,AE,原有資料已損壞，也找不到可以核對的金幣備用紀錄。只會還原教材和學習成果。金幣和沒用完的遊戲時間會歸零，今天不能玩遊戲。損壞的檔案會保留。,「錢包保障」「恢復」是術語，一段太長,首頁,1,index.html 腳本33 第4139行（檔案第4139行）,1,1,
T2296,還原教材及學習紀錄；目前金幣、已購時間、用時及家長規則不會倒退。,說明,家長,A,會還原教材和學習紀錄。現在的金幣、已換的時間、遊戲用時和家長規則，都不會倒退。,一句多個條件,首頁,1,index.html 腳本33 第4139行（檔案第4139行）,1,1,
T2302, 已通過完整性校驗。,確認框,家長,A, 檔案完整，沒有損壞。,「完整性校驗」是術語,首頁,1,index.html 腳本33 第4140行（檔案第4140行）,1,1,字串片段（與其他片段拼接成一句，須成對修改）
T2303, 舊格式沒有校驗碼，已檢查資料結構。,確認框,家長,A, 舊格式的備份，無法確認有沒有損壞，只檢查了資料格式。,「校驗碼」是術語,首頁,1,index.html 腳本33 第4140行（檔案第4140行）,1,1,字串片段（與其他片段拼接成一句，須成對修改）
T2305,資料版本超限,錯誤,兩者,AD,備份的版本太新，這個版本讀不了。,「資料版本超限」是術語,少見,1,index.html 腳本33 第4143行（檔案第4143行）,1,1,
T2306,還原條件已改變,錯誤,家長,D,情況已改變，沒有還原。請重新選擇備份檔。,沒說下一步,少見,1,index.html 腳本33 第4145行（檔案第4145行）,1,1,
T2307,資料已恢復；原損壞檔仍保留。,狀態,家長,E,資料已還原。損壞的檔案仍保留。,「恢復」統一為「還原」,首頁,1,index.html 腳本33 第4150行（檔案第4150行）,1,1,
T2308,學習資料已還原，錢包沒有回退。,狀態,家長,E,學習資料已還原，金幣沒有倒退。,「錢包」「回退」是舊詞,首頁,1,index.html 腳本33 第4150行（檔案第4150行）,1,1,
T2309,資料已還原，但畫面更新未完成；請重新開啟此頁。,狀態,家長,A,資料已還原，但畫面還沒更新。請重新打開這個頁面。,「未完成」「開啟此頁」書面,首頁,1,index.html 腳本33 第4151行（檔案第4151行）,1,1,
T2311,先恢復資料，再開始學習。,狀態,家長,E,請先還原資料，再開始學習。,「恢復」統一為「還原」,少見,1,index.html 腳本33 第4158行（檔案第4158行）｜函式 v24GuardFunction,1,1,
T2313,原資料需要恢復，目前不會記錄學習。,狀態,家長,E,原有資料需要還原。現在不會記錄學習。,「恢復」統一為「還原」,少見,1,index.html 腳本33 第4172行（檔案第4172行）｜函式 v24GuardEvent,1,1,
T2314,學習判定與指定範圍,標題,家長,A,學習紀錄規則與指定範圍,「判定」是術語,家長頁,1,index.html 腳本33 第4175行（檔案第4175行）｜函式 v24PolicyPanel,1,1,
T2315,先分清看過答案、獨立答對和隔日複習，才計入遊戲解鎖。,說明,家長,A,遊戲解鎖只計算「自己答對」和「隔日複習答對」，看過答案後答對不計。,「先分清」「獨立答對」難明,家長頁,1,index.html 腳本33 第4175行（檔案第4175行）｜函式 v24PolicyPanel,1,1,
T2317,嚴格默書：大小寫必須正確,選項,家長,B,嚴格默書：大小寫要正確,「必須」書面,家長頁,1,index.html 腳本33 第4175行（檔案第4175行）｜函式 v24PolicyPanel,1,1,
T2318,寬鬆練習：提示大小寫，不算嚴格掌握,選項,家長,A,寬鬆練習：大小寫錯了會提示，不算嚴格掌握,「提示大小寫」不清楚,家長頁,1,index.html 腳本33 第4175行（檔案第4175行）｜函式 v24PolicyPanel,1,1,
T2322,剛看答案後 10 分鐘內作答，標示「近期看過答案」；解鎖所需的延後複習仍要相隔至少 24 小時。這是本產品規則，不是永久記憶保證。,說明,家長,AB,看過答案後 10 分鐘內作答，會標示「近期看過答案」。遊戲解鎖要的隔日複習，仍然要相隔至少 24 小時。這是 WordQuest 的規則，不保證孩子永遠記得。,「本產品」「延後複習」書面或術語,家長頁,1,index.html 腳本33 第4175行（檔案第4175行）｜函式 v24PolicyPanel,1,1,
T2324,作答證據分開看,標題,家長,A,作答紀錄分開看,「證據」太生硬,家長頁,1,index.html 腳本33 第4179行（檔案第4179行）｜函式 v24ReportPanel,1,1,
T2325,獨立答對：,說明,家長,E,自己答對：,「獨立」統一為「自己」,家長頁,1,index.html 腳本33 第4179行（檔案第4179行）｜函式 v24ReportPanel,1,1,
T2327,近期看過答案再答對：,說明,家長,E,最近看過答案後答對：,「近期看過答案再答對」說法統一,家長頁,1,index.html 腳本33 第4179行（檔案第4179行）｜函式 v24ReportPanel,1,1,
T2328,提示或選項輔助答對：,說明,家長,B,靠提示或選項答對：,「輔助」書面,家長頁,1,index.html 腳本33 第4179行（檔案第4179行）｜函式 v24ReportPanel,1,1,
T2330,只統計 V24 留下完整證據的作答。舊版沒有完整答案曝光資料，不會追溯假定孩子當時沒有看提示。正確次數不是已掌握字數。,說明,家長,A,只計算有完整紀錄的作答。舊版沒有記下孩子有沒有看過答案，所以不會假設孩子當時沒看提示。答對次數不等於已掌握的字數。,「曝光」「追溯假定」是術語,家長頁,1,index.html 腳本33 第4179行（檔案第4179行）｜函式 v24ReportPanel,1,1,
T2331,資料恢復保障,標題,家長,E,資料備用紀錄,「恢復保障」是術語,少見,1,index.html 腳本33 第4181行（檔案第4181行）｜函式 v24RecoveryPanel,1,1,
T2332,正常還原會保留目前金幣及遊玩用時。若原資料損壞，會先檢查這部裝置的獨立錢包保障紀錄，再恢復教材。,說明,家長,AE,一般還原會保留現在的金幣和遊戲用時。如果原有資料損壞，會先檢查這部裝置上的金幣備用紀錄，再還原教材。,「獨立錢包保障紀錄」是術語,少見,1,index.html 腳本33 第4181行（檔案第4181行）｜函式 v24RecoveryPanel,1,1,
T2333,没有可核對保障時，會先徵求同意，才將金幣及未用時間重設為 0 並暫停當日遊戲。原損壞資料會保留。這不是雲端備份，也不能防止裝置擁有人改檔。,說明,家長,ACE,沒有可核對的備用紀錄時，會先問你是否同意，才把金幣和沒用完的時間歸零，並暫停當天的遊戲。損壞的資料會保留。這不是雲端備份，也不能防止裝置擁有人改動檔案。,簡體字「没」，「徵求同意」書面,少見,1,index.html 腳本33 第4181行（檔案第4181行）｜函式 v24RecoveryPanel,1,1,
T2334,儲存成功後會建立額外恢復保障；仍請另外匯出備份。,標籤,家長,E,儲存成功後，會建立備用紀錄。仍請另外匯出備份。,「額外恢復保障」是術語,少見,1,index.html 腳本33 第4181行（檔案第4181行）｜函式 v24RecoveryPanel,1,1,
T2335,這題答對與否已記錄；因為剛看過答案，不當作獨立回想。,說明,兩者,A,這題答對或答錯都已記錄。因為剛看過答案，不算自己記得。,「獨立回想」是術語,首頁,1,index.html 腳本33 第4183行（檔案第4183行）,1,1,
T2336,寬鬆練習結果；未代表嚴格默書已掌握。,說明,兩者,A,這是寬鬆練習的結果，不代表嚴格默書已掌握。,「未代表」書面,首頁,1,index.html 腳本33 第4183行（檔案第4183行）,1,1,
T2337,通過延後複習：${n.words} 個字詞、${n.sentences} 句完整句子。每句只計 1 項，不拆成多個已學字。,說明,兩者,A,隔日複習通過：${n.words} 個字詞、${n.sentences} 句完整句子。每句只算 1 項，不會拆成幾個字。,「延後複習」是術語,首頁,1,index.html 腳本33 第4183行（檔案第4183行）,1,1,
T2339,帳戶清單損壞或無法讀取。已停止新增及改寫帳戶；請保留原瀏覽器資料，不要清除網站資料。,說明,家長,A,帳戶清單壞了或讀不到。暫時不能新增或修改帳戶。請不要清除這個瀏覽器的網站資料。,一句多個意思,少見,1,index.html 腳本33 第4191行（檔案第4191行）｜函式 v25RegistryState｜欄位 error,1,1,
T2340,原資料未能讀取；不會把示範資料當成備份。請按「保留原檔」，再還原有效備份。,狀態,家長,A,讀不到原有資料。示範資料不會當作備份。請按「保留原檔」，再用有效的備份還原。,「未能」書面，拆短,首頁,1,index.html 腳本33 第4207行（檔案第4207行）,1,1,
T2341,身份或家長授權已改變，未匯出,錯誤,家長,AD,帳戶或家長確認已改變，沒有匯出。請重新確認後再試。,「身份」「授權」是術語，沒說下一步,少見,1,index.html 腳本33 第4213行（檔案第4213行）,1,1,
T2342,備份超過 10 MB，未建立不能還原的檔案；請保留目前頁面及原檔,錯誤,家長,AD,備份超過 10 MB，所以沒有建立備份檔。請不要關閉這個頁面，也不要刪除原有資料。,「不能還原的檔案」不清楚,少見,1,index.html 腳本33 第4214行（檔案第4214行）,1,1,
T2343,已建立備份下載；請核對檔案。圖片與音檔仍須另匯出教材包。,狀態,家長,B,已建立備份檔，請核對下載的檔案。圖片和音檔要另外匯出教材包。,「須」書面,首頁,1,index.html 腳本33 第4217行（檔案第4217行）,1,1,
T2346,檢查通過：${s.children} 位孩子、${s.ranges} 份範圍、${s.items} 個學習項目、${s.attempts} 次作答。${inspected.integrity==='verified'?'完整性校驗相符。':'舊版格式沒有校驗碼，已檢查結構。'}只作預覽，沒有還原、扣幣或修改紀錄。圖片及音檔不在此備份內。,說明,家長,A,檢查通過：${s.children} 位孩子、${s.ranges} 份範圍、${s.items} 個學習項目、${s.attempts} 次作答。${inspected.integrity==='verified'?'完整性校驗相符。':'舊版格式沒有校驗碼，已檢查結構。'}這只是預覽，沒有還原備份，也沒有扣金幣或改動紀錄。備份檔不包含圖片和音檔。,一句多個意思,少見,1,index.html 腳本33 第4224行（檔案第4224行）｜函式 v25PreviewBackup,1,1,局部替換：「只作預覽，沒有還原、扣幣或修改紀錄。圖片及音檔不在此備份內。」→「這只是預覽，沒有還原備份，也沒有扣金幣或改動紀錄。備份檔不包含圖片和音檔。」
T2347,完整性校驗相符。,說明,家長,A,檔案完整，沒有損壞。,「完整性校驗」是術語,少見,1,index.html 腳本33 第4224行（檔案第4224行）｜函式 v25PreviewBackup,1,1,
T2348,舊版格式沒有校驗碼，已檢查結構。,說明,家長,A,舊格式的備份，無法確認有沒有損壞，只檢查了資料格式。,「校驗碼」是術語,少見,1,index.html 腳本33 第4224行（檔案第4224行）｜函式 v25PreviewBackup,1,1,
T2349,原資料未能讀取，已停止寫入,說明,家長,AD,讀不到原有資料，所以沒有儲存。請先匯出備份。,「停止寫入」是術語，沒說下一步,少見,1,index.html 腳本33 第4230行（檔案第4230行）｜函式 v25Diagnostics,1,1,
T2350,此分頁有編輯權,說明,家長,A,這個分頁可以編輯,「有編輯權」是術語,少見,1,index.html 腳本33 第4230行（檔案第4230行）｜函式 v25Diagnostics,1,1,
T2351,唯讀；沒有編輯權,說明,家長,A,只能查看，不能編輯,「唯讀」「編輯權」是術語,少見,1,index.html 腳本33 第4230行（檔案第4230行）｜函式 v25Diagnostics,1,1,
T2352,瀏覽器不允許讀取本機資料,說明,家長,D,瀏覽器不讓網頁讀取儲存的資料。請檢查瀏覽器的網站資料設定。,沒說下一步,少見,1,index.html 腳本33 第4231行（檔案第4231行）｜函式 v25Diagnostics,1,1,
T2353,帳戶清單未能讀取：已停止新增／改寫帳戶。,說明,家長,D,讀不到帳戶清單，暫時不能新增或修改帳戶。,「改寫」書面,少見,1,index.html 腳本33 第4236行（檔案第4236行）｜函式 v25RenderStatus,1,1,
T2355,有未儲存內容，請保留此分頁並備份。,說明,家長,A,有內容還沒儲存。請不要關閉這個分頁，並先備份。,「保留此分頁並備份」不清楚,少見,1,index.html 腳本33 第4236行（檔案第4236行）｜函式 v25RenderStatus,1,1,
T2356,安全環境：${d.secureContext?'是':'否'}；Web Locks：${d.webLocks?'可用':'不可用'}；密碼運算：${d.passwordCrypto?'可用':'不可用'}。${d.mainUtf8Bytes===null?'':`主資料 JSON 大小：${(d.mainUtf8Bytes/1024).toFixed(1)} KB（UTF-8，不代表瀏覽器配額）。`}本機功能可用不等於已驗收跨裝置或關閉重開。,說明,家長,A,安全連線（https）：${d.secureContext?'是':'否'}；分頁鎖定：${d.webLocks?'可用':'不可用'}；密碼功能：${d.passwordCrypto?'可用':'不可用'}。${d.mainUtf8Bytes===null?'':`主資料 JSON 大小：${(d.mainUtf8Bytes/1024).toFixed(1)} KB（UTF-8，不代表瀏覽器配額）。`}功能可用，不代表換裝置或重新開啟後也沒有問題。,「Web Locks」「驗收」是開發用語,少見,1,index.html 腳本33 第4237行（檔案第4237行）｜函式 v25RenderStatus,1,1,局部替換：「安全環境：」→「安全連線（https）：」 ‖ 「Web Locks：」→「分頁鎖定：」 ‖ 「密碼運算：」→「密碼功能：」 ‖ 「本機功能可用不等於已驗收跨裝置或關閉重開。」→「功能可用，不代表換裝置或重新開啟後也沒有問題。」
T2360,主資料 JSON 大小：${(d.mainUtf8Bytes/1024).toFixed(1)} KB（UTF-8，不代表瀏覽器配額）。,說明,家長,A,主要資料大小：${(d.mainUtf8Bytes/1024).toFixed(1)} KB（這不是瀏覽器可用的儲存空間）。,「JSON」「UTF-8」「配額」是術語,少見,1,index.html 腳本33 第4237行（檔案第4237行）｜函式 v25RenderStatus,1,1,
T2361,本頁已建立一次備份下載；請在下載資料夾核對檔案，勿只依賴瀏覽器資料。,說明,家長,B,這個頁面已建立一份備份檔。請到下載資料夾檢查檔案，不要只靠瀏覽器裏的資料。,「本頁」「勿」書面,少見,1,index.html 腳本33 第4238行（檔案第4238行）｜函式 v25RenderStatus,1,1,
T2363,WORDQUEST V28 · 金幣街機更新,標題,家長,E,WordQuest · 遊戲街機更新,版本號是開發用語，區域名稱統一,少見,1,index.html 腳本33 第4240行（檔案第4240行）｜函式 v25Panel,1,1,
T2365,匯出 V28 備份,按鈕,家長,E,匯出備份,版本號是開發用語,少見,1,index.html 腳本33 第4240行（檔案第4240行）｜函式 v25Panel,1,1,
T2366,下載診斷摘要,按鈕,家長,A,下載檢查摘要,「診斷」是術語,少見,1,index.html 腳本33 第4240行（檔案第4240行）｜函式 v25Panel,1,1,
T2368,檢查資料結構及新版校驗碼。校驗碼只能協助發現損壞，不能證明金幣或成績真實，也不是加密。,說明,家長,A,檢查備份的資料格式，和檔案有沒有損壞。這個檢查不能證明金幣或成績是真的，也不是加密。,「校驗碼」是術語,少見,1,index.html 腳本33 第4240行（檔案第4240行）｜函式 v25Panel,1,1,
T2369,選擇學習 JSON 備份,標籤,家長,A,選擇學習備份檔,「JSON」是技術詞,少見,1,index.html 腳本33 第4240行（檔案第4240行）｜函式 v25Panel,1,1,
T2371,診斷摘要只包含版本、功能可用性、主資料大小及儲存狀態；不包含姓名、帳戶 ID、密碼雜湊、教材或答案。不會自動上傳。,說明,家長,A,檢查摘要只有版本、功能是否可用、主要資料大小和儲存狀態。不包含姓名、帳戶編號、密碼、教材和答案。不會自動上傳。,「診斷」「密碼雜湊」是術語,少見,1,index.html 腳本33 第4240行（檔案第4240行）｜函式 v25Panel,1,1,
T2372,V28 測試版,標籤,兩者,A,測試版,版本號是開發用語，不應給孩子和家長看到,首頁,2,index.html 腳本33 第4242行（檔案第4242行） ‖ index.html 腳本33 第4569行（檔案第4569行）,2,2,
T2373,V28 街機版,標籤,兩者,E,遊戲街機,版本號是開發用語，區域名稱統一,首頁,2,index.html 腳本33 第4242行（檔案第4242行） ‖ index.html 腳本33 第4569行（檔案第4569行）,3,2,
T2374,新街機,標籤,兩者,E,新遊戲,「新街機」是舊區域名稱,首頁,3,index.html 腳本33 第4253行（檔案第4253行） ‖ index.html 腳本33 第4278行（檔案第4278行）｜函式 a28Lobby ‖ index.html 腳本33 第4286行（檔案第4286行）｜函式 a28Lobby,7,3,
T2378,3格生命 · 三段送信1500米,說明,孩子,E,3 格生命 · 三段送信 1500 米,數字與單位之間加空格,課堂中,1,index.html 腳本33 第4272行（檔案第4272行）｜函式 a28Objective｜欄位 ruins-courier,1,1,
T2379,3格生命 · 三座雲島及安全旗幟,說明,孩子,E,3 格生命 · 三座雲島及安全旗幟,數字與單位之間加空格,課堂中,1,index.html 腳本33 第4272行（檔案第4272行）｜函式 a28Objective｜欄位 cloud-island,1,1,
T2380,3格生命 · 三區編隊與守關,說明,孩子,E,3 格生命 · 三區編隊與守關,數字與量詞之間加空格，與其他卡片一致,課堂中,1,index.html 腳本33 第4272行（檔案第4272行）｜函式 a28Objective｜欄位 star-patrol,1,1,局部替換：「3格生命」→「3 格生命」
T2381,3格生命 · 深入60層,標籤,孩子,E,3 格生命 · 深入 60 層,數字與單位之間加空格,課堂中,1,index.html 腳本33 第4272行（檔案第4272行）｜函式 a28Objective｜欄位 lighthouse-well,1,1,
T2382,先5分、領先2分 · 最多7分,說明,孩子,AE,先得 5 分，或領先 2 分 · 最多 7 分,「先5分」不通順，數字寫法統一,課堂中,1,index.html 腳本33 第4272行（檔案第4272行）｜函式 a28Objective｜欄位 harbor-volley,1,1,
T2391,完成作品後，按「完成演出」結算,說明,孩子,A,完成作品後，按「完成演出」看成績,「結算」是術語,課堂中,1,index.html 腳本33 第4272行（檔案第4272行）｜函式 a28Objective｜欄位 forest-band,1,1,
T2392,3 次試行機會 · 完成 3 次運送,說明,孩子,E,3 格生命 · 完成 3 次運送,「機會」「生命」混用，統一為「生命」,課堂中,1,index.html 腳本33 第4272行（檔案第4272行）｜函式 a28Objective｜欄位 little-engineer,1,1,
T2393,3 次挑戰機會 · 過關不再扣幣,說明,孩子,E,3 格生命 · 過關不再扣金幣,「機會」「生命」混用，統一為「生命」,課堂中,1,index.html 腳本33 第4272行（檔案第4272行）｜函式 a28Objective,1,1,
T2398,學習街機館,說明,孩子,E,遊戲街機,同一區域有多個名稱，統一為「遊戲街機」,首頁,1,index.html 腳本33 第4279行（檔案第4279行）｜函式 a28Lobby,1,1,
T2399,看見下一個目標，完成一小段學習。,說明,孩子,B,先看目標，再學一小段。,口號式寫法「看見下一個目標」,首頁,1,index.html 腳本33 第4279行（檔案第4279行）｜函式 a28Lobby,1,1,
T2400,一個金幣，開啟一局新冒險。,說明,孩子,BE,一枚金幣，換一局新遊戲。,「開啟新冒險」口號式，「個金幣」量詞不當,首頁,1,index.html 腳本33 第4279行（檔案第4279行）｜函式 a28Lobby,1,1,
T2402,森林冒險封面插畫；真實玩法請查看街機預覽,圖片說明,孩子,E,森林冒險封面圖。真實玩法請看遊戲預覽。,「街機預覽」統一為「遊戲預覽」,首頁,1,index.html 腳本33 第4279行（檔案第4279行）｜函式 a28Lobby,1,1,
T2403,原有21款＋5款新街機 · 全部可預覽,標籤,孩子,E,原有 21 款，加 5 款新遊戲 · 全部可預覽,「新街機」統一為「新遊戲」，數字加空格,首頁,1,index.html 腳本33 第4279行（檔案第4279行）｜函式 a28Lobby,1,1,
T2405,"先看看全部遊戲與真實玩法預覽。登入才會保存學習、金幣及生命。${link('登入／建立帳戶','login','primary')}",說明,孩子,AE,"先看看全部遊戲和玩法預覽。登入後，才會儲存學習紀錄、金幣和生命。${link('登入／建立帳戶','login','primary')}",「保存」統一為「儲存」,首頁,1,index.html 腳本33 第4280行（檔案第4280行）｜函式 a28Lobby,1,1,局部替換：「先看看全部遊戲與真實玩法預覽。登入才會保存學習、金幣及生命。」→「先看看全部遊戲和玩法預覽。登入後，才會儲存學習紀錄、金幣和生命。」
T2409,已開放街機,說明,孩子,E,已開放遊戲,「街機」是機器，量詞與其他地方不一致，統一為「遊戲」,首頁,1,index.html 腳本33 第4281行（檔案第4281行）｜函式 a28Lobby,1,1,
T2411,/ 5 幣,說明,孩子,E,/ 5 金幣,貨幣名稱統一為「金幣」,首頁,1,index.html 腳本33 第4281行（檔案第4281行）｜函式 a28Lobby,1,0,
T2412,舊票尚有 ${c.migration.due} 幣待轉入；錢包有空位後會自動處理，不會丟失。,說明,孩子,AE,舊遊戲票還有 ${c.migration.due} 金幣未轉入。有空位後會自動轉入，不會丟失。,「錢包」「待轉入」是術語,首頁,1,index.html 腳本33 第4282行（檔案第4282行）｜函式 a28Lobby,1,1,
T2413,已投幣，不必再買,標題,孩子,BE,已投幣，不用再投,「不必再買」令人以為是買東西,首頁,1,index.html 腳本33 第4283行（檔案第4283行）｜函式 a28Lobby,1,1,
T2416,局面需要處理，金幣與其他遊戲紀錄仍保留。,說明,孩子,AD,這一局的進度有問題。金幣和其他遊戲紀錄仍保留。請家長先匯出備份。,「局面需要處理」不清楚，也沒說下一步,首頁,1,index.html 腳本33 第4283行（檔案第4283行）｜函式 a28Lobby,1,1,
T2417,${r.lives} 次生命／機會尚餘。中途離開不會重新加滿。,說明,孩子,AE,還剩 ${r.lives} 格生命。中途離開，生命不會補滿。,「生命／機會」混用，統一為「生命」,首頁,1,index.html 腳本33 第4283行（檔案第4283行）｜函式 a28Lobby,1,1,
T2418,取消未玩局 · 退 1 幣,按鈕,孩子,E,取消未玩的一局 · 退回 1 枚金幣,「退 1 幣」統一為「金幣」,首頁,1,index.html 腳本33 第4283行（檔案第4283行）｜函式 a28Lobby,1,1,
T2421,返回大堂或重開頁面不會重置。完成下一組新的有效學習任務，或請家長開放下一輪。,說明,兩者,AE,回到遊戲街機，或重新打開頁面，都不會重置。再完成一組新的學習，或請家長開放下一輪。,「大堂」「有效學習任務」是術語，句子太長,首頁,1,index.html 腳本33 第4284行（檔案第4284行）｜函式 a28Lobby,1,1,
T2424,再通過 ${next.words-n} 個學習項目複習，開放更多遊戲。,說明,孩子,A,再通過 ${next.words-n} 個複習，就開放更多遊戲。,孩子句長 16 字,首頁,1,index.html 腳本33 第4285行（檔案第4285行）｜函式 a28Lobby,1,1,
T2425,全部學習門檻已達成；繼續挑戰自己的紀錄。,說明,孩子,AD,全部遊戲都開放了。繼續挑戰自己的紀錄。,「學習門檻已達成」是行政用語,首頁,1,index.html 腳本33 第4285行（檔案第4285行）｜函式 a28Lobby,1,1,
T2426,目前街機已開放，包含家長提前開放的遊戲。,說明,兩者,A,現在開放的遊戲，包括家長提前開放的。,孩子句長 18 字,首頁,1,index.html 腳本33 第4285行（檔案第4285行）｜函式 a28Lobby,1,1,
T2427,不設遊玩倒數 · 不自動續幣,標籤,孩子,E,沒有倒數計時 · 不會自動再投幣,「不設遊玩倒數」「續幣」書面,首頁,1,index.html 腳本33 第4285行（檔案第4285行）｜函式 a28Lobby,1,1,
T2428,街機分類,無障礙標籤,孩子,E,遊戲分類,「街機」統一為「遊戲」,首頁,1,index.html 腳本33 第4286行（檔案第4286行）｜函式 a28Lobby,1,1,
T2432,${a28Coin()} 投 1 幣 · 看玩法,按鈕,孩子,E,${a28Coin()} 投 1 枚金幣 · 看玩法,「幣」統一為「金幣」,首頁,1,index.html 腳本33 第4287行（檔案第4287行）｜函式 a28Lobby,1,1,
T2435,三款旗艦遊戲共用的配色。只改外觀，不增加生命、不加速，不需要另外買幣。,說明,孩子,AE,三款主打遊戲共用的配色。只改外觀，不會多一格生命，也不會加速。不用另外付金幣。,「旗艦」「買幣」不自然,首頁,1,index.html 腳本33 第4288行（檔案第4288行）｜函式 a28Lobby,1,1,
T2441,完整完成一組不同的正式練習、小測或混合複習得 1 幣，每日首四組有獎勵；完成第三組額外加 1 幣，每日合計最多 5 幣。同一組當日不重複派幣；答錯不扣幣，也不因故意答錯多派幣。,說明,孩子,A,完成一組不同的練習、小測或混合複習，得 1 枚金幣。每日首四組有金幣。完成第三組，再多得 1 枚。每日最多 5 枚。同一組一天只得一次。答錯不會扣金幣。故意答錯也不會多得。,孩子句長 30 字，一句多條規則,首頁,1,index.html 腳本33 第4289行（檔案第4289行）｜函式 a28Lobby,1,1,
T2442,舊星星一比一保留為金幣。未用遊戲票一次折回相應額度；舊局面留在備份，但不當作免費生命。本版停用舊限時遊戲入口，保留既有學習與遊戲歷史。,說明,孩子,AE,舊的星星會一比一變成金幣。沒用完的遊戲票，會一次轉回金幣。舊的遊戲進度留在備份裏，但不會送你生命。這個版本不再用舊的限時遊戲入口，學習和遊戲的歷史紀錄都保留。,「星星」是舊貨幣名稱，一段太長,首頁,1,index.html 腳本33 第4289行（檔案第4289行）｜函式 a28Lobby,1,1,
T2443,首次看玩法與所有未解鎖預覽免費。技術失敗未開始可取消退幣；已開始可暫停保存，不會自動扣下一幣。本機資料並不是防作弊伺服器。,說明,孩子,ADE,第一次看玩法，和看沒解鎖遊戲的預覽，都是免費的。因為出錯而沒開始的一局，可以取消並退回金幣。已開始的一局可以暫停並儲存，不會自動再扣金幣。資料只存在這部裝置，不能防止作弊。,「技術失敗」「防作弊伺服器」是術語，「保存」統一,首頁,1,index.html 腳本33 第4289行（檔案第4289行）｜函式 a28Lobby,1,1,
T2445,實際遊戲画面,標籤,孩子,C,實際遊戲畫面,簡體字「画」,課堂中,1,index.html 腳本33 第4297行（檔案第4297行）｜函式 a28MakeThumb,1,1,字串片段（與其他片段拼接成一句，須成對修改）
T2446,預覽載入失敗，尚未扣幣。,說明,孩子,D,預覽載入失敗，沒有扣金幣。請再試一次。,沒說下一步,課堂中,1,index.html 腳本33 第4298行（檔案第4298行）｜函式 a28MakeThumb,1,1,
T2447,${m.name}唯讀玩法預覽,無障礙標籤,家長,A,${m.name}玩法預覽（只能看，不能玩）,「唯讀」是術語,首頁,1,index.html 腳本33 第4316行（檔案第4316行）,1,1,
T2448,真實引擎預覽 · 不扣幣 · 不可操作,說明,兩者,AD,真實玩法預覽 · 不扣金幣 · 只能看,「引擎」「不可操作」是術語,首頁,1,index.html 腳本33 第4316行（檔案第4316行）,1,1,
T2449,已解鎖，可隨時投幣。,說明,兩者,D,已解鎖。有金幣就可以開始。,沒有金幣時按鈕不能按，要說明怎樣才可以玩,首頁,1,index.html 腳本33 第4316行（檔案第4316行）,1,1,
T2452,先完成或結束那一局，才開另一部街機。,說明,兩者,A,先完成或結束那一局，才可以玩另一款遊戲。,「街機」量詞不一致，孩子句長 16 字,首頁,1,index.html 腳本33 第4316行（檔案第4316行）,1,1,
T2453,${a28Coin()} 確認投 1 幣開始,按鈕,兩者,E,${a28Coin()} 確認投 1 枚金幣，開始,「幣」統一為「金幣」,首頁,1,index.html 腳本33 第4316行（檔案第4316行）,1,1,
T2454,金幣 ${activeChild().stars} · 這輪已投 ${c.batch.used}/5 · 只扣一次，按開始才進入遊戲。,說明,兩者,A,金幣 ${activeChild().stars} · 這輪已投 ${c.batch.used}/5 · 金幣只扣一次，再按「開始」才進入遊戲。,「只扣一次」沒說扣甚麼，句子連續幾個條件,首頁,1,index.html 腳本33 第4316行（檔案第4316行）,1,1,
T2455,返回學習，向目標前進,連結,兩者,B,返回學習，解鎖更多遊戲,口號式「向目標前進」,首頁,1,index.html 腳本33 第4316行（檔案第4316行）,1,1,
T2456,預覽中的分數、生命和收集物不會寫入你的帳戶。,說明,家長,A,預覽裏的分數、生命和收集物，不會記在你的帳戶裏。,「寫入」是技術詞,首頁,1,index.html 腳本33 第4316行（檔案第4316行）,1,1,
T2458,目前有未儲存局面，請先保存。,錯誤,孩子,AE,有進度還沒儲存，請先儲存。,「局面」是術語，「保存／儲存」混用,課堂中,1,index.html 腳本33 第4351行（檔案第4351行）｜函式 a28Buy,1,1,
T2459,這部街機未開放。,錯誤,孩子,E,這款遊戲還沒開放。,「這部街機」量詞不一致,課堂中,1,index.html 腳本33 第4354行（檔案第4354行）｜函式 a28Buy,1,1,
T2460,未能儲存；未開始這一局，也沒有扣幣。,錯誤,孩子,D,儲存失敗，這一局沒有開始，也沒有扣金幣。請再試一次。,沒說下一步,課堂中,1,index.html 腳本33 第4361行（檔案第4361行）｜函式 a28Buy,1,1,
T2461,已保存投幣，請由大堂繼續：,狀態,孩子,E,已儲存投幣，請從遊戲街機繼續：,「保存」「大堂」統一,課堂中,1,index.html 腳本33 第4364行（檔案第4364行）｜函式 a28Buy,1,1,
T2464,家長已暫停這部街機,錯誤,兩者,E,家長已暫停這款遊戲,「這部街機」量詞不一致,課堂中,2,index.html 腳本33 第4368行（檔案第4368行）｜函式 a28Resume ‖ index.html 腳本33 第4392行（檔案第4392行）,3,2,
T2465,找不到已開始的局面，請保留備份，勿反覆重設生命。,錯誤,孩子,AB,找不到已開始的進度。請先備份，不要一直重設生命。,「局面」是術語，「勿」書面,課堂中,1,index.html 腳本33 第4371行（檔案第4371行）｜函式 a28Resume,1,1,
T2467,尚未儲存。請保留這個分頁並重試，或匯出備份。,錯誤,家長,BD,還沒儲存。請不要關閉這個分頁，再試一次，或先匯出備份。,「請保留」不清楚,少見,1,index.html 腳本33 第4380行（檔案第4380行）,1,1,
T2468,遊戲身份已改變,錯誤,兩者,AD,帳戶或遊戲已改變，請重新進入。,「遊戲身份」是術語，沒說下一步,少見,1,index.html 腳本33 第4392行（檔案第4392行）,1,1,
T2469,局面需要修復，不能重設生命繼續,錯誤,兩者,AD,這一局的進度有問題，不能重設生命繼續。請家長先匯出備份。,「局面需要修復」是術語，沒說下一步,少見,1,index.html 腳本33 第4395行（檔案第4395行）,1,1,
T2470,蜜糖偏離杯子，失去一次機會。,說明,孩子,E,蜜糖沒有落進杯子，失去 1 格生命。,「機會」「生命」混用,課堂中,1,index.html 腳本33 第4405行（檔案第4405行）｜函式 a28RulesTick,1,1,
T2474,三次機會已用完。可以回大堂，或投下一幣再挑戰。,說明,孩子,E,生命用完了。可以回到遊戲街機，或再投 1 枚金幣挑戰。,「三次機會」「投下一幣」不自然,課堂中,1,index.html 腳本33 第4410行（檔案第4410行）｜函式 a28RulesTick,1,1,
T2475,畫面暫時停頓，已暫停；沒有扣生命或再扣幣。,說明,兩者,A,畫面停了一會，遊戲已暫停。沒有扣生命，也沒有再扣金幣。,一句多個意思,首頁,1,index.html 腳本33 第4417行（檔案第4417行）,1,1,
T2477,${l} 次生命／機會,標籤,孩子,E,${l} 格生命,「生命／機會」混用,課堂中,1,index.html 腳本33 第4427行（檔案第4427行）｜函式 a28HUD,1,1,
T2480,繼續你的街機冒險,標題,兩者,BE,繼續你的遊戲,口號式「街機冒險」，與其他處統一,首頁,1,index.html 腳本33 第4434行（檔案第4434行）,1,1,
T2481,局面及尚餘生命保留；請從大堂重新接續。,說明,兩者,A,進度和剩下的生命都保留了。請從遊戲街機重新繼續。,「局面」「接續」是術語或書面,首頁,1,index.html 腳本33 第4434行（檔案第4434行）,1,1,
T2482,前往街機大堂,連結,兩者,E,前往遊戲街機,「街機大堂」統一為「遊戲街機」,首頁,1,index.html 腳本33 第4434行（檔案第4434行）,1,1,
T2484,獨立測試 · 不改正式錢包,說明,兩者,AE,測試用 · 不影響正式金幣,「獨立」「錢包」是術語,首頁,1,index.html 腳本33 第4436行（檔案第4436行）,1,1,
T2485,WORDQUEST ARCADE · 已投 1 幣,標籤,兩者,E,遊戲街機 · 已投 1 枚金幣,英文名稱與「幣」統一,首頁,1,index.html 腳本33 第4436行（檔案第4436行）,1,1,
T2489,保存並返回,按鈕,兩者,E,儲存並返回,「保存」統一為「儲存」,首頁,1,index.html 腳本33 第4436行（檔案第4436行）,2,1,
T2490,放大／還原,按鈕,家長,E,放大／縮小,「還原」只用於備份，這裏改為「縮小」,首頁,1,index.html 腳本33 第4436行（檔案第4436行）,1,1,
T2492,已投幣。生命用完或任務完成才結算，沒有遊玩倒數。,說明,兩者,A,已投幣。生命用完，或完成任務，才算一局結束。沒有倒數計時。,孩子句長 18 字，「結算」是術語,首頁,1,index.html 腳本33 第4441行（檔案第4441行）,1,1,
T2494,已保存，稍休一下,說明,兩者,E,已儲存，休息一下,「保存」統一為「儲存」,首頁,2,index.html 腳本33 第4442行（檔案第4442行） ‖ index.html 腳本33 第6336行（檔案第6336行）｜函式 decorate,2,2,
T2495,回來時保留原本局面與生命，不再扣幣。,說明,兩者,A,回來時，進度和生命都保留，不會再扣金幣。,「局面」是術語,首頁,1,index.html 腳本33 第4442行（檔案第4442行）,1,1,
T2497,尚有 ${r.lives} 次機會,標籤,兩者,E,還有 ${r.lives} 格生命,「機會」「生命」混用,首頁,1,index.html 腳本33 第4444行（檔案第4444行）,1,1,
T2499,再試一次 · 不扣幣,按鈕,兩者,E,再試一次 · 不扣金幣,「幣」統一為「金幣」,首頁,1,index.html 腳本33 第4444行（檔案第4444行）,1,1,
T2502,再投 1 幣,按鈕,兩者,E,再投 1 枚金幣,貨幣名稱統一為「金幣」，加量詞,首頁,1,index.html 腳本33 第4445行（檔案第4445行）,1,1,
T2504,已暫停，請先處理儲存,說明,兩者,D,已暫停。請家長檢查瀏覽器的儲存設定。,「處理儲存」太含糊,首頁,1,index.html 腳本33 第4446行（檔案第4446行）,1,1,
T2505,保留目前分頁及備份。,說明,家長,AD,請不要關閉這個分頁，並先備份。,「保留目前分頁及備份」不清楚,首頁,1,index.html 腳本33 第4446行（檔案第4446行）,2,1,
T2506,返回大堂,按鈕,兩者,E,返回遊戲街機,「大堂」統一為「遊戲街機」,首頁,1,index.html 腳本33 第4447行（檔案第4447行）,2,1,
T2508,這輪已投 ${a28Child().batch.used}/5 幣；不會自動續幣。,說明,兩者,E,這輪已投 ${a28Child().batch.used}/5 枚金幣，不會自動再投。,「幣」「續幣」統一,首頁,1,index.html 腳本33 第4447行（檔案第4447行）,1,1,
T2509,重開本關（用一次機會）,說明,兩者,E,重開本關（用 1 格生命）,「機會」「生命」混用,首頁,1,index.html 腳本33 第4453行（檔案第4453行）,1,1,
T2510,重開本關會用去一次機會。繼續？,確認框,孩子,E,重開本關會用掉 1 格生命。要繼續嗎？,「機會」「生命」混用,課堂中,1,index.html 腳本33 第4478行（檔案第4478行）｜函式 a28Tool,1,1,
T2511,已重開本關，使用一次機會。,說明,孩子,E,已重開本關，用了 1 格生命。,「機會」「生命」混用,課堂中,1,index.html 腳本33 第4478行（檔案第4478行）｜函式 a28Tool,1,1,
T2513,免費再驗收一次。,提示,孩子,A,免費再檢查一次。,「驗收」是術語，統一為「檢查」,課堂中,1,index.html 腳本33 第4481行（檔案第4481行）｜函式 a28Tool,1,1,補丁引用：patches/p20_engines.py 含此文字（可能是錨點或R3.4自己的字串）
T2514,下次驗收不通過，會用去一次機會。,提示,孩子,AE,下次檢查不通過，會用掉 1 格生命。,「驗收」「機會」統一,課堂中,1,index.html 腳本33 第4481行（檔案第4481行）｜函式 a28Tool,1,1,補丁引用：patches/p20_engines.py 含此文字（可能是錨點或R3.4自己的字串）
T2515,彩球驗收三次未通過，使用一次機會。,說明,孩子,AE,彩球檢查三次都不通過，用了 1 格生命。,「驗收」「機會」統一,課堂中,1,index.html 腳本33 第4481行（檔案第4481行）｜函式 a28Tool,1,1,補丁引用：patches/p20_engines.py 含此文字（可能是錨點或R3.4自己的字串）
T2517,未能儲存，未開始新生命。,錯誤,孩子,D,儲存失敗，沒有使用新的生命。請再試一次。,沒說下一步,課堂中,1,index.html 腳本33 第4520行（檔案第4520行）｜函式 a28Advance,1,1,
T2518,取消完全未開始的一局，退回一個金幣？,確認框,孩子,AE,要取消還沒開始的這一局，並退回 1 枚金幣嗎？,孩子句長 16 字，「個金幣」量詞不當,課堂中,1,index.html 腳本33 第4528行（檔案第4528行）｜函式 a28Refund,1,1,
T2519,未能儲存，未有退幣。,錯誤,孩子,D,儲存失敗，金幣沒有退回。請再試一次。,沒說下一步,課堂中,1,index.html 腳本33 第4528行（檔案第4528行）｜函式 a28Refund,1,1,
T2520,結束這一局，不退回已用的金幣。下次重新投幣才開始新局。繼續？,確認框,孩子,A,要結束這一局嗎？已用的金幣不會退回。下次要再投幣，才開始新的一局。,一句多個意思，先問後說,課堂中,1,index.html 腳本33 第4529行（檔案第4529行）｜函式 a28End,1,1,
T2521,未能儲存，這一局仍保留。,狀態,孩子,D,儲存失敗，這一局仍保留。請再試一次。,沒說下一步,課堂中,1,index.html 腳本33 第4529行（檔案第4529行）｜函式 a28End,1,1,
T2522,學習成果與金幣分開記錄；答錯不扣幣。,說明,兩者,E,學習成果和金幣分開記錄。答錯不會扣金幣。,「扣幣」統一為「扣金幣」,首頁,1,index.html 腳本33 第4547行（檔案第4547行）,1,1,
T2524,今日透過有效任務取得 ${d.earned}/5 幣。${a28LastAward?.owner===a28Own()&&a28LastAward.sessionId===db.session?.id&&a28LastAward.award?`這次 +${a28LastAward.award} 幣。`:''},說明,兩者,E,今天完成學習，已得 ${d.earned}/5 枚金幣。${a28LastAward?.owner===a28Own()&&a28LastAward.sessionId===db.session?.id&&a28LastAward.award?`這次 +${a28LastAward.award} 幣。`:''},「幣」統一為「金幣」，「有效任務」是術語,首頁,1,index.html 腳本33 第4547行（檔案第4547行）,1,1,局部替換：「今日透過有效任務取得 」→「今天完成學習，已得 」 ‖ 「/5 幣。${a28LastAward?」→「/5 枚金幣。${a28LastAward?」
T2525,這次 +${a28LastAward.award} 幣。,標籤,兩者,E,這次得 ${a28LastAward.award} 枚金幣。,貨幣名稱統一為「金幣」，不用「+」符號,首頁,1,index.html 腳本33 第4547行（檔案第4547行）,1,1,
T2529,看看街機與下一個目標,連結,兩者,E,看看遊戲和下一個目標,「街機」統一為「遊戲」,首頁,1,index.html 腳本33 第4547行（檔案第4547行）,1,1,
T2530,WORDQUEST ARCADE · 家長,標題,家長,E,遊戲街機 · 家長,英文名稱統一,首頁,1,index.html 腳本33 第4550行（檔案第4550行）,1,1,
T2531,金幣與街機設定,標題,兩者,E,金幣與遊戲設定,「街機設定」統一為「遊戲設定」,首頁,1,index.html 腳本33 第4550行（檔案第4550行）,1,1,
T2532,一幣一局；不設遊玩倒數。每輪最多五次投幣，完成新的有效學習任務才可開下一輪，或由你確認開放。,說明,兩者,AB,每局 1 枚金幣，沒有倒數計時。每輪最多投幣五次。要再完成新的學習，才能開下一輪，或由你確認開放。,「一幣一局」口號式，孩子句長 31 字,首頁,1,index.html 腳本33 第4550行（檔案第4550行）,1,1,
T2533,街機狀態,標籤,兩者,E,遊戲狀態,「街機」統一為「遊戲」,首頁,1,index.html 腳本33 第4550行（檔案第4550行）,1,1,
T2537,難度在下一次投幣生效，不能中途切換以重置生命。暫停後仍保留局面。,說明,兩者,A,難度會在下一次投幣時生效。不能中途切換難度來重設生命。暫停後，進度仍保留。,「局面」「重置」是術語,首頁,1,index.html 腳本33 第4550行（檔案第4550行）,1,1,
T2538,逐款遊戲權限（未開放仍有預覽）,標題,兩者,A,每款遊戲的開放設定（沒開放的，也可以預覽）,「逐款遊戲權限」是術語,首頁,1,index.html 腳本33 第4550行（檔案第4550行）,1,1,
T2541,返回街機大堂,連結,兩者,E,返回遊戲街機,「街機大堂」統一為「遊戲街機」,首頁,1,index.html 腳本33 第4550行（檔案第4550行）,1,1,
T2542,固定派幣規則,標題,兩者,A,金幣獎勵規則,「固定派幣」是行政用語,首頁,1,index.html 腳本33 第4550行（檔案第4550行）,1,1,
T2543,每完整完成一組不同的練習、小測或混合複習 +1 幣，每日首四組有獎勵。完成第三組另 +1 幣；合計最多五幣。同組當日不重複。只看字卡不派幣，完成至少三個作答項目（教材不足三個按實際題量）才算一組；技術跳題不算完整作答。拼讀五題小測共用同一上限。,說明,兩者,A,完整完成一組不同的練習、小測或混合複習，得 1 枚金幣。每日首四組有金幣。完成第三組，再多得 1 枚。每日最多 5 枚。同一組一天只計一次。只看字卡沒有金幣。一組要完成至少三個作答項目；教材不足三個，就按實際題數。因技術問題跳過的題目，不算完整作答。拼讀五題小測也計入同一個上限。,一段包含十多條規則，拆成短句,首頁,1,index.html 腳本33 第4550行（檔案第4550行）,1,1,
T2544,訂正不額外派幣，避免故意答錯。答題分數不影響完成獎勵；獨立掌握仍使用原有嚴格判定。單次拼字家族少於三個字不另外派幣，完整混合複習才有。,說明,兩者,AE,訂正不會多給金幣，免得孩子故意答錯。金幣只看有沒有完成，不看分數。「自己掌握」的判斷，仍用原來較嚴格的標準。單次拼字家族少於三個字，沒有金幣。完整的混合複習才有。,「派幣」「獨立掌握」是術語，一段太長,首頁,1,index.html 腳本33 第4550行（檔案第4550行）,1,1,
T2545,可用 ${activeChild().stars} 幣 · 本輪 ${c.batch.used}/5 · 今日 ${d.earned}/5。金幣不逾期。,說明,兩者,E,可用 ${activeChild().stars} 金幣 · 本輪 ${c.batch.used}/5 · 今日 ${d.earned}/5。金幣不會過期。,「幣」統一為「金幣」，「不逾期」書面,首頁,1,index.html 腳本33 第4550行（檔案第4550行）,1,1,
T2546,最近交易,標題,家長,A,最近的金幣紀錄,「交易」令人以為是真錢交易,首頁,1,index.html 腳本33 第4550行（檔案第4550行）,1,1,
T2547,${e.amount>0?'+':''}${e.amount} 幣,說明,兩者,E,${e.amount>0?'+':''}${e.amount} 金幣,貨幣名稱統一為「金幣」,首頁,1,index.html 腳本33 第4550行（檔案第4550行）,1,1,局部替換：「${e.amount} 幣」→「${e.amount} 金幣」
T2548,未有交易。,說明,家長,A,未有金幣紀錄。,「交易」令人以為是真錢交易,首頁,1,index.html 腳本33 第4550行（檔案第4550行）,1,1,
T2549,家長密碼只作本機操作確認，並不是伺服器端安全授權。請定期備份，不要讓孩子使用測試版。,說明,家長,AB,家長密碼只用來在這部裝置上確認身份，不是網上的安全驗證。請定期備份。不要讓孩子用測試版。,「伺服器端安全授權」是術語，「並不是」書面,首頁,1,index.html 腳本33 第4550行（檔案第4550行）,1,1,
T2550,街機設定已儲存。,狀態,家長,E,遊戲設定已儲存。,「街機設定」統一為「遊戲設定」,家長頁,1,index.html 腳本33 第4552行（檔案第4552行）｜函式 a28SaveSettings,1,1,
T2551,舊限時遊戲已退役，請從街機大堂投幣。,狀態,兩者,AE,舊的限時遊戲已經停用。請到遊戲街機投幣。,「退役」「街機大堂」是書面或術語,首頁,1,index.html 腳本33 第4555行（檔案第4555行）,1,1,
T2552,此舊遊戲入口已升級,標題,兩者,B,這個舊遊戲入口已更新,「此」書面,首頁,1,index.html 腳本33 第4557行（檔案第4557行）,1,1,
T2553,舊時間票會一次轉回相應金幣，原紀錄保留。,說明,兩者,A,舊的時間票，會一次轉回金幣。原有紀錄保留。,孩子句長 18 字,首頁,1,index.html 腳本33 第4557行（檔案第4557行）,1,1,
T2554,前往新版街機大堂,連結,兩者,E,前往遊戲街機,「新版街機大堂」統一為「遊戲街機」,首頁,1,index.html 腳本33 第4557行（檔案第4557行）,1,1,
T2555,需還原完整局面；不會免費重置生命。,說明,家長,A,要先還原完整的進度，不會免費重設生命。,「局面」是術語,首頁,1,index.html 腳本33 第4561行（檔案第4561行）｜欄位 children.run.error,1,1,
T2556,舊版遊戲歷史（已退役）,說明,兩者,BE,舊版遊戲紀錄（已停用）,「歷史」「退役」書面,首頁,1,index.html 腳本33 第4568行（檔案第4568行）,1,1,
T2557,以下只保留舊版票券歷史；未用額度在 V28 首次升級時一次轉回金幣。,說明,兩者,A,以下是舊版遊戲票的紀錄。沒用完的部分，已在更新時一次轉回金幣。,「票券」「額度」是術語，版本號是開發用語,首頁,1,index.html 腳本33 第4568行（檔案第4568行）,1,1,
T2558,新版金幣街機,標題,兩者,E,遊戲街機,「新版金幣街機」統一為「遊戲街機」,首頁,1,index.html 腳本33 第4570行（檔案第4570行）,1,1,
T2559,26 部街機、全彩預覽、一幣一局與家長設定。,說明,家長,B,26 款遊戲、全彩預覽、每局 1 枚金幣，和家長設定。,「一幣一局」口號式，量詞不一致,首頁,1,index.html 腳本33 第4570行（檔案第4570行）,1,1,
T2560,管理金幣與街機,連結,兩者,E,管理金幣與遊戲,「街機」統一為「遊戲」,首頁,1,index.html 腳本33 第4570行（檔案第4570行）,1,1,
T2563,已開放下一輪，沒有額外派幣。,狀態,兩者,A,已開放下一輪，沒有多給金幣。,「派幣」是行政用語,首頁,1,index.html 腳本33 第4592行（檔案第4592行）,1,1,
T2564,${s.title}：通過 ${s.words} 項複習開放。只改三款旗艦遊戲外觀，不會增加生命。,提示,兩者,AE,${s.title}：通過 ${s.words} 項複習後開放。只改三款主打遊戲的外觀，不會多一格生命。,「旗艦」不自然，孩子句長 16 字,首頁,1,index.html 腳本33 第4595行（檔案第4595行）,1,1,
T2566,管理員測試登入,說明,家長,E,測試帳戶登入,「管理員」「Admin」混用,首頁,2,index.html 腳本33 第4617行（檔案第4617行）｜函式 wq29AdminLink ‖ index.html 腳本33 第4628行（檔案第4628行）,3,2,
T2567,WORDQUEST ARCADE · 26 款遊戲,標題,孩子,E,遊戲街機 · 26 款遊戲,英文名稱統一,首頁,1,index.html 腳本33 第4620行（檔案第4620行）｜函式 wq29Portal,1,1,
T2569,Admin 已登入。全部開放模式可免費試玩；切換正常規則，可測試金幣與解鎖。,說明,孩子,E,已用測試帳戶登入。「全部開放」可以免費試玩。切換成正常規則，可測試金幣和解鎖。,「Admin」統一為「測試帳戶」,首頁,1,index.html 腳本33 第4620行（檔案第4620行）｜函式 wq29Portal,1,1,
T2572,桌面用鍵盤 · 手機用觸控按鈕 · 訪客可免費看玩法預覽,說明,孩子,AC,電腦用鍵盤 · 手機用觸控 · 訪客可免費看玩法預覽,「桌面」不是香港用語，句子偏長,首頁,1,index.html 腳本33 第4620行（檔案第4620行）｜函式 wq29Portal,1,1,
T2574,獨立測試環境,標題,兩者,AE,測試專用環境,「獨立」難明,首頁,2,index.html 腳本33 第4624行（檔案第4624行） ‖ index.html 腳本33 第4640行（檔案第4640行）,3,2,
T2577,開啟遊戲街機,連結,兩者,E,進入遊戲街機,「開啟」「進入」統一,首頁,1,index.html 腳本33 第4624行（檔案第4624行）,1,1,
T2579,LOCAL SANDBOX · 測試資料獨立保存,標題,兩者,AE,測試專用 · 資料另外儲存,「LOCAL SANDBOX」是英文術語，「保存」統一,首頁,1,index.html 腳本33 第4625行（檔案第4625行）,1,1,
T2580,Admin 管理員測試登入,標題,家長,E,測試帳戶登入,「Admin 管理員」混用,首頁,1,index.html 腳本33 第4625行（檔案第4625行）,1,1,
T2582,測試帳號,說明,兩者,CE,測試帳戶,「帳號」統一為「帳戶」,首頁,1,index.html 腳本33 第4625行（檔案第4625行）,5,1,
T2584,帳號,標籤,兩者,CE,帳戶,「帳號」統一為「帳戶」,首頁,2,index.html 腳本33 第4625行（檔案第4625行） ‖ index.html 腳本33 第4907行（檔案第4907行）｜函式 l30AfterRender,9,1,
T2586,登入 Admin 測試中心,按鈕,兩者,E,登入測試中心,「Admin」統一為「測試」,首頁,1,index.html 腳本33 第4625行（檔案第4625行）,1,1,
T2587,先看遊戲大堂,連結,兩者,E,先看遊戲街機,「遊戲大堂」統一為「遊戲街機」,首頁,1,index.html 腳本33 第4625行（檔案第4625行）,1,1,
T2589,首次附 50 個測試金幣。預設全部開放、遊戲免費；也可改用正常規則。測試資料、相片與音檔使用獨立儲存名稱，不會自動讀入孩子的正式紀錄。這不是雲端管理員；請勿匯入真實孩子資料。,說明,家長,AB,第一次登入送 50 枚測試金幣。預設全部開放、遊戲免費，也可以改用正常規則。測試用的資料、相片和音檔，另外儲存，不會自動進入孩子的正式紀錄。這不是雲端後台。請不要匯入真實孩子的資料。,「首次附」「雲端管理員」「請勿」書面,首頁,1,index.html 腳本33 第4625行（檔案第4625行）,1,1,
T2593,只操作測試帳戶，不會替孩子填造學習成績。,說明,兩者,A,只操作測試帳戶，不會改動孩子的學習成績。,「填造」不自然，孩子句長 18 字,首頁,1,index.html 腳本33 第4630行（檔案第4630行）,1,1,
T2595,正常規則 · 測試錢包,說明,兩者,E,正常規則 · 測試金幣,「錢包」統一為「金幣」,首頁,1,index.html 腳本33 第4630行（檔案第4630行）,1,1,
T2597,測試扣幣、解鎖與五局上限,說明,兩者,E,測試扣金幣、解鎖和五局上限,「扣幣」統一為「扣金幣」,首頁,1,index.html 腳本33 第4630行（檔案第4630行）,1,1,
T2598,不收金幣，不受五局上限限制；遊戲本身仍有生命與過關條件。造型也可直接試用。,說明,兩者,A,不收金幣，也沒有五局上限。遊戲本身仍有生命和過關條件。造型可以直接試用。,「不受…限制」書面,首頁,1,index.html 腳本33 第4630行（檔案第4630行）,1,1,
T2599,一幣一局，仍須符合學習門檻。可到遊戲設定提前開放或重置下一輪。,說明,兩者,AB,每局 1 枚金幣，仍要先達到學習門檻。可以在遊戲設定提前開放，或重設下一輪。,「一幣一局」口號式，「須」書面,首頁,1,index.html 腳本33 第4630行（檔案第4630行）,1,1,
T2603,增加 20 個測試金幣,按鈕,兩者,E,增加 20 枚測試金幣,「個」量詞不當，統一為「枚」,首頁,1,index.html 腳本33 第4630行（檔案第4630行）,1,1,
T2608,確認投 1 幣開始,標籤,兩者,E,確認投 1 枚金幣，開始,「幣」統一為「金幣」,首頁,1,index.html 腳本33 第4630行（檔案第4630行）,2,1,
T2619,外部 OCR 或語音仍需相應網絡、裝置及權限。開放入口不代表這些服務已完成真機驗收。,說明,家長,A,OCR 或語音功能，仍需要網絡、合適的裝置和權限。入口開放，不代表這些功能已在真機上測試過。,「驗收」「相應」是術語或書面,首頁,1,index.html 腳本33 第4630行（檔案第4630行）,1,1,
T2620,只重設 Admin 測試帳戶的教材、答題、金幣和遊戲資料；不刪除正式帳戶。,說明,兩者,AE,只會重設測試帳戶的教材、答題、金幣和遊戲資料，不會刪除正式帳戶。,孩子句長 19 字，「Admin」統一,首頁,1,index.html 腳本33 第4630行（檔案第4630行）,1,1,
T2625,Admin 登入,連結,兩者,C,測試帳戶登入,「Admin」令人誤會是管理員，改為測試帳戶,首頁,1,index.html 腳本33 第4637行（檔案第4637行）,2,1,
T2630,帳號 Admin ／ 密碼 1234,標籤,家長,CE,帳戶 Admin ／ 密碼 1234,「帳號」統一為「帳戶」,首頁,2,index.html 腳本33 第4640行（檔案第4640行） ‖ index.html 腳本33 第4641行（檔案第4641行）,2,2,
T2632,V29 測試版,標籤,兩者,A,測試版,版本號是開發用語，不應給孩子和家長看到,首頁,1,index.html 腳本33 第4642行（檔案第4642行）,1,1,
T2633,V29 街機版,標籤,兩者,E,遊戲街機,版本號是開發用語；與 T2373 一致,首頁,1,index.html 腳本33 第4642行（檔案第4642行）,1,1,
T2636,WordQuest V29 · ${WQ_TEST_MODE?'獨立本機測試環境；請勿放入真實孩子資料。':'資料只保存在此瀏覽器，沒有雲端同步。'} 遊戲入口與管理員測試更新。,說明,家長,A,WordQuest · ${WQ_TEST_MODE?'獨立本機測試環境；請勿放入真實孩子資料。':'資料只保存在此瀏覽器，沒有雲端同步。'} 遊戲入口和測試帳戶已更新。,版本號是開發用語,首頁,1,index.html 腳本33 第4648行（檔案第4648行）,1,1,局部替換：「WordQuest V29 · 」→「WordQuest · 」 ‖ 「 遊戲入口與管理員測試更新。」→「 遊戲入口和測試帳戶已更新。」
T2637,獨立本機測試環境；請勿放入真實孩子資料。,說明,兩者,AE,這是測試專用環境。請不要放入真實孩子的資料。,「獨立」「請勿」書面,首頁,1,index.html 腳本33 第4648行（檔案第4648行）,1,1,
T2638,資料只保存在此瀏覽器，沒有雲端同步。,說明,兩者,AE,資料只存在這個瀏覽器，不會上載到雲端。,「保存」「同步」統一,首頁,1,index.html 腳本33 第4648行（檔案第4648行）,1,1,
T2639,Admin 全部開放：不扣金幣，不受五局上限限制。,說明,兩者,E,測試模式（全部開放）：不扣金幣，也沒有五局上限。,「Admin」統一為「測試」,首頁,1,index.html 腳本33 第4656行（檔案第4656行）,1,1,
T2640,這個帳戶名稱不能使用，請改用自己建立的家庭帳戶。,狀態,兩者,A,不能用這個帳戶名稱。請用你自己建立的家庭帳戶。,孩子句長 22 字,首頁,1,index.html 腳本33 第4662行（檔案第4662行）,1,1,
T2641,先保存目前進度，再切換測試環境。,狀態,兩者,E,先儲存目前的進度，再切換測試環境。,「保存」統一為「儲存」,首頁,1,index.html 腳本33 第4669行（檔案第4669行）,1,1,
T2642,請先登入有編輯權的 Admin 測試帳戶。,狀態,家長,A,請先登入測試帳戶，並確定這個分頁可以編輯。,「編輯權」是術語,首頁,1,index.html 腳本33 第4673行（檔案第4673行）,1,1,
T2644,未能更改測試模式。,狀態,兩者,D,測試模式沒有改到。請再試一次。,沒說下一步,首頁,1,index.html 腳本33 第4677行（檔案第4677行）,1,1,
T2645,只增加了測試帳戶的 20 個金幣。,狀態,兩者,E,只增加了測試帳戶的 20 枚金幣。,「個」量詞不當,首頁,1,index.html 腳本33 第4680行（檔案第4680行）,1,1,
T2649,登入後可以保存進度和金幣。未登入仍可查看單元及圖片。,說明,孩子,E,登入後可以儲存進度和金幣。未登入仍可看單元和圖片。,「保存」統一為「儲存」,首頁,1,index.html 腳本33 第4711行（檔案第4711行）｜函式 l30Gate,1,1,
T2651,請先登入，才可以保存學習。,說明,孩子,E,請先登入，才可以儲存學習紀錄。,「保存」統一為「儲存」,課堂中,2,index.html 腳本33 第4713行（檔案第4713行）｜函式 l30Commit ‖ index.html 腳本33 第5012行（檔案第5012行）｜函式 l31Commit,2,2,
T2652,家長確認已到期，請重新確認。,狀態,兩者,E,家長確認已過期，請重新確認。,「到期」「過期」統一為「過期」,課堂中,1,index.html 腳本33 第4714行（檔案第4714行）｜函式 l30Commit,1,1,
T2653,孩子已切換，操作未套用。,錯誤,孩子,A,已換了孩子，這個操作沒有生效。,「套用」是術語,課堂中,1,index.html 腳本33 第4716行（檔案第4716行）｜函式 l30Commit,1,1,
T2654,未能儲存,錯誤,孩子,D,儲存失敗，請再試一次,沒說下一步,課堂中,2,index.html 腳本33 第4716行（檔案第4716行）｜函式 l30Commit ‖ index.html 腳本33 第5015行（檔案第5015行）｜函式 l31Commit,26,2,
T2656,資料已保存，但畫面未能更新。請重新開啟此頁。,說明,孩子,AE,資料已儲存，但畫面還沒更新。請重新打開這個頁面。,「保存」統一，「開啟此頁」書面,課堂中,2,index.html 腳本33 第4719行（檔案第4719行）｜函式 l30Commit ‖ index.html 腳本33 第5019行（檔案第5019行）｜函式 l31Commit,2,2,
T2657,畫面未能更新，請先保留本頁並重試。,說明,孩子,AD,畫面還沒更新。請先不要關閉這個頁面，再試一次。,「保留本頁」不清楚,課堂中,1,index.html 腳本33 第4719行（檔案第4719行）｜函式 l30Commit,1,1,
T2658,尚有未儲存的答案，請先重試儲存，暫時不要關閉頁面。,狀態,孩子,A,答案還沒儲存。請再試一次，先不要關閉頁面。,孩子句長 22 字,課堂中,1,index.html 腳本33 第4722行（檔案第4722行）｜函式 l30Checkpoint,1,1,
T2674,WORDQUEST · 學一點，進步一點,標題,兩者,E,WordQuest · 學一點，進步一點,品牌寫法統一為「WordQuest」,首頁,1,index.html 腳本33 第4750行（檔案第4750行）,1,1,
T2683,先學 ${d.assignment?.count||L30.pace(c?.grade||1)} 個詞語，認識意思，再試一試自己串字。,說明,兩者,A,先學 ${d.assignment?.count||L30.pace(c?.grade||1)} 個詞語，認識意思。再自己串字試一試。,孩子句長 17 字,首頁,1,index.html 腳本33 第4751行（檔案第4751行）,1,1,
T2689,已認識 ${m.seen} 項 · ${m.delayed} 項通過延後重溫。答錯不扣金幣。,說明,兩者,AE,已認識 ${m.seen} 項 · ${m.delayed} 項已通過隔日複習。答錯不扣金幣。,「延後重溫」是術語,首頁,1,index.html 腳本33 第4753行（檔案第4753行）,1,1,
T2692,每個按鈕只做一件事，選一種就可以開始。,說明,兩者,A,每個按鈕只做一件事。選一種就可以開始。,孩子句長 17 字,首頁,1,index.html 腳本33 第4754行（檔案第4754行）,1,1,
T2699,上次的題目、答案草稿及進度已保留，不需要重新開始。,說明,兩者,A,上次的題目、答案草稿和進度都保留了。不用重新開始。,孩子句長 22 字,首頁,1,index.html 腳本33 第4756行（檔案第4756行）,1,1,
T2703,60 個拼字單元＋20 個生活主題。先看圖義，再選字塊、拼字、聽寫。,說明,兩者,AE,60 個拼字單元，加 20 個生活主題。先看圖認意思，再選字塊、串字、聽寫。,「圖義」「拼字」用詞不一,首頁,1,index.html 腳本33 第4758行（檔案第4758行）,1,1,
T2705,26 款非暴力遊戲 · 每局 1 金幣。未解鎖的也可以看預覽。,說明,兩者,E,26 款非暴力遊戲 · 每局 1 枚金幣。沒解鎖的，也可以看預覽。,「金幣」量詞統一,首頁,1,index.html 腳本33 第4759行（檔案第4759行）,1,1,
T2725,內容已作程式及文字校對，尚未經真人教師逐題簽核。聲音使用裝置英語語音，不是教師錄音；暫不能用來評核孩子發音。,說明,孩子,A,內容已經過程式和文字校對，但還沒有教師逐題審核。聲音是裝置的英語語音，不是教師錄音，不能用來評核孩子的發音。,「簽核」「暫不能」書面，句子太長,課堂中,1,index.html 腳本33 第4771行（檔案第4771行）｜函式 l30Classroom,1,1,
T2733,找到 ${units.length} 個單元 · 沒有時間壓力，按需要分次學。,說明,孩子,A,找到 ${units.length} 個單元 · 不用趕時間，可以分幾次學。,孩子句長 17 字,課堂中,1,index.html 腳本33 第4773行（檔案第4773行）｜函式 l30Classroom,1,1,
T2740,${words.length} 個詞形／義項,標籤,孩子,A,${words.length} 個詞語,「詞形／義項」是術語,課堂中,1,index.html 腳本33 第4779行（檔案第4779行）｜函式 l30Unit,1,1,
T2742,每次選少量：認識意思 → 選英文 → 試串字 → 訂正。看到答案後再串對，會記作練習，不當作隔日掌握。,說明,孩子,A,每次學少量：認識意思 → 選英文 → 試串字 → 訂正。看過答案才串對，只算練習，不算隔日掌握。,孩子句長 20 字,課堂中,1,index.html 腳本33 第4780行（檔案第4780行）｜函式 l30Unit,1,1,
T2746,自動優先安排尚未練過、或最近需要重溫的詞。可以隨時暫停。,說明,孩子,A,會先安排沒練過的詞，或最近要重溫的詞。可以隨時暫停。,孩子句長 19 字,課堂中,1,index.html 腳本33 第4780行（檔案第4780行）｜函式 l30Unit,1,1,
T2748,只顯示這組詞真正適合的模式；不是每一組都硬套相同玩法。,說明,孩子,B,只顯示適合這組詞的玩法。不是每一組都用同一種玩法。,「硬套」口語化，句子偏書面,課堂中,1,index.html 腳本33 第4781行（檔案第4781行）｜函式 l30Unit,1,1,
T2750,看到英文會記為「看過答案」。抽象詞沒有合適圖片時用文字情境，不隨便配圖。,說明,孩子,A,看到英文，就會記為「看過答案」。抽象的詞沒有合適的圖，就用文字情境，不亂配圖。,孩子句長 20 字,課堂中,1,index.html 腳本33 第4782行（檔案第4782行）｜函式 l30Unit,1,1,
T2752,先備能力,標題,孩子,A,學這課前要會的,「先備能力」是教育術語,課堂中,1,index.html 腳本33 第4783行（檔案第4783行）｜函式 l30Unit,1,1,
T2758,按指定意思找英文。${D30.words.length} 個詞形／義項，${new Set(D30.words.map(w=>w.canonical)).size} 個不重複形式。,說明,孩子,A,按意思找英文。共有 ${D30.words.length} 個詞（含不同形式和意思），其中 ${new Set(D30.words.map(w=>w.canonical)).size} 個拼法不同。,「詞形／義項／不重複形式」是術語,首頁,1,index.html 腳本33 第4788行（檔案第4788行）｜函式 l30Library,1,1,
T2762,找到 ${all.length} 個義項 · 顯示 ${all.length?start+1:0}–${start+shown.length},說明,孩子,A,找到 ${all.length} 個意思 · 顯示 ${all.length?start+1:0}–${start+shown.length},「義項」是術語,首頁,1,index.html 腳本33 第4790行（檔案第4790行）｜函式 l30Library,1,1,
T2767,圖片是 Noto 彩色圖符的離線詞義示意，不是照片，也不是所有義項的完整情境。裝置語音只作聽讀輔助；沒有內置教師錄音，沒有自動發音評核。完整圖像來源及 SHA-256 清單附在原始碼。,說明,孩子,A,圖片是 Noto 彩色圖案，用來幫助理解詞義，不是照片，也不能表示詞的所有意思。裝置語音只用來幫助聽和讀。沒有教師錄音，也不會自動評核發音。圖片來源和 SHA-256 清單，附在原始碼裏。,孩子句長 30 字，「離線詞義示意」是術語,首頁,1,index.html 腳本33 第4793行（檔案第4793行）｜函式 l30Library,1,1,
T2769,上一組的題號、草稿和已答紀錄仍保留。先完成或在練習頁明確結束，才開新一組。,對話框,孩子,A,上一組的題目、草稿和答案都保留了。請先完成，或在練習頁結束這一組，再開新的一組。,孩子句長 17 字,課堂中,1,index.html 腳本33 第4798行（檔案第4798行）｜函式 l30Start,1,1,
T2771,課程紀錄已達容量，請家長先備份。,狀態,兩者,A,課程紀錄已滿，請家長先備份。,「容量」是術語,課堂中,1,index.html 腳本33 第4799行（檔案第4799行）｜函式 l30Start,1,1,
T2777,每塊只用一次。已顯示字母，因此記作輔助拼寫。,說明,孩子,AE,每塊只用一次。因為已顯示字母，這題算「有提示」。,「輔助拼寫」是術語,課堂中,1,index.html 腳本33 第4808行（檔案第4808行）｜函式 l30Tiles,1,1,
T2798,提示：${esc(w.form[0])}…　共有 ${w.form.length} 個字元。本題會記作有提示的練習。,說明,孩子,A,提示：${esc(w.form[0])}…　共有 ${w.form.length} 個字母。這題會記為有提示的練習。,「字元」是術語，孩子聽不明,課堂中,1,index.html 腳本33 第4822行（檔案第4822行）｜函式 l30Learning,1,1,
T2799,聲音或裝置出了問題，這題未評分，留待補聽。,說明,孩子,A,聲音或裝置有問題，這題不評分，稍後補聽。,孩子句長 18 字,課堂中,1,index.html 腳本33 第4823行（檔案第4823行）｜函式 l30Learning,1,1,
T2802,這次完成了延後重溫。,說明,孩子,AE,這次完成了隔日複習。,「延後重溫」是術語,課堂中,1,index.html 腳本33 第4823行（檔案第4823行）｜函式 l30Learning,1,1,
T2803,這次是獨立串對。,說明,孩子,E,這次是自己串對。,「獨立串對」統一為「自己串對」,課堂中,1,index.html 腳本33 第4823行（檔案第4823行）｜函式 l30Learning,1,1,
T2804,這次完成了練習；剛看過答案或有字塊輔助，不當成隔日掌握。,說明,孩子,A,這次完成了練習。剛看過答案或用了字塊，不算隔日掌握。,孩子句長 18 字,課堂中,1,index.html 腳本33 第4823行（檔案第4823行）｜函式 l30Learning,1,1,
T2815,這頁沒有編輯權。請先關閉另一個正在編輯的分頁；現在不會派幣或提交。,說明,孩子,A,這個頁面不能編輯。請先關閉另一個正在編輯的分頁。現在不會給金幣，也不能提交答案。,「編輯權」「派幣」是術語,課堂中,1,index.html 腳本33 第4825行（檔案第4825行）｜函式 l30Learning,1,1,
T2822,尚未保存 · 請勿關閉分頁,說明,孩子,BE,還沒儲存 · 請不要關閉分頁,「尚未」「請勿」書面，「保存」統一,課堂中,1,index.html 腳本33 第4826行（檔案第4826行）｜函式 l30Learning,1,1,
T2823,題號和草稿會保存。手機 Enter 不會在選字途中提交。,說明,孩子,E,題號和草稿會儲存。用輸入法選字時，按 Enter 不會提交。,「保存」統一，「選字途中」難明,課堂中,1,index.html 腳本33 第4826行（檔案第4826行）｜函式 l30Learning,1,1,
T2824,這組練習已暫告一段落,標題,孩子,B,這組練習先停在這裏,「暫告一段落」書面,結算,1,index.html 腳本33 第4828行（檔案第4828行）｜函式 l30Finished,1,1,
T2825,已作答的紀錄保留，未完成的題目不算答錯，也不派完成獎勵。,說明,孩子,A,已答的題目有紀錄。沒做完的題目不算答錯，也沒有完成獎勵。,孩子句長 25 字,結算,1,index.html 腳本33 第4828行（檔案第4828行）｜函式 l30Finished,1,1,
T2829,${good}／${a.length-technical} 題答對${technical?' · '+technical+' 題待補聽':''}。不要求全對，也不扣走已有金幣。,說明,孩子,B,${good}／${a.length-technical} 題答對${technical?' · '+technical+' 題待補聽':''}。不用全對，也不會扣掉已有的金幣。,「扣走」不自然,結算,1,index.html 腳本33 第4828行（檔案第4828行）｜函式 l30Finished,1,1,局部替換：「不要求全對，也不扣走已有金幣。」→「不用全對，也不會扣掉已有的金幣。」
T2832, 個金幣,標籤,孩子,E, 枚金幣,「個金幣」量詞不當，統一為「枚」,結算,2,index.html 腳本33 第4828行（檔案第4828行）｜函式 l30Finished ‖ index.html 腳本33 第5072行（檔案第5072行）｜函式 l31Done,4,2,字串片段（與其他片段拼接成一句，須成對修改）
T2833,進度已保存,標籤,孩子,E,進度已儲存,「保存」統一為「儲存」,結算,1,index.html 腳本33 第4828行（檔案第4828行）｜函式 l30Finished,1,1,
T2834,與原本網站共用同一個金幣錢包。,說明,孩子,AE,金幣和原本的練習合併計算。,「錢包」是術語,結算,1,index.html 腳本33 第4828行（檔案第4828行）｜函式 l30Finished,1,1,
T2835,看教學、未完成或重複內容不重複派幣；每天最多取得 5 幣。,說明,孩子,AD,看教學、沒做完或重複的內容，沒有金幣。每天最多得 5 枚金幣。,「派幣」是行政用語，孩子句長 16 字,結算,1,index.html 腳本33 第4828行（檔案第4828行）｜函式 l30Finished,1,1,
T2840,這個詞需要指定語境讀音,對話框,孩子,A,這個詞的讀音要看句子,「指定語境讀音」是術語,課堂中,1,index.html 腳本33 第4838行（檔案第4838行）｜函式 l30Speak,1,1,
T2841,這個詞有不同讀法。未加入經核對的語境錄音前，不用裝置猜讀音；可以先練詞義和串字。,對話框,孩子,A,這個詞有不同的讀法。還沒有核對過的錄音，所以不會用裝置聲音來猜。可以先練詞義和串字。,孩子句長 19 字,課堂中,1,index.html 腳本33 第4838行（檔案第4838行）｜函式 l30Speak,1,1,
T2851,可以在句子填入單字，或者只聽讀音默寫整句。沒有適合句子的範圍不會勉強出題。,對話框,孩子,ACE,可以在句子裏填入單字，或只聽讀音寫出整句。沒有合適句子的範圍，不會出題。,「默寫」「默書」混用，「勉強」口語,首頁,1,index.html 腳本33 第4854行（檔案第4854行）｜函式 l30MainEntry,1,1,
T2861,拼字教室已完成 ${n.completed} 組；${n.weak} 個義項最近需要再練。,說明,兩者,A,拼字教室已完成 ${n.completed} 組。有 ${n.weak} 個意思最近要再練。,「義項」是術語,首頁,1,index.html 腳本33 第4863行（檔案第4863行）,1,1,
T2873,學校範圍最近獨立串對 ${school.ready} 項；拼字教室 ${n.delayed} 項通過延後重溫。兩類證據分開展示，不重複計數。,說明,家長,AE,學校範圍最近自己串對 ${school.ready} 項。拼字教室有 ${n.delayed} 項通過隔日複習。兩類紀錄分開顯示，不會重複計算。,「獨立」「延後重溫」「證據」是術語,首頁,1,index.html 腳本33 第4867行（檔案第4867行）,1,1,
T2881,舊紀錄沒有刪除。新課程不會把舊「看过教學」自動升級為已掌握。,說明,兩者,AC,舊紀錄沒有刪除。新課程不會把舊紀錄裏的「看過教學」，自動當作已掌握。,簡體字「过」，孩子句長 19 字,首頁,1,index.html 腳本33 第4868行（檔案第4868行）,1,1,
T2884,看過、辨認、獨立串對、隔日仍串對，是不同的證據。,說明,家長,A,看過、認得、自己串對、隔日仍串對，是四種不同的紀錄。,「證據」「獨立」是術語,家長頁,1,index.html 腳本33 第4870行（檔案第4870行）｜函式 l30Report,1,1,
T2887,曾獨立串對,標籤,家長,E,曾自己串對,「獨立」統一為「自己」,家長頁,4,index.html 腳本33 第4870行（檔案第4870行）｜函式 l30Report ‖ index.html 腳本33 第4872行（檔案第4872行）｜函式 l30Report ‖ index.html 腳本33 第5083行（檔案第5083行）｜函式 l31Report ‖ index.html 腳本33 第5083行（檔案第5083行）｜函式 l31Report,4,4,
T2888,通過延後重溫,標籤,家長,E,通過隔日複習,「延後重溫」統一為「隔日複習」,家長頁,1,index.html 腳本33 第4870行（檔案第4870行）｜函式 l30Report,4,1,
T2895,有 ${m.weak} 個義項最近答錯。可以分次重溫，不必重做所有題目。,說明,家長,A,有 ${m.weak} 個意思最近答錯。可以分幾次重溫，不用重做所有題目。,「義項」是術語,家長頁,1,index.html 腳本33 第4872行（檔案第4872行）｜函式 l30Report,1,1,
T2899,獨立／延後證據,標籤,家長,AE,自己串對／隔日複習,「獨立／延後證據」是術語,家長頁,1,index.html 腳本33 第4872行（檔案第4872行）｜函式 l30Report,1,1,
T2902,曾通過延後重溫,說明,家長,E,曾通過隔日複習,「延後重溫」統一為「隔日複習」,家長頁,1,index.html 腳本33 第4872行（檔案第4872行）｜函式 l30Report,1,1,
T2903,尚無獨立串寫證據,說明,家長,AE,還沒有自己串對的紀錄,「獨立串寫證據」是術語,家長頁,1,index.html 腳本33 第4872行（檔案第4872行）｜函式 l30Report,1,1,
T2907,判定,標籤,家長,A,結果,「判定」偏書面,家長頁,1,index.html 腳本33 第4873行（檔案第4873行）｜函式 l30Report,6,1,
T2910,獨立串對,標籤,家長,E,自己串對,「獨立串對」統一為「自己串對」,家長頁,1,index.html 腳本33 第4873行（檔案第4873行）｜函式 l30Report,12,1,
T2914, · 有輔助,標籤,家長,E, · 有提示,「輔助」統一為「提示」,家長頁,1,index.html 腳本33 第4873行（檔案第4873行）｜函式 l30Report,1,1,字串片段（與其他片段拼接成一句，須成對修改）
T2916,本地紀錄可以提供練習證據，不能保證永久記得。至少相隔 24 小時、有詞義及獨立串寫記錄，且近期未看答案，才記延後重溫。查看家長報告本身不會改變曝光紀錄。,說明,家長,A,這些紀錄只能顯示練習的情況，不能保證孩子永遠記得。要同時符合以下條件，才算隔日複習：相隔至少 24 小時、答對詞義、自己串對，而且沒有在最近看過答案。看家長報告，不會改變任何紀錄。,「曝光紀錄」「延後重溫」是術語，一句太長,家長頁,1,index.html 腳本33 第4874行（檔案第4874行）｜函式 l30Report,1,1,
T2917,本機資料不是伺服器認證帳本。測試帳戶的紀錄不應用作真實學生評估。,說明,家長,AE,這些資料只存在這部裝置，沒有經過任何伺服器核實。測試帳戶的紀錄，不能用來評估真實孩子的學習。,「伺服器認證帳本」是術語，「學生」「孩子」混用,家長頁,1,index.html 腳本33 第4874行（檔案第4874行）｜函式 l30Report,1,1,
T2922,較低年級先用 2–3 個詞；可以分幾次完成。這只是產品預設，不代替個別程度評估。,說明,家長,A,低年級先用 2 至 3 個詞，可以分幾次完成。這只是預設值，不能代替對孩子程度的評估。,「產品預設」「個別程度評估」書面,家長頁,1,index.html 腳本33 第4875行（檔案第4875行）｜函式 l30PlanView,1,1,
T2924,恢復由系統建議,按鈕,家長,E,改回由系統建議,「恢復」統一用語,家長頁,1,index.html 腳本33 第4875行（檔案第4875行）｜函式 l30PlanView,1,1,
T2926,學校教材仍使用原本範圍及固定範圍設定，不會被內置課程取代。,說明,家長,B,學校教材仍用原本的範圍和固定範圍設定。內置課程不會取代它。,「被取代」被動書面語,家長頁,1,index.html 腳本33 第4875行（檔案第4875行）｜函式 l30PlanView,1,1,
T2937,不同完整任務可以取得金幣；已發布遊戲全部可預覽。每局一幣，不自動續費。,說明,孩子,AB,完成不同的學習任務，可以得到金幣。所有遊戲都可以先看預覽。每局 1 枚金幣，不會自動再扣。,「續費」令人以為是真錢,首次使用,1,index.html 腳本33 第4876行（檔案第4876行）｜函式 l30Help,1,1,
T2940,一般家庭請建立自己的帳戶，並定期下載備份。,說明,孩子,A,請建立自己的帳戶，並定期下載備份。,孩子句長 19 字,首次使用,1,index.html 腳本33 第4876行（檔案第4876行）｜函式 l30Help,1,1,
T2942,相機、裝置語音及 OCR 仍受瀏覽器權限與網絡影響。本機資料不會自動跨裝置同步。,說明,孩子,A,相機、裝置語音和相片辨認，會受瀏覽器權限和網絡影響。資料只存在這部裝置，不會自動傳到其他裝置。,「OCR」「跨裝置同步」是術語,首次使用,1,index.html 腳本33 第4876行（檔案第4876行）｜函式 l30Help,1,1,
T2947,街機,標籤,孩子,E,遊戲,街機統一為「遊戲」,首頁,1,index.html 腳本33 第4903行（檔案第4903行）｜函式 l30AfterRender,75,1,
T2948,V30 獨立測試,標籤,孩子,AE,測試專用,版本號與「獨立」是開發用語,首頁,1,index.html 腳本33 第4905行（檔案第4905行）｜函式 l30AfterRender,1,1,
T2949,V30 學習版,標籤,孩子,A,學習版,版本號是開發用語，不應給孩子和家長看到,首頁,1,index.html 腳本33 第4905行（檔案第4905行）｜函式 l30AfterRender,1,1,
T2950,WordQuest V30 · 資料保存在此瀏覽器，沒有自動雲端同步。內置内容為 AI 編輯練習版，真人教師覆核待完成。,說明,孩子,ACE,WordQuest · 資料只存在這個瀏覽器，不會自動上載到雲端。內置內容由 AI 編輯，還沒有教師逐題審核。,簡體字「内」，版本號是開發用語,首頁,1,index.html 腳本33 第4906行（檔案第4906行）｜函式 l30AfterRender,1,1,
T2953,。請先進入獨立測試區；不使用家庭紀錄。,說明,孩子,AE,。請先進入測試專用區。測試不使用家庭紀錄。,「獨立」難明,首頁,1,index.html 腳本33 第4907行（檔案第4907行）｜函式 l30AfterRender,1,1,
T2954,你已在獨立測試區，直接輸入以上資料登入。,說明,孩子,A,你已在測試專用區。請輸入以上資料登入。,孩子句長 18 字,首頁,1,index.html 腳本33 第4907行（檔案第4907行）｜函式 l30AfterRender,1,1,
T2955,進入獨立測試區,按鈕,孩子,AE,進入測試專用區,「獨立」難明,首頁,1,index.html 腳本33 第4907行（檔案第4907行）｜函式 l30AfterRender,2,1,
T2956,普通 HTTPS 網站也可開啟隔離測試介面，但這不是有後端權限的站長帳戶。,說明,孩子,A,在一般的 https 網站，也可以打開測試畫面。但這不是有後台權限的站長帳戶。,「HTTPS」「後端」「隔離」是術語，孩子句長 28 字,首頁,1,index.html 腳本33 第4907行（檔案第4907行）｜函式 l30AfterRender,1,1,
T2957,獨立測試環境（不是正式管理員）,說明,孩子,AE,測試專用環境（不是正式管理員）,「獨立」難明,首頁,1,index.html 腳本33 第4908行（檔案第4908行）｜函式 l30AfterRender,1,1,
T2958,V30 學習測試入口,標題,孩子,E,學習測試入口,版本號是開發用語,首頁,1,index.html 腳本33 第4909行（檔案第4909行）｜函式 l30AfterRender,1,1,
T2961,词語與圖片庫,連結,孩子,C,詞語與圖片庫,簡體字「词」,首頁,1,index.html 腳本33 第4909行（檔案第4909行）｜函式 l30AfterRender,1,1,
T2965,答案仍在本頁，未成功保存。請勿關閉。,說明,孩子,BE,答案還在這個頁面，但沒有儲存成功。請不要關閉頁面。,「請勿」書面，「保存」統一,課堂中,1,index.html 腳本33 第4954行（檔案第4954行）｜函式 l30Draft,1,1,
T2968,這題將標為「待補聽」，不當成孩子答錯；這組暫不派完成金幣。,確認框,兩者,A,這題會標為「待補聽」，不算孩子答錯。這一組暫時沒有完成金幣。,「派」「暫不」書面,首頁,1,index.html 腳本33 第4971行（檔案第4971行）,1,1,
T2969,結束這組，不派完成獎勵。已作答的紀錄會保留，下一次可另選一組。,確認框,兩者,A,要結束這一組嗎？不會得到完成獎勵。已答的紀錄會保留，下次可以另選一組。,孩子句長 17 字,首頁,1,index.html 腳本33 第4976行（檔案第4976行）,1,1,
T2973,按喇叭聽完，再選英文。中文用來分清同音字。聲音失敗可標記待補聽。,說明,孩子,A,按喇叭聽完，再選英文。中文用來分清同音字。聽不到聲音，可以標記待補聽。,「聲音失敗」不自然,課堂中,1,index.html 腳本33 第4981行（檔案第4981行）｜函式 l30ModeHelp｜欄位 listenChoice,1,1,
T2974,按喇叭聽完，再輸入英文。重聽不扣分；看首字母提示會記為有輔助。,說明,孩子,AE,按喇叭聽完，再輸入英文。重聽不扣分。看了首字母提示，會記為有提示。,「輔助」「提示」混用,課堂中,1,index.html 腳本33 第4981行（檔案第4981行）｜函式 l30ModeHelp｜欄位 listenSpell,1,1,
T2975,按中文意思輸入完整英文，留意大小寫。按 Enter 提交；輸入法仍在選字時不會交卷。,說明,孩子,A,按中文意思輸入完整英文，留意大小寫。按 Enter 提交。用輸入法選字時，按 Enter 不會提交。,孩子句長 16 字,課堂中,1,index.html 腳本33 第4981行（檔案第4981行）｜函式 l30ModeHelp｜欄位 spell,1,1,
T2976,只填空缺部分，不用重寫整個詞。這是字母提示練習，不當成完整獨立串寫。,說明,孩子,A,只填缺少的部分，不用重寫整個詞。這是有字母提示的練習，不算自己串對。,孩子句長 17 字，「獨立串寫」是術語,課堂中,1,index.html 腳本33 第4981行（檔案第4981行）｜函式 l30ModeHelp｜欄位 missing,1,1,
T2978,觀察已顯示的詞，找出這課的相同字塊。,說明,孩子,A,看看這些詞，找出這課相同的字塊。,孩子句長 16 字,課堂中,1,index.html 腳本33 第4981行（檔案第4981行）｜函式 l30ModeHelp｜欄位 focus,1,1,
T2980,保留大部分字母，改一個字母，變成中文指定的新詞。,說明,孩子,A,只改一個字母，其他不變，變成中文所說的新詞。,孩子句長 21 字,課堂中,1,index.html 腳本33 第4981行（檔案第4981行）｜函式 l30ModeHelp｜欄位 swap,1,1,
T2981,在句子的空格填入指定意思的英文。所有完整答案位置已遮住。,說明,孩子,A,在句子的空格，填入符合意思的英文。完整的答案已遮住。,「指定意思」「答案位置」難明,課堂中,1,index.html 腳本33 第4981行（檔案第4981行）｜函式 l30ModeHelp｜欄位 cloze,1,1,
T2985,以下是原有紀錄，不會自動換成新教室的掌握證據。,說明,家長,A,以下是原有的紀錄，不會自動當作新拼字教室的掌握紀錄。,「證據」是術語,家長頁,1,index.html 腳本33 第4991行（檔案第4991行）｜函式 l30LegacyFamily,1,1,
T2988,尚有未儲存的字塊或答案。請重試儲存，不要關閉本頁。,說明,孩子,B,字塊或答案還沒儲存。請再試一次，先不要關閉這個頁面。,「本頁」「尚有」書面,課堂中,1,index.html 腳本33 第5010行（檔案第5010行）｜函式 l31Checkpoint,1,1,
T2992,讀音未完成；可重試，不會把技術問題計成答錯。,狀態,孩子,A,讀音沒有播完。可以再試。因為聲音問題，不會算答錯。,「技術問題」是術語,課堂中,1,index.html 腳本33 第5036行（檔案第5036行）｜函式 u.onerror,1,1,
T2995,讀音暫時無法使用。,狀態,孩子,D,讀音暫時用不到。可以先用文字學習。,沒說下一步,課堂中,1,index.html 腳本33 第5037行（檔案第5037行）｜函式 l31Speak,1,1,
T3003,用你識嘅字，砌出新的詞語。,說明,孩子,E,用你認識的字，砌出新的詞語。,混入口語字「識嘅」，其他地方用書面語,首頁,1,index.html 腳本33 第5044行（檔案第5044行）｜函式 l31Home,1,1,
T3010,用熟悉拼法記新詞，不把詞義亂相加。,說明,孩子,A,用熟悉的拼法記新詞。不要把詞義隨便加起來。,「亂相加」不自然,首頁,1,index.html 腳本33 第5046行（檔案第5046行）｜函式 l31Home,1,1,
T3014,選取來源詞的一部分，組出已有的新詞。,說明,孩子,A,選出來源詞的一部分，組成新詞。,孩子句長 16 字,首頁,1,index.html 腳本33 第5046行（檔案第5046行）｜函式 l31Home,1,1,
T3019,找到 ${groups.length} 組。組合與詞義已作工程校對，尚未經真人教師逐題簽核。,說明,孩子,A,找到 ${groups.length} 組。組合和詞義已用程式校對，但還沒有教師逐題審核。,「工程校對」「簽核」是術語,首頁,1,index.html 腳本33 第5047行（檔案第5047行）｜函式 l31Home,1,1,
T3022,這個工房是新的學習路線，不會刪除學校範圍、80 個拼字與生活單元、圖片或街機。,說明,孩子,AE,這個工房是新的學習路線。學校範圍、80 個拼字與生活單元、圖片和遊戲，都不會刪除。,孩子句長 32 字，「街機」統一為「遊戲」,首頁,1,index.html 腳本33 第5048行（檔案第5048行）｜函式 l31Home,1,1,
T3034,下方會顯示新詞拼法。看過後立即串對，記為練習，不冒充隔日掌握。,說明,孩子,AB,下面會顯示新詞的拼法。看過後馬上串對，只算練習，不算隔日掌握。,「冒充」不自然，孩子句長 18 字,課堂中,1,index.html 腳本33 第5050行（檔案第5050行）｜函式 l31Unit,1,1,
T3038,字塊、答案和已作答紀錄仍保留。先繼續或明確結束，再開始新一組。,對話框,孩子,A,字塊、答案和已答的紀錄都保留了。請先繼續，或結束這一組，再開始新的一組。,「明確結束」書面,課堂中,1,index.html 腳本33 第5054行（檔案第5054行）｜函式 l31Start,1,1,
T3064,這次的操作已記錄。字塊練習不等於獨立掌握。,說明,孩子,A,這次的操作已記錄。字塊練習不算自己掌握。,「獨立掌握」是術語,課堂中,1,index.html 腳本33 第5069行（檔案第5069行）｜函式 l31Learn,1,1,
T3065,先前答案會保留；完成訂正不會改寫第一次結果，也不會多派幣。,說明,孩子,A,第一次的答案會保留。完成訂正，不會改變第一次的結果，也不會多得金幣。,孩子句長 19 字，「派幣」是行政用語,課堂中,1,index.html 腳本33 第5069行（檔案第5069行）｜函式 l31Learn,1,1,
T3070,這頁是唯讀，請先關閉另一個編輯中的分頁。,說明,孩子,A,這個頁面只能查看。請先關閉另一個正在編輯的分頁。,「唯讀」是術語,課堂中,1,index.html 腳本33 第5070行（檔案第5070行）｜函式 l31Learn,1,1,
T3071,裝置讀音作輔助，不是教師錄音；不會自動評核發音。,說明,孩子,A,讀音來自裝置，不是教師錄音，也不會自動評核發音。,「輔助」是術語,課堂中,1,index.html 腳本33 第5070行（檔案第5070行）｜函式 l31Learn,1,1,
T3074,${l31Dirty?'未儲存；請勿關閉。':'會保存本局字塊與草稿。'} 答錯不扣金幣；至少完成兩個不同組合才可領本組獎勵。,說明,孩子,A,${l31Dirty?'未儲存；請勿關閉。':'會保存本局字塊與草稿。'} 答錯不扣金幣。至少完成兩個不同組合，才有這一組的獎勵。,孩子句長 17 字,課堂中,1,index.html 腳本33 第5070行（檔案第5070行）｜函式 l31Learn,1,1,局部替換：「 答錯不扣金幣；至少完成兩個不同組合才可領本組獎勵。」→「 答錯不扣金幣。至少完成兩個不同組合，才有這一組的獎勵。」
T3075,未儲存；請勿關閉。,說明,孩子,B,還沒儲存。請不要關閉。,「請勿」書面,課堂中,1,index.html 腳本33 第5070行（檔案第5070行）｜函式 l31Learn,1,1,
T3076,會保存本局字塊與草稿。,說明,孩子,E,會儲存這一局的字塊和草稿。,「保存」統一為「儲存」,課堂中,1,index.html 腳本33 第5070行（檔案第5070行）｜函式 l31Learn,1,1,
T3080,這組已暫告一段落,說明,孩子,B,這一組先停在這裏,「暫告一段落」書面,結算,1,index.html 腳本33 第5072行（檔案第5072行）｜函式 l31Done,1,1,
T3083,未完成的題目不算答錯；這組不派幣。,說明,孩子,D,沒做完的題目不算答錯。這一組沒有金幣。,「派幣」是行政用語,結算,1,index.html 腳本33 第5072行（檔案第5072行）｜函式 l31Done,1,1,
T3084,同日相同組合不重複派幣；每日與主站共用五幣上限。剛看過答案的串字不當成隔日掌握。,說明,孩子,A,同一天，相同的組合只得一次金幣。每日金幣上限是 5 枚，和主站練習一起計。剛看過答案才串對的，不算隔日掌握。,「共用」「派幣」是行政用語,結算,1,index.html 腳本33 第5072行（檔案第5072行）｜函式 l31Done,1,1,
T3086,看看街機目標,按鈕,孩子,E,看看遊戲目標,「街機」統一為「遊戲」,結算,1,index.html 腳本33 第5072行（檔案第5072行）｜函式 l31Done,1,1,
T3090,分清會砌字、理解意思、獨立串寫及隔日重溫。此頁是家長閱讀，不改孩子答案曝光。,說明,家長,A,分開看：會砌字、明白意思、自己串對、隔日複習。這個頁面只供家長閱讀，不會改動孩子的紀錄。,「答案曝光」是術語,家長頁,1,index.html 腳本33 第5083行（檔案第5083行）｜函式 l31Report,1,1,
T3093,延後仍串對,標籤,家長,E,隔日仍串對,「延後」統一為「隔日」,家長頁,2,index.html 腳本33 第5083行（檔案第5083行）｜函式 l31Report ‖ index.html 腳本33 第5083行（檔案第5083行）｜函式 l31Report,2,2,
T3100,最高已有證據,標籤,家長,A,目前最高的紀錄,「證據」是術語,家長頁,1,index.html 腳本33 第5083行（檔案第5083行）｜函式 l31Report,1,1,
T3109,結果與輔助,標籤,家長,E,結果與提示,「輔助」「提示」混用,家長頁,1,index.html 腳本33 第5083行（檔案第5083行）｜函式 l31Report,1,1,
T3116, · 獨立,標籤,家長,E, · 自己串對,「獨立」統一為「自己串對」,家長頁,1,index.html 腳本33 第5083行（檔案第5083行）｜函式 l31Report,4,1,字串片段（與其他片段拼接成一句，須成對修改）
T3117,既有學校／教室報告仍保留；同一個英文的遊戲解鎖採共用去重證據。這不是臨床或標準化能力測驗。,說明,家長,A,原有的學校／教室報告仍保留。同一個英文詞，在遊戲解鎖時只計一次。這不是臨床或標準化的能力測驗。,「共用去重證據」是術語,家長頁,1,index.html 腳本33 第5083行（檔案第5083行）｜函式 l31Report,1,1,
T3124,不覆蓋學校默書範圍，也不刪除原本小課；只新增工房建議。,說明,家長,B,不會取代學校默書範圍，也不會刪除原本的小課。只是新增工房建議。,「不覆蓋」書面,家長頁,1,index.html 腳本33 第5084行（檔案第5084行）｜函式 l31Plan,1,1,
T3125,全新 · 詞語組合工房,標題,孩子,B,新 · 詞語組合工房,「全新」是宣傳口吻,首頁,1,index.html 腳本33 第5085行（檔案第5085行）｜函式 l31Panel,1,1,
T3130,加字塊、兩個詞合體、剪字混合：先理解，再動手。,說明,孩子,A,加字塊、兩詞合體、剪字混合。先看懂，再動手。,孩子句長 18 字,首頁,1,index.html 腳本33 第5085行（檔案第5085行）｜函式 l31Panel,1,1,
T3134,直接閉卷重溫 air,按鈕,孩子,A,不看提示，直接重溫 air,「閉卷」是術語,首頁,1,index.html 腳本33 第5085行（檔案第5085行）｜函式 l31Panel,1,1,
T3136,用基本詞延伸新詞；查看組合、詞義和獨立串字的不同證據。,說明,兩者,A,用基本詞學新詞。可以分開看組合、詞義和自己串字的紀錄。,「獨立串字的不同證據」是術語,首頁,1,index.html 腳本33 第5094行（檔案第5094行）,1,1,
T3138,V31 組合工房測試,標題,兩者,E,組合工房測試,版本號是開發用語,首頁,1,index.html 腳本33 第5095行（檔案第5095行）,1,1,
T3142,V31 獨立測試,標籤,兩者,AE,測試專用,版本號與「獨立」是開發用語,首頁,1,index.html 腳本33 第5098行（檔案第5098行）,1,1,
T3143,V31 組合學習版,標籤,兩者,E,組合學習版,版本號是開發用語,首頁,1,index.html 腳本33 第5098行（檔案第5098行）,1,1,
T3144,WordQuest V31 · 本機儲存，沒有自動雲端同步。內容為 AI 編輯版，尚待真人教師逐題覆核。,說明,兩者,AE,WordQuest · 資料只存在這部裝置，不會自動上載到雲端。內容由 AI 編輯，還沒有教師逐題審核。,版本號是開發用語，「尚待」書面,首頁,1,index.html 腳本33 第5098行（檔案第5098行）,1,1,
T3145,草稿仍在本頁，尚未儲存。,說明,孩子,B,草稿還在這個頁面，還沒儲存。,「本頁」「尚未」書面,課堂中,1,index.html 腳本33 第5103行（檔案第5103行）｜函式 l31Draft,1,1,
T3147,按字塊依次組合；剪字玩法先替每個來源詞選一部分。Tab／Enter 或輕觸都可以操作。自己串字會收起提示；需要提示時按按鈕，答錯不扣幣。,對話框,兩者,AE,按字塊的次序組合。剪字玩法要先為每個來源詞選一部分。可以用 Tab／Enter，也可以輕觸。自己串字時提示會收起，需要時按按鈕。答錯不扣金幣。,一段包含多個操作，「扣幣」統一,首頁,1,index.html 腳本33 第5112行（檔案第5112行）,1,1,
T3148,結束這組，不派完成獎勵；已作答紀錄仍保留。,確認框,兩者,A,要結束這一組嗎？不會得到完成獎勵。已答的紀錄仍保留。,先問再說明,首頁,1,index.html 腳本33 第5116行（檔案第5116行）,1,1,
T3150,家庭資料處理中，暫時不能更改學伴設定。,說明,家長,D,家庭資料正在處理，暫時不能更改學伴設定。請稍後再試。,沒說下一步,家長頁,1,index.html 腳本33 第5153行（檔案第5153行）｜函式 savePref,1,1,
T3151,角色設定只在本次開啟有效，未能保存。原有學習資料沒有改動。,說明,家長,DE,角色設定只在這次有效，沒有儲存成功。原有學習資料沒有改動。請稍後再試。,「保存」統一，沒說下一步,家長頁,1,index.html 腳本33 第5153行（檔案第5153行）｜函式 savePref,1,1,
T3158,。由原站結算，不重複派發。,說明,孩子,A,。金幣由原來的練習計算，不會重複計算。,「由原站結算」「派發」是行政用語,課堂中,1,index.html 腳本33 第5174行（檔案第5174行）｜函式 guide,1,1,字串片段（與其他片段拼接成一句，須成對修改）
T3159,訪客紀錄不保存。,說明,孩子,E,訪客紀錄不會儲存。,「保存」統一為「儲存」,課堂中,1,index.html 腳本33 第5174行（檔案第5174行）｜函式 guide,1,1,
T3166,阿峰與糖栗老師，一起探索街機,說明,孩子,E,阿峰與糖栗老師，一起探索遊戲街機,「街機」統一為「遊戲街機」,首頁,1,index.html 腳本33 第5181行（檔案第5181行）｜函式 classmateStrip,1,1,
T3173,短暫進場動效（不是逐格角色動畫）,說明,家長,A,角色出場時有簡單的動畫效果（不是完整動畫）,「動效」「逐格」是術語,家長頁,1,index.html 腳本33 第5182行（檔案第5182行）｜函式 settings,1,1,
T3178,設定分帳戶及孩子保存。R3家庭完整備份包含角色偏好；舊英文單科備份不包含。六位新角色圖片已內置。,說明,家長,AE,設定會分開儲存在每個帳戶和每位孩子名下。家庭完整備份包含角色設定，舊的英文單科備份不包含。六位角色的圖片已內置在程式裏。,「保存」統一，版本號是開發用語,家長頁,1,index.html 腳本33 第5182行（檔案第5182行）｜函式 settings,1,1,
T3185,已接入本次新繪六位角色：肖像及五個表情。表情為原海報的小尺寸裁切；未有獨立側面、背面或逐格動作素材。,說明,孩子,AE,已加入這次新畫的六位角色：肖像和五個表情。表情是從原海報裁出來的小圖。沒有單獨的側面、背面或逐格動作圖。,「素材」「接入」是術語，孩子句長 18 字,少見,1,index.html 腳本33 第5183行（檔案第5183行）｜函式 galleryProfile,1,1,
T3186,這是本次重新繪製的概念海報，不是取回V33或0.1.3原件。海報文字和示意圖不作教材、出題或判分依據。,說明,孩子,A,這是這次重新繪製的概念海報，不是舊版 V33 或 0.1.3 的原圖。海報上的文字和示意圖，不會用來作教材、出題或評分。,孩子句長 20 字，「取回」「判分依據」書面,少見,1,index.html 腳本33 第5183行（檔案第5183行）｜函式 galleryProfile,1,1,
T3188,六位夥伴各有工作。選一位，看看角色肖像、表情，以及他在網站如何幫你。,說明,孩子,A,六位夥伴各有工作。選一位，看看他的肖像和表情，也看看他怎樣幫你。,孩子句長 21 字,少見,1,index.html 腳本33 第5184行（檔案第5184行）｜函式 renderGalleryPage,1,1,
T3191,裝置沒有本機廣東話聲線，請看文字說明。,錯誤,孩子,A,裝置沒有廣東話聲音，請看文字說明。,「本機廣東話聲線」難明，孩子句長 17 字,課堂中,1,index.html 腳本33 第5193行（檔案第5193行）｜函式 speak,1,1,
T3192,語音未能播完，不影響教材或成績。,錯誤,孩子,D,語音沒有播完，不影響教材和成績。可以再按一次，或看文字。,沒說下一步,課堂中,1,index.html 腳本33 第5193行（檔案第5193行）｜函式 u.onerror,1,1,
T3196, · 街機學伴,標籤,孩子,E, · 遊戲學伴,「街機」統一為「遊戲」,課堂中,1,index.html 腳本33 第5196行（檔案第5196行）｜函式 gameBar,1,1,字串片段（與其他片段拼接成一句，須成對修改）
T3199,我在旁邊陪你，專心操作就得。,說明,孩子,E,我在旁邊陪你，專心操作就好。,混入口語字「就得」,課堂中,1,index.html 腳本33 第5196行（檔案第5196行）｜函式 gameBar,1,1,
T3200,這局結束了，結果以遊戲顯示為準。,說明,孩子,B,這局結束了。成績看畫面上的分數。,「結果以遊戲顯示為準」是官樣文字,課堂中,1,index.html 腳本33 第5196行（檔案第5196行）｜函式 gameBar,1,1,
T3201,稍休一下，原有局面和生命保留。,說明,孩子,A,休息一下。進度和生命都保留。,「局面」是術語,課堂中,1,index.html 腳本33 第5196行（檔案第5196行）｜函式 gameBar,1,1,
T3202,還有機會。想好方法再試。,說明,孩子,E,還有生命。想好方法再試。,「機會」「生命」混用,課堂中,1,index.html 腳本33 第5196行（檔案第5196行）｜函式 gameBar,1,1,
T3207,我是烈烈老師。先登入自己的帳戶，就可以跟學習夥伴一起開始。,說明,孩子,A,我是烈烈老師。先登入你的帳戶，就能和夥伴一起學。,孩子句長 20 字,課堂中,1,index.html 腳本33 第5211行（檔案第5211行）｜函式 refresh｜欄位 login,1,1,
T3208,選一組熟悉的拼法，再一起學意思和串字。,說明,孩子,A,選一組熟悉的拼法。再一起學意思和串字。,孩子句長 17 字,課堂中,1,index.html 腳本33 第5211行（檔案第5211行）｜函式 refresh｜欄位 classroom,1,1,
T3210,用已認識的詞和字塊學新詞，不只是按拼音分類。,說明,孩子,A,用已認識的詞和字塊學新詞。不只是按拼音分類。,孩子句長 20 字,課堂中,1,index.html 腳本33 第5211行（檔案第5211行）｜函式 refresh｜欄位 assembly,1,1,
T3211,選「跟着學」，我會陪你認識、組合，再自己串字。,說明,孩子,A,選「跟着學」。我會陪你認識、組合，再自己串字。,孩子句長 17 字,課堂中,1,index.html 腳本33 第5211行（檔案第5211行）｜函式 refresh｜欄位 assembly-unit,1,1,
T3212,選一種練習就可以開始，不需要全部一起做。,說明,孩子,A,選一種練習就可以開始。不用全部都做。,孩子句長 18 字,課堂中,1,index.html 腳本33 第5211行（檔案第5211行）｜函式 refresh｜欄位 practice,1,1,
T3213,先看清楚學校的默書範圍，核對後才交給孩子。,說明,孩子,A,先看清楚學校的默書範圍。核對後，才交給孩子。,孩子句長 19 字,課堂中,1,index.html 腳本33 第5211行（檔案第5211行）｜函式 refresh｜欄位 ranges,1,1,
T3214,辨認結果要核對；樓層、頁碼或不確定的字，不當作已確認教材。,說明,孩子,A,辨認結果要核對。樓層、頁碼或不確定的字，不會當作已確認的教材。,孩子句長 18 字,課堂中,1,index.html 腳本33 第5211行（檔案第5211行）｜函式 refresh｜欄位 range-new,1,1,
T3215,核對圖片與讀音後再保存，保留原有的教材管理方式。,說明,孩子,AE,核對圖片和讀音後再儲存。教材的管理方式不變。,孩子句長 22 字，「保存」統一,課堂中,1,index.html 腳本33 第5211行（檔案第5211行）｜函式 refresh｜欄位 offline,1,1,
T3216,R3.1 · 獨立測試,標籤,兩者,E,測試專用,版本號與「獨立」是開發用語,首頁,1,index.html 腳本33 第5217行（檔案第5217行）,1,1,
T3217,R3.4 · 森林學園,標籤,兩者,E,森林學園,版本號是開發用語,首頁,1,index.html 腳本33 第5217行（檔案第5217行）,3,1,
T3218,WordQuest R3.4 · 森林學園六角色 · 本機儲存，沒有自動雲端同步。教材尚待真人教師逐題覆核。,說明,兩者,A,WordQuest · 森林學園六位角色 · 資料只存在這部裝置，不會自動上載到雲端。教材還沒有教師逐題審核。,版本號是開發用語，孩子句長 19 字,首頁,1,index.html 腳本33 第5217行（檔案第5217行）,1,1,
T3219,角色未能正常顯示。請重新開啟 R3.1 完整版本；原有學習功能仍保留。,說明,兩者,A,角色顯示不到。請重新打開完整版本。原有的學習功能仍可使用。,版本號是開發用語，「未能」書面,首頁,1,index.html 腳本33 第5217行（檔案第5217行）,1,1,
T3220,這是真實玩法預覽，未開始不扣幣。看清楚按鍵再選擇。,說明,兩者,E,這是真實玩法預覽，還沒開始，不會扣金幣。看清楚按鍵再選擇。,「扣幣」統一為「扣金幣」,首頁,1,index.html 腳本33 第5218行（檔案第5218行）,1,1,
T3221,獨立作答中 · 學伴暫時安靜陪伴,說明,孩子,AE,自己作答中 · 學伴先安靜陪伴,「獨立」統一為「自己」,首頁,1,index.html 腳本33 第5239行（檔案第5239行）｜函式 forestMathHTML,1,1,
T3226,短暫進場動效,標籤,孩子,A,角色出場動畫,「進場動效」是術語,首頁,1,index.html 腳本33 第5241行（檔案第5241行）｜函式 forestMathHTML,2,1,
T3227,只改角色顯示。草稿、提示級別、答案和金幣均不會改動。,標籤,孩子,A,只改角色顯示。草稿、提示、答案和金幣都不會變。,孩子句長 16 字,首頁,1,index.html 腳本33 第5241行（檔案第5241行）｜函式 forestMathHTML,1,1,
T3228,目前的孩子資料無法讀取。,錯誤,孩子,AD,讀不到這位孩子的資料。請重新整理頁面再試。,「孩子資料無法讀取」沒說下一步,課堂中,1,index.html 腳本33 第5259行（檔案第5259行）｜函式 profile,1,1,
T3229,家庭資料處理中，數學暫停寫入,錯誤,家長,A,家庭資料正在處理，數學暫時不能儲存。,「寫入」是術語,少見,1,index.html 腳本33 第5263行（檔案第5263行）｜函式 assertWritable,1,1,
T3230,英文原有資料未能讀取；數學亦已停止寫入，沒有覆蓋原檔。,錯誤,家長,AD,讀不到英文的原有資料，所以數學也暫時不能儲存。原有檔案沒有改動。請先匯出備份。,「寫入」「覆蓋原檔」是術語，沒說下一步,少見,1,index.html 腳本33 第5265行（檔案第5265行）｜函式 assertWritable,1,1,
T3231,這個分頁沒有編輯權。請返回英文取得編輯權，再繼續數學。,錯誤,家長,A,這個分頁不能編輯。請回到英文，按「在這個分頁編輯」，再繼續數學。,「編輯權」是術語,少見,1,index.html 腳本33 第5266行（檔案第5266行）｜函式 assertWritable,1,1,
T3232,請先暫停英文練習或保存匯入內容，返回首頁後再開啟數學。,錯誤,家長,E,請先暫停英文練習，或儲存匯入的內容，回到首頁後再打開數學。,「保存」統一，句子偏長,少見,1,index.html 腳本33 第5272行（檔案第5272行）｜函式 beforeOpen,1,1,
T3233,請先結束目前的街機或小遊戲，再開啟數學；沒有扣除新的金幣。,錯誤,家長,E,請先結束目前的遊戲，再打開數學。沒有扣金幣。,「街機或小遊戲」混用,少見,1,index.html 腳本33 第5274行（檔案第5274行）｜函式 beforeOpen,1,1,
T3234,孩子或帳戶已切換；沒有發放獎勵。,錯誤,家長,A,已換了孩子或帳戶，沒有給獎勵。,「發放」書面,少見,1,index.html 腳本33 第5280行（檔案第5280行）｜函式 award,1,1,
T3235,沒有已保存的數學獎勵紀錄。,錯誤,家長,E,沒有已儲存的數學獎勵紀錄。,「保存」統一為「儲存」,少見,1,index.html 腳本33 第5284行（檔案第5284行）｜函式 award,1,1,
T3236,找不到這項已保存的數學任務。,錯誤,家長,DE,找不到已儲存的這項數學任務。請回到數學頁再試。,沒說下一步,少見,1,index.html 腳本33 第5287行（檔案第5287行）｜函式 award,1,1,
T3237,獎勵資料與已保存任務不一致。,錯誤,家長,E,獎勵資料和已儲存的任務對不上。,「保存」統一為「儲存」,少見,1,index.html 腳本33 第5288行（檔案第5288行）｜函式 award,1,1,
T3238,獎勵日期不在可自動同步的範圍；請保留數學備份。,錯誤,家長,A,獎勵日期超出可自動處理的範圍。請保留數學備份。,「可自動同步」是術語,少見,1,index.html 腳本33 第5291行（檔案第5291行）｜函式 award,1,1,
T3239,英文錢包未能儲存；沒有完成這次結算。,錯誤,家長,DE,金幣沒有儲存成功，這次獎勵沒有完成。請再試一次。,「英文錢包」「結算」是術語，沒說下一步,少見,1,index.html 腳本33 第5298行（檔案第5298行）｜函式 award,1,1,
T3241,刪除復原未完成，請保留本頁並匯出備份。,說明,家長,AE,刪除備用副本沒有完成。請不要關閉這個頁面，並匯出備份。,「復原」與「還原」混用,首頁,1,index.html 腳本33 第5321行（檔案第5321行）,1,1,字串片段（與其他片段拼接成一句，須成對修改）
T3242,先完成英文家長驗證，再按「數學進度及設定」。,狀態,家長,E,先完成家長確認，再按「數學進度及設定」。,「家長驗證／確認」統一為「家長確認」,家長頁,1,index.html 腳本33 第5326行（檔案第5326行）｜函式 openParentGate｜欄位 openParentGate,1,1,
T3248,V32＋數學 0.1.2 · 整合 R1,標籤,孩子,E,英文與數學,版本號是開發用語,首頁,1,index.html 腳本33 第5339行（檔案第5339行）｜函式 decorate,1,1,
T3252,英文練習在下方。數學與奧數共用孩子及金幣，學習進度分開保存。,說明,孩子,AE,英文練習在下面。數學和奧數共用同一位孩子和金幣，學習進度分開儲存。,孩子句長 20 字，「保存」統一,首頁,1,index.html 腳本33 第5342行（檔案第5342行）｜函式 decorate,1,1,
T3255,數學學習主頁,按鈕,孩子,E,數學學習首頁,「主頁」「首頁」混用,首頁,1,index.html 腳本33 第5342行（檔案第5342行）｜函式 decorate,1,1,
T3257,數學資料未能讀取；沒有覆蓋原檔。,說明,孩子,AD,讀不到數學資料，原有檔案沒有改動。請先匯出備份。,沒說下一步,首頁,1,index.html 腳本33 第5348行（檔案第5348行）｜函式 decorate,1,1,字串片段（與其他片段拼接成一句，須成對修改）
T3259,數學尚未完成載入，請重新開啟完整檔案。,狀態,兩者,A,數學還沒載入完成。請重新打開完整的檔案。,孩子句長 17 字,首頁,1,index.html 腳本33 第5354行（檔案第5354行）,1,1,
T3261,街機音效,標籤,孩子,E,遊戲音效,「街機」統一為「遊戲」,首頁,1,index.html 腳本33 第5361行（檔案第5361行）｜函式 r2AudioPanel,2,0,
T3262,街機音效音量,無障礙標籤,孩子,E,遊戲音效音量,「街機」統一為「遊戲」,首頁,1,index.html 腳本33 第5361行（檔案第5361行）｜函式 r2AudioPanel,1,1,
T3263,新街機配樂,標籤,孩子,E,新遊戲配樂,「新街機」統一為「新遊戲」,首頁,1,index.html 腳本33 第5361行（檔案第5361行）｜函式 r2AudioPanel,2,0,
T3264,新街機配樂音量,無障礙標籤,孩子,E,新遊戲配樂音量,「新街機」統一為「新遊戲」,首頁,1,index.html 腳本33 第5361行（檔案第5361行）｜函式 r2AudioPanel,1,1,
T3266,所有街機沿用頁首聲效開關。靜音仍可遊玩；音量設為0會完全靜音。,說明,孩子,AE,所有街機沿用頁首聲效開關。靜音也可以玩。音量設為 0，就完全沒有聲音。,【連動】R3.4 程式用「所有街機沿用」作替換錨點，開頭不可改，要改須同步改 fx.js 的 replace,首頁,1,index.html 腳本33 第5361行（檔案第5361行）｜函式 r2AudioPanel,1,1,代碼錨點：R3.4 補丁以此文字為錨點，改字須同步改補丁；局部替換：「靜音仍可遊玩；音量設為0會完全靜音。」→「靜音也可以玩。音量設為 0，就完全沒有聲音。」
T3267,我的街機紀錄 · 原有21款紀錄繼續保留,標題,家長,E,我的遊戲紀錄 · 原有 21 款遊戲的紀錄繼續保留,「街機」統一為「遊戲」，數字加空格,家長頁,1,index.html 腳本33 第5362行（檔案第5362行）｜函式 r2Records,1,1,
T3268,舊遊戲沿用原本紀錄識別碼；五款新遊戲獨立記分，不把舊分數換算成新成績。,說明,家長,A,舊遊戲繼續用原本的紀錄。五款新遊戲另外記分，不會把舊分數換算成新成績。,「識別碼」「獨立記分」是術語,家長頁,1,index.html 腳本33 第5362行（檔案第5362行）｜函式 r2Records,1,1,
T3271,這是本機紀錄，不會從其他瀏覽器自動搬入。V33 原件未取回，未知 V33 存檔格式不會猜測轉換。,說明,家長,A,這些紀錄只存在這個瀏覽器，不會從其他瀏覽器自動帶過來。找不到舊版 V33 的原檔，所以不會猜測它的存檔格式，也不會轉換。,「搬入」「未知存檔格式」書面或術語,家長頁,1,index.html 腳本33 第5362行（檔案第5362行）｜函式 r2Records,1,1,
T3272,瀏覽器未提供全螢幕，已使用頁內放大模式。,狀態,孩子,A,瀏覽器不能全螢幕，已改為在頁面內放大。,孩子句長 18 字,課堂中,1,index.html 腳本33 第5366行（檔案第5366行）｜函式 r2Fullscreen,1,1,
T3273,R2 獨立測試,標籤,兩者,E,測試專用,版本號與「獨立」是開發用語,首頁,1,index.html 腳本33 第5372行（檔案第5372行）,1,1,
T3274,英文＋數學＋街機 R2,標籤,兩者,E,英文、數學和遊戲,版本號與「街機」是開發用語,首頁,1,index.html 腳本33 第5372行（檔案第5372行）,1,1,
T3275,音量只在目前分頁生效，未能儲存。,狀態,兩者,D,音量只在這個分頁有效，沒有儲存成功。請再試一次。,沒說下一步,首頁,1,index.html 腳本33 第5376行（檔案第5376行）,1,1,
T3277,目前沒有寫入權，設定未更改,錯誤,家長,A,這個分頁不能儲存，設定沒有改動。請先按「在這個分頁編輯」。,「寫入權」是術語,家長頁,1,index.html 腳本33 第5391行（檔案第5391行）｜函式 r3SaveSettings,1,1,
T3278,另一個分頁更新了跨科資料，請重新開啟,錯誤,家長,A,另一個分頁更新了英文和數學的資料。請重新打開頁面。,「跨科」「重新開啟」書面,家長頁,1,index.html 腳本33 第5391行（檔案第5391行）｜函式 r3SaveSettings,1,1,
T3280,請先完成家長驗證並取得編輯權,錯誤,家長,A,請先完成家長確認，並按「在這個分頁編輯」,「編輯權」「家長驗證」是術語,家長頁,2,index.html 腳本33 第5392行（檔案第5392行）｜函式 r3Parent ‖ index.html 腳本33 第5392行（檔案第5392行）｜函式 r3Parent,2,2,
T3281,請先取得這個分頁的編輯權（關閉其他編輯分頁後按「取得編輯權」）,錯誤,家長,A,請先關閉其他正在編輯的分頁，再按「在這個分頁編輯」。,「編輯權」是術語,家長頁,1,index.html 腳本33 第5392行（檔案第5392行）｜函式 r3Parent,1,1,
T3282,資料處理尚未完成，暫停其他寫入,錯誤,家長,AD,資料還在處理，暫時不能儲存其他東西。請稍後再試。,「寫入」是術語，沒說下一步,家長頁,2,index.html 腳本33 第5392行（檔案第5392行）｜函式 r3Parent ‖ index.html 腳本33 第5392行（檔案第5392行）｜函式 r3Parent,2,2,
T3283,教材圖片或音訊仍在處理，請等待完成或取消後再備份／還原,錯誤,家長,A,教材的圖片或音檔還在處理。請等處理完成或取消，再備份／還原。,「音訊」不是香港慣用說法,少見,1,index.html 腳本33 第5393行（檔案第5393行）｜函式 r3PauseWork,1,1,
T3284,數學草稿未能儲存，未開始資料操作,錯誤,家長,D,數學草稿儲存失敗，所以沒有開始。請再試一次。,沒說下一步,少見,1,index.html 腳本33 第5393行（檔案第5393行）｜函式 r3PauseWork,1,1,
T3285,街機未能暫停,錯誤,家長,D,遊戲不能暫停。請先結束遊戲，再試一次。,沒說下一步,少見,1,index.html 腳本33 第5393行（檔案第5393行）｜函式 r3PauseWork,1,1,
T3286,現有資料未儲存，未開始資料操作,錯誤,家長,D,現有資料還沒儲存，所以沒有開始。請先儲存，再試一次。,沒說下一步,少見,1,index.html 腳本33 第5393行（檔案第5393行）｜函式 r3PauseWork,1,1,
T3287,需要 HTTPS 或 localhost 的原生密碼運算介面；未產生未校驗備份,錯誤,家長,A,這個瀏覽器不能檢查備份檔，所以沒有建立備份。請用 https 網址，或本機啟動器。,「HTTPS」「localhost」「原生密碼運算介面」是術語,少見,1,index.html 腳本33 第5394行（檔案第5394行）｜函式 r3Digest,1,1,
T3288,媒體讀取失敗,錯誤,家長,D,圖片或音檔讀取失敗，請再試一次。,沒說下一步,少見,1,index.html 腳本33 第5395行（檔案第5395行）｜函式 r.onerror,1,1,
T3289,無法建立復原日誌,錯誤,家長,ADE,無法建立備用紀錄。請稍後再試。,「復原日誌」是術語，沒說下一步,少見,1,index.html 腳本33 第5401行（檔案第5401行）｜函式 r.onerror,1,1,
T3291,復原日誌儲存失敗,錯誤,家長,ADE,備用紀錄儲存失敗，請稍後再試。,「復原日誌」是術語，沒說下一步,少見,1,index.html 腳本33 第5402行（檔案第5402行）｜函式 tx.onabort,1,1,
T3292,媒體交易失敗,錯誤,家長,AD,圖片或音檔處理失敗，請再試一次。,「媒體交易」是術語，沒說下一步,少見,1,index.html 腳本33 第5403行（檔案第5403行）｜函式 tx.onabort,1,1,
T3293,資料已提交，但收尾未完成；請用恢復中斷交易完成處理。,說明,家長,A,資料已儲存，但最後一步還沒完成。請按「處理未完成的操作」完成。,「提交」「收尾」「交易」是術語,少見,1,index.html 腳本33 第5411行（檔案第5411行）｜函式 r3Transaction,1,1,
T3294,資料交易中斷，復原日誌已保留。請勿清除瀏覽器資料：,說明,家長,AB,資料處理中途停了，備用紀錄已保留。請不要清除瀏覽器的資料：,「交易」「復原日誌」「請勿」書面或術語,少見,2,index.html 腳本33 第5412行（檔案第5412行）｜函式 r3Transaction ‖ index.html 腳本33 第5413行（檔案第5413行）｜函式 r3Transaction,2,2,字串片段（與其他片段拼接成一句，須成對修改）
T3295,找不到復原日誌,錯誤,家長,ADE,找不到備用紀錄。請用家庭備份還原。,「復原日誌」是術語，沒說下一步,少見,2,index.html 腳本33 第5413行（檔案第5413行）｜函式 r3Transaction ‖ index.html 腳本33 第5575行（檔案第5575行）｜函式 rescueGuide,2,2,
T3296,請先完成家長驗證，再按恢復中斷交易,錯誤,家長,AE,請先完成家長確認，再按「處理未完成的操作」,「交易」「恢復」「驗證」統一,少見,1,index.html 腳本33 第5418行（檔案第5418行）｜函式 r3Recover,1,1,
T3297,請先取得目前分頁的編輯權,錯誤,家長,A,請先按「在這個分頁編輯」,「編輯權」是術語,少見,1,index.html 腳本33 第5418行（檔案第5418行）｜函式 r3Recover,1,1,
T3298,未知交易狀態，沒有修改資料,錯誤,家長,A,未完成操作的狀態不明，資料沒有改動。,「未知交易狀態」是術語,少見,1,index.html 腳本33 第5419行（檔案第5419行）｜函式 r3Recover,1,1,
T3299,復原日誌遺失，不能安全恢復。請保留資料並從家庭備份還原。,錯誤,家長,AE,備用紀錄不見了，不能安全地處理。請保留現有資料，並用家庭備份還原。,「復原日誌」「恢復」是術語,少見,1,index.html 腳本33 第5419行（檔案第5419行）｜函式 r3Recover,1,1,
T3300,已完成已提交交易的收尾。,狀態,家長,A,已完成未完成的操作。,「已提交交易的收尾」是術語,少見,1,index.html 腳本33 第5419行（檔案第5419行）｜函式 r3Recover,1,1,
T3301,已恢復交易前資料。,狀態,家長,AE,已回到操作之前的資料。,「恢復交易前」是術語,少見,1,index.html 腳本33 第5419行（檔案第5419行）｜函式 r3Recover,1,1,
T3302,匯出期間資料有變動，請暫停學習後重試；沒有產生不一致備份,錯誤,家長,A,匯出期間資料有改動，所以沒有建立備份。請先暫停學習，再試一次。,「不一致備份」是術語,少見,1,index.html 腳本33 第5422行（檔案第5422行）｜函式 r3Export,1,1,
T3303,含學員姓名及學習紀錄，未加密；不含帳戶密碼或API金鑰。,說明,家長,AE,備份檔有孩子的姓名和學習紀錄，沒有加密。不含帳戶密碼和語音服務的金鑰。,「學員」「API金鑰」是術語,少見,1,index.html 腳本33 第5422行（檔案第5422行）｜函式 r3Export｜欄位 warning,1,1,
T3304,匯出校驗期間資料或身份改變，沒有產生備份,錯誤,家長,A,匯出檢查期間，資料或帳戶有改動，所以沒有建立備份。請再試一次。,「校驗」「身份」是術語,少見,1,index.html 腳本33 第5422行（檔案第5422行）｜函式 r3Export,1,1,
T3305,家庭備份超過140 MB，未產生無法還原的檔案,錯誤,家長,A,家庭備份超過 140 MB，所以沒有建立備份檔。,「未產生無法還原的檔案」難讀,少見,1,index.html 腳本33 第5422行（檔案第5422行）｜函式 r3Export,1,1,
T3306,家庭備份超過140 MB或未選檔案,錯誤,家長,A,家庭備份檔超過 140 MB，或還沒選擇檔案。,數字與單位之間加空格,少見,1,index.html 腳本33 第5423行（檔案第5423行）｜函式 r3ValidatePack,1,1,
T3307,備份校驗失敗：檔案可能不完整或曾被修改，沒有寫入資料,錯誤,家長,AB,備份檢查失敗，檔案可能不完整，或有人改過。資料沒有改動。,「校驗」「寫入」是術語，「被修改」被動語,少見,1,index.html 腳本33 第5423行（檔案第5423行）｜函式 r3ValidatePack,1,1,
T3308,家庭備份已還原。所有孩子、數學及媒體均已處理；歷史數學獎勵不重派。,狀態,家長,A,家庭備份已還原。所有孩子、數學紀錄、圖片和音檔都已處理。舊的數學獎勵不會再給一次。,「媒體」「不重派」是術語,少見,1,index.html 腳本33 第5432行（檔案第5432行）｜函式 r3Restore,1,1,
T3309,上次家庭交易未完成，標記仍在。清除目前帳戶資料後，所有孩子、教材、進度及自訂媒體都會消失，未完成標記會一併清除，之後只能靠家庭備份還原。\n\n如果你有家庭備份，請按「取消」，改用「還原家庭備份」。\n\n仍要清除目前帳戶資料？,確認框,家長,A,上次有一個操作沒有完成。\n\n清除目前帳戶的資料後，所有孩子、教材、進度和自訂的圖片音檔都會消失，未完成的標記也會一起清除，之後只能用家庭備份還原。\n\n如果你有家庭備份，請按「取消」，改用「還原家庭備份」。\n\n仍要清除目前帳戶的資料嗎？,一句 47 字，「交易」「標記」難明,首頁,1,index.html 腳本33 第5433行（檔案第5433行）,1,1,
T3310,清除目前家庭的英文、數學、奧數、街機、跨科使用紀錄、自訂圖片／音訊及所有本機復原副本？其他家庭不受影響。請先匯出家庭完整備份。,確認框,家長,AE,要清除目前家庭的英文、數學、奧數、遊戲、使用時間紀錄、自訂圖片／音檔，和所有備用副本嗎？其他家庭不受影響。請先匯出家庭完整備份。,「復原副本」「街機」統一用語,首頁,1,index.html 腳本33 第5433行（檔案第5433行）,1,1,
T3311,目前家庭資料及相關復原副本已清除。,狀態,家長,E,目前家庭的資料和備用副本已清除。,「復原副本」統一為「備用副本」,首頁,1,index.html 腳本33 第5433行（檔案第5433行）,1,1,
T3312,家庭資料處理或恢復未完成，暫停其他儲存。,說明,家長,DE,家庭資料的處理還沒完成，暫時不能儲存其他資料。請到「家長 → 家庭管理」處理。,「恢復」統一，沒說下一步,首頁,1,index.html 腳本33 第5434行（檔案第5434行）,1,1,
T3322,"今天全站已用 ${Math.ceil(F3.usageTotal(set,c.id)/60000)}／${set.limitMinutes} 分鐘。跨科計時由R3啟用起記錄，不回填舊版的未知時段。",說明,家長,A,"今天英文、數學和遊戲一共用了 ${Math.ceil(F3.usageTotal(set,c.id)/60000)}／${set.limitMinutes} 分鐘。計時從啟用這項功能時開始，更早的時間沒有紀錄，不會補上。",「全站」「回填」是術語,家長頁,1,index.html 腳本33 第5436行（檔案第5436行）｜函式 r3ReportHTML,1,1,
T3325,備份包括全部孩子的英文、普通數學、奧數、街機、跨科設定及自訂媒體。不包含登入密碼；請把檔案當成私人資料保管。,說明,家長,A,備份包括全部孩子的英文、普通數學、奧數、遊戲、時間設定，以及自訂的圖片和音檔。不包含登入密碼。請把檔案當作私人資料，妥善保管。,一段多個意思，「街機」統一,家長頁,1,index.html 腳本33 第5438行（檔案第5438行）｜函式 r3Panel,1,1,
T3327,裝置與保存檢查,按鈕,家長,E,裝置與儲存檢查,「保存」統一為「儲存」,家長頁,2,index.html 腳本33 第5438行（檔案第5438行）｜函式 r3Panel ‖ index.html 腳本33 第5500行（檔案第5500行）｜函式 r32OpenHealth,2,2,
T3331,恢復中斷交易,按鈕,家長,AE,處理未完成的操作,「恢復中斷交易」是術語,家長頁,3,index.html 腳本33 第5438行（檔案第5438行）｜函式 r3Panel ‖ index.html 腳本33 第5440行（檔案第5440行）｜函式 r3Decorate ‖ index.html 腳本33 第5713行（檔案第5713行）｜函式 wq20MinimalPanel,11,5,
T3332,搬入舊數學紀錄,按鈕,家長,E,轉入舊數學紀錄,「搬入」「轉移」統一為「轉」,家長頁,1,index.html 腳本33 第5438行（檔案第5438行）｜函式 r3Panel,1,1,
T3334,全站總時限（包括街機，分鐘）,標籤,家長,AE,每日總時間上限（包括遊戲，分鐘）,「全站」「街機」統一用語,家長頁,1,index.html 腳本33 第5438行（檔案第5438行）｜函式 r3Panel,1,1,
T3337,奧數建議分鐘（0即不安排）,標籤,家長,A,奧數建議分鐘（填 0 就不安排）,「0即不安排」難讀,家長頁,1,index.html 腳本33 第5438行（檔案第5438行）｜函式 r3Panel,1,1,
T3339,這是同一瀏覽器的家長時限，不是伺服器防作弊或系統級螢幕管理。,說明,家長,A,這是在同一個瀏覽器裏的家長時限。它不能防止作弊，也不是裝置的螢幕時間管理。,「伺服器防作弊」「系統級」是術語,家長頁,1,index.html 腳本33 第5438行（檔案第5438行）｜函式 r3Panel,1,1,
T3340,讀題聲線,標題,家長,E,讀題聲音,「聲線」統一為「聲音」,家長頁,1,index.html 腳本33 第5438行（檔案第5438行）｜函式 r3Panel,2,1,
T3342,裝置聲線（離線可用性按裝置）,選項,家長,A,裝置的聲音（沒有網絡時能否使用，視乎裝置）,「離線可用性按裝置」是術語,家長頁,1,index.html 腳本33 第5438行（檔案第5438行）｜函式 r3Panel,1,1,
T3344,同網站服務路徑,標籤,家長,A,語音服務的路徑（同一個網站內）,「同網站服務路徑」難明,家長頁,1,index.html 腳本33 第5438行（檔案第5438行）｜函式 r3Panel,1,1,
T3345,聲線代號,標籤,家長,AE,聲音代號,「聲線」統一為「聲音」,家長頁,1,index.html 腳本33 第5438行（檔案第5438行）｜函式 r3Panel,1,1,
T3347,儲存聲線設定,按鈕,家長,E,儲存聲音設定,「聲線」統一為「聲音」,家長頁,1,index.html 腳本33 第5438行（檔案第5438行）｜函式 r3Panel,1,1,
T3348,未部署服務或未設定伺服器金鑰時，不會聲稱固定聲線已可用；API金鑰不得貼在此處。,說明,家長,AB,還沒安裝語音服務，或沒有設定伺服器金鑰時，固定的聲音不能使用。請不要把 API 金鑰貼在這裏。,「未部署」「不得」是術語或書面,家長頁,1,index.html 腳本33 第5438行（檔案第5438行）｜函式 r3Panel,1,1,
T3350,${esc(c.name)}，按以下次序完成今天的小目標。每個入口沿用原有作答及獎勵規則。,說明,孩子,A,${esc(c.name)}，照下面的次序，完成今天的小目標。每個入口的作答和獎勵規則都不變。,「按以下次序」「沿用」書面,首頁,1,index.html 腳本33 第5439行（檔案第5439行）｜函式 r3Plan,1,1,
T3356,"今天全站已用 ${Math.ceil(F3.usageTotal(s,c.id)/60000)}／${s.limitMinutes} 分鐘。",說明,孩子,A,"今天一共用了 ${Math.ceil(F3.usageTotal(s,c.id)/60000)}／${s.limitMinutes} 分鐘。",「全站」是術語,首頁,1,index.html 腳本33 第5439行（檔案第5439行）｜函式 r3Plan,1,1,
T3357,上次家庭資料交易尚未完成，已暫停寫入。,說明,家長,AD,上次有一個操作沒有完成，所以暫時不能儲存。請到「家長 → 家庭管理」按「處理未完成的操作」。,「交易」「寫入」是術語，沒說下一步,家長頁,1,index.html 腳本33 第5440行（檔案第5440行）｜函式 r3Decorate,1,1,
T3360,保留每科的獨立進度，用同一個每日時間安排。,說明,家長,A,每一科的進度分開，共用同一個每日時間安排。,「獨立進度」難明,家長頁,1,index.html 腳本33 第5440行（檔案第5440行）｜函式 r3Decorate,1,1,
T3363,一次備份英文、數學、奧數、街機及自訂媒體，也可搬入舊數學學員紀錄。,說明,家長,AE,一次備份英文、數學、奧數、遊戲和自訂的圖片音檔，也可轉入舊數學紀錄。,「學員」「搬入」「街機」統一用語,家長頁,1,index.html 腳本33 第5440行（檔案第5440行）｜函式 r3Decorate,1,1,
T3365,WordQuest R3.4 · 森林學園,標籤,家長,E,WordQuest · 森林學園,版本號是開發用語,家長頁,1,index.html 腳本33 第5440行（檔案第5440行）｜函式 r3Decorate,2,1,
T3368,${wq20RestoreNote()}會取代目前家庭的孩子、教材、進度及媒體，不是合併。登入密碼不變。同一家庭還原會保留目前金幣、街機局面及較高使用時間，避免重複免費入場。建議先匯出目前家庭備份。,說明,家長,A,${wq20RestoreNote()}會取代目前家庭的孩子、教材、進度、圖片和音檔，不是合併。登入密碼不變。還原同一個家庭時，會保留現在的金幣、遊戲進度和較長的使用時間，免得重複免費入場。建議先匯出目前家庭備份。,「媒體」「局面」是術語,首頁,1,index.html 腳本33 第5443行（檔案第5443行）,1,1,局部替換：「會取代目前家庭的孩子、教材、進度及媒體，不是合併。登入密碼不變。同一家庭還原會保留目前金幣、街機局面及較高使用時間，避免重複免費入場。建議先匯出目前家庭備份。」→「會取代目前家庭的孩子、教材、進度、圖片和音檔，不是合併。登入密碼不變。還原同一個家庭時，會保留現在的金幣、遊戲進度和較長的使用時間，免得重複免費入場。建議先匯出目前家庭備份。」
T3373,復原完成。,狀態,家長,E,還原完成。,「復原」「還原」混用,首頁,2,index.html 腳本33 第5446行（檔案第5446行） ‖ index.html 腳本33 第5446行（檔案第5446行）,2,2,
T3374,沒有待恢復的家庭交易。,狀態,家長,AE,沒有未完成的操作。,「待恢復的家庭交易」是術語,首頁,2,index.html 腳本33 第5446行（檔案第5446行） ‖ index.html 腳本33 第5446行（檔案第5446行）,2,2,
T3375,上次家庭交易未完成，這個功能暫停。請先恢復或還原備份。,錯誤,家長,AE,上次有一個操作沒有完成，這個功能暫時不能用。請先按「處理未完成的操作」，或用備份還原。,「交易」「恢復」是術語,少見,1,index.html 腳本33 第5446行（檔案第5446行）,1,1,
T3376,已產生備份，但上次家庭交易未完成，內容可能不完整。請核對孩子與紀錄數後，才用它還原。,狀態,家長,A,已建立備份，但上次有一個操作沒有完成，內容可能不完整。請先核對孩子和紀錄的數量，再用它還原。,「交易」是術語,首頁,1,index.html 腳本33 第5446行（檔案第5446行）,1,1,
T3377,完整家庭備份已產生，請保留下載檔。,狀態,家長,B,完整家庭備份已建立，請保管好下載的檔案。,「已產生」「保留」書面,首頁,1,index.html 腳本33 第5446行（檔案第5446行）,1,1,
T3380,在數學家長頁按「搬入舊學員紀錄」，核對來源與目前孩子。,狀態,家長,E,在數學家長頁按「轉入舊數學紀錄」，核對來源和目前的孩子。,「學員」「搬入」統一,首頁,1,index.html 腳本33 第5446行（檔案第5446行）,1,1,
T3383,設定已儲存；須另行部署語音服務才能使用。,狀態,兩者,B,設定已儲存。要另外安裝語音服務才能使用。,「須另行部署」書面,首頁,1,index.html 腳本33 第5446行（檔案第5446行）,1,1,
T3384,全站計時未能儲存，已暫停學習：,說明,家長,AD,時間紀錄儲存失敗，已暫停學習：,「全站計時」是術語,少見,1,index.html 腳本33 第5448行（檔案第5448行）｜函式 r3Tick,1,1,字串片段（與其他片段拼接成一句，須成對修改）
T3385,資料暫時未能保存,說明,家長,DE,資料暫時儲存不到。,「保存」統一，沒說下一步,少見,1,index.html 腳本33 第5449行（檔案第5449行）｜函式 r3Block,1,1,
T3387,請保留本頁，檢查儲存或匯出備份。,說明,家長,A,請不要關閉這個頁面。檢查儲存設定，或匯出備份。,「保留本頁」不清楚,少見,1,index.html 腳本33 第5449行（檔案第5449行）｜函式 r3Block,1,1,
T3388,已達家庭設定的全站時限。英文、數學與街機共用同一時限，家長可驗證後調整。,說明,家長,AD,今天的使用時間已用完（家庭設定的上限）。英文、數學和遊戲一起計算。家長確認後可以調整。,「全站時限」「驗證」是術語,少見,1,index.html 腳本33 第5449行（檔案第5449行）｜函式 r3Block,1,1,
T3389,返回主頁,按鈕,家長,E,返回首頁,「主頁」「首頁」混用,少見,1,index.html 腳本33 第5449行（檔案第5449行）｜函式 r3Block,1,1,
T3390,家庭資料交易未完成，請先在家長頁恢復,錯誤,家長,AE,有操作沒有完成。請先到家長頁按「處理未完成的操作」。,「交易」「恢復」是術語,少見,1,index.html 腳本33 第5450行（檔案第5450行）｜函式 assertStudy｜欄位 assertStudy,1,1,
T3391,已達今天的全站時限，請休息或由家長調整。,錯誤,家長,A,今天的使用時間已用完。請休息一下，或由家長調整。,「全站時限」是術語,少見,1,index.html 腳本33 第5450行（檔案第5450行）｜函式 assertStudy｜欄位 assertStudy,1,1,
T3392,這份舊備份已搬入目前孩子，沒有重複搬入,錯誤,家長,E,這份舊備份已轉入目前的孩子，沒有重複轉入。,「搬入」統一為「轉入」,少見,1,index.html 腳本33 第5450行（檔案第5450行）｜函式 recordMigration｜欄位 recordMigration,1,1,
T3393,上次家庭交易未完成，已暫停寫入。請到「家長 → 家庭管理」按「恢復中斷交易」；若日誌遺失，請用家庭備份還原。,說明,家長,AE,上次有一個操作沒有完成，暫時不能儲存。請到「家長 → 家庭管理」按「處理未完成的操作」。如果備用紀錄不見了，請用家庭備份還原。,「交易」「寫入」「日誌」是術語,首頁,1,index.html 腳本33 第5459行（檔案第5459行）,1,1,
T3395,請用 HTTPS 或本機啟動器開啟，直接雙擊HTML不能安裝離線快取,錯誤,家長,A,請用 https 網址或本機啟動器開啟。直接雙擊檔案，不能安裝離線資料。,「HTML」「快取」是術語,少見,1,index.html 腳本33 第5473行（檔案第5473行）｜函式 r3PrepareOffline,1,1,
T3396,下載OCR程式及英文模型到這個瀏覽器，可能使用數十至過百MB儲存空間。圖片不會傳到CDN。這不是已完成OCR準確度驗收。,確認框,家長,A,要把相片辨認程式和英文資料，下載到這個瀏覽器嗎？可能佔用數十至過百 MB 的儲存空間。相片不會上傳到網上。這個功能的準確度還沒有經過正式測試。,「OCR」「CDN」「驗收」是術語,少見,1,index.html 腳本33 第5473行（檔案第5473行）｜函式 r3PrepareOffline,1,1,
T3397,離線服務未能啟動,錯誤,家長,D,離線功能啟動失敗。請用 https 網址或本機啟動器再試。,沒說下一步,少見,1,index.html 腳本33 第5474行（檔案第5474行）｜函式 r3PrepareOffline,1,1,
T3398,帳戶或家長授權已改變，安裝已取消,錯誤,家長,D,帳戶或家長確認已改變，已取消安裝。請重新操作。,「授權」是術語，沒說下一步,少見,1,index.html 腳本33 第5475行（檔案第5475行）｜函式 r3PrepareOffline,1,1,
T3399,準備OCR資料 ,狀態,家長,A,準備相片辨認資料 ,「OCR」是術語,少見,1,index.html 腳本33 第5475行（檔案第5475行）｜函式 r3PrepareOffline,1,1,字串片段（與其他片段拼接成一句，須成對修改）
T3401,OCR檔案大小不合理,錯誤,家長,AD,相片辨認的檔案大小不正常，可能下載不完整。請再試一次。,「OCR」是術語，沒說下一步,少見,1,index.html 腳本33 第5475行（檔案第5475行）｜函式 r3PrepareOffline,1,1,
T3402,不是有效WASM檔案：,錯誤,家長,A,辨認程式檔案不正確：,「WASM」是術語,少見,1,index.html 腳本33 第5475行（檔案第5475行）｜函式 r3PrepareOffline,1,1,字串片段（與其他片段拼接成一句，須成對修改）
T3403,不是有效英文模型壓縮檔,錯誤,家長,AD,英文資料檔案不正確，請再試一次。,「模型壓縮檔」是術語,少見,1,index.html 腳本33 第5475行（檔案第5475行）｜函式 r3PrepareOffline,1,1,
T3404,所有OCR資源已下載及逐檔校驗。請先匯出學習備份，重新開啟本頁後，再斷網辨識一張真實印刷課文驗收。,狀態,家長,A,相片辨認所需的資料已全部下載並檢查過。請先匯出學習備份，重新打開這個頁面，再關掉網絡，辨認一張真實的印刷課文，確認可以使用。,「OCR」「逐檔校驗」「驗收」是術語,少見,1,index.html 腳本33 第5476行（檔案第5476行）｜函式 r3PrepareOffline,1,1,
T3405,本機OCR載入逾時,錯誤,家長,AD,相片辨認載入逾時，請再試一次。,「OCR」是術語，沒說下一步,少見,1,index.html 腳本33 第5479行（檔案第5479行）,1,1,
T3406,本機OCR未齊，請重新準備離線資料,錯誤,家長,A,相片辨認資料不齊全，請重新準備離線資料。,「OCR」是術語,少見,1,index.html 腳本33 第5479行（檔案第5479行）｜函式 s.onerror,1,1,
T3408,固定聲線需要使用本機語音啟動器或HTTPS網站,錯誤,孩子,A,固定的聲音，要用本機語音啟動器或 https 網站。,孩子句長 18 字,課堂中,1,index.html 腳本33 第5481行（檔案第5481行）｜函式 speak｜欄位 speak,1,1,
T3410,語音服務未設定金鑰。可在家長頁改回裝置聲線。,錯誤,兩者,AE,語音服務還沒有設定金鑰。可在家長頁改回使用裝置聲音。,「聲線」統一為「聲音」,課堂中,1,index.html 腳本33 第5481行（檔案第5481行）｜函式 speak｜欄位 speak,1,1,
T3412,語音服務未傳回音訊,錯誤,孩子,E,語音服務沒有傳回聲音,「音訊」統一為「聲音」,課堂中,1,index.html 腳本33 第5481行（檔案第5481行）｜函式 speak｜欄位 speak,1,1,
T3413,語音回應大小不合理,錯誤,孩子,A,語音服務傳回的檔案大小不正常,「回應大小不合理」是術語,課堂中,1,index.html 腳本33 第5481行（檔案第5481行）｜函式 speak｜欄位 speak,1,1,
T3414,離線照片辨識,標題,兩者,E,離線相片辨認,「照片辨識」與「相片辨認」不一致,首頁,1,index.html 腳本33 第5483行（檔案第5483行）,1,1,
T3415,程式包未附完整OCR二進制資源。可在連線時下載到此瀏覽器，完成後由本機辨識印刷英文字；不支援手寫。,說明,家長,AD,程式包沒有附上完整的相片辨認資料。連上網絡時，可以下載到這個瀏覽器。之後就能在本機辨認印刷的英文字。不支援手寫。,「OCR 二進制資源」是術語,首頁,1,index.html 腳本33 第5483行（檔案第5483行）,1,1,
T3416,準備離線OCR,按鈕,家長,A,準備離線相片辨認,「OCR」是術語,首頁,1,index.html 腳本33 第5483行（檔案第5483行）,1,1,
T3418,OCR資源齊備；仍須實際斷網辨識驗收。,狀態,家長,A,相片辨認資料已齊全。請關掉網絡，實際試一次。,「OCR」「驗收」是術語,少見,1,index.html 腳本33 第5483行（檔案第5483行）｜函式 ?.onclick,1,1,
T3419,本機OCR資源未齊或離線服務尚未控制此頁。,狀態,家長,A,相片辨認資料不齊全，或離線功能還沒啟用。,「OCR」「控制此頁」是術語,少見,1,index.html 腳本33 第5483行（檔案第5483行）｜函式 ?.onclick,1,1,
T3421,此頁只讀取目前狀態，不會更改學員資料。,說明,家長,E,這個頁面只顯示目前狀態，不會改動孩子的資料。,「學員」「孩子」混用,少見,1,index.html 腳本33 第5500行（檔案第5500行）｜函式 r32OpenHealth,1,1,
T3424,安全網址環境,說明,家長,A,安全連線（https）,「安全網址環境」是術語,少見,1,index.html 腳本33 第5500行（檔案第5500行）｜函式 r32OpenHealth,1,1,
T3425,否，請用本機啟動器或 HTTPS,對話框,家長,A,否，請用本機啟動器，或 https 網址,「HTTPS」大小寫與其他處不一致,少見,1,index.html 腳本33 第5500行（檔案第5500行）｜函式 r32OpenHealth,1,1,
T3426,本分頁編輯權,說明,家長,A,這個分頁可否編輯,「編輯權」是術語,少見,1,index.html 腳本33 第5500行（檔案第5500行）｜函式 r32OpenHealth,1,1,
T3428,唯讀，請關閉其他編輯分頁再取得編輯權,對話框,家長,A,只能查看。請關閉其他正在編輯的分頁，再按「在這個分頁編輯」。,「唯讀」「編輯權」是術語,少見,1,index.html 腳本33 第5500行（檔案第5500行）｜函式 r32OpenHealth,1,1,
T3429,中斷交易,說明,家長,A,未完成的操作,「中斷交易」是術語,少見,1,index.html 腳本33 第5500行（檔案第5500行）｜函式 r32OpenHealth,12,1,
T3430,待恢復；先不要清除資料,對話框,家長,E,待處理。請先不要清除資料。,「恢復」統一用語,少見,1,index.html 腳本33 第5500行（檔案第5500行）｜函式 r32OpenHealth,1,1,
T3431,沒有待恢復標記,對話框,家長,E,沒有待處理的標記,「恢復」統一用語,少見,1,index.html 腳本33 第5500行（檔案第5500行）｜函式 r32OpenHealth,1,1,
T3432,最近一次成功保存,說明,家長,E,最近一次成功儲存,「保存」統一為「儲存」,少見,1,index.html 腳本33 第5500行（檔案第5500行）｜函式 r32OpenHealth,1,1,
T3433,這次開啟尚未成功寫入,對話框,家長,AD,這次打開後，還沒有成功儲存過。,「寫入」是術語,少見,1,index.html 腳本33 第5500行（檔案第5500行）｜函式 r32OpenHealth,1,1,
T3434,下面的本機驗收頁只使用獨立測試資料。API測試通過，不等於所有學員資料已成功備份或還原。,說明,家長,AE,下面的本機測試頁只使用測試專用的資料。測試通過，不代表所有孩子的資料都已成功備份或還原。,「驗收」「API」「學員」是術語或混用,少見,1,index.html 腳本33 第5500行（檔案第5500行）｜函式 r32OpenHealth,1,1,
T3435,開啟本機驗收頁,按鈕,家長,A,打開本機測試頁,「驗收」是術語,少見,1,index.html 腳本33 第5500行（檔案第5500行）｜函式 r32OpenHealth,1,1,
T3438,復原日誌完整。請先按「恢復中斷交易」，把資料恢復到上次交易前；不要用備份或清除去覆蓋完好的復原日誌。,說明,家長,AE,備用紀錄完整。請先按「處理未完成的操作」，把資料回到上次操作之前。不要用備份或清除資料，去蓋掉完好的備用紀錄。,「復原日誌」「交易」「恢復」是術語,首頁,1,index.html 腳本33 第5543行（檔案第5543行）｜欄位 recover,1,1,
T3439,未能讀取復原日誌庫（瀏覽器儲存可能被封鎖或有其他分頁佔用）。為免覆蓋資料，救援還原和清除暫停。請關閉其他分頁、檢查瀏覽器儲存設定，再重新開啟本頁。,說明,家長,ABE,讀不到備用紀錄（瀏覽器的儲存可能被阻止，或被其他分頁佔用）。為了不蓋掉資料，還原和清除暫時不能使用。請關閉其他分頁、檢查瀏覽器的儲存設定，再重新打開這個頁面。,「復原日誌庫」「救援」「為免」是術語或書面,首頁,1,index.html 腳本33 第5544行（檔案第5544行）｜欄位 error,1,1,
T3440,上次家庭交易未完成：請先恢復,標題,家長,AE,上次有操作沒有完成：請先處理,「交易」「恢復」是術語,少見,1,index.html 腳本33 第5573行（檔案第5573行）｜函式 rescueGuide｜欄位 title,1,1,
T3441,未能讀取復原日誌,標題,家長,AE,讀不到備用紀錄,「復原日誌」是術語,少見,1,index.html 腳本33 第5574行（檔案第5574行）｜函式 rescueGuide｜欄位 title,2,1,
T3442,復原日誌已損壞,說明,家長,ADE,備用紀錄已損壞。請用家庭備份還原。,「復原日誌」是術語，沒說下一步,少見,1,index.html 腳本33 第5575行（檔案第5575行）｜函式 rescueGuide,1,1,
T3443,未完成標記的內容不明,說明,家長,D,未完成操作的內容不明。請用家庭備份還原。,沒說下一步,少見,1,index.html 腳本33 第5575行（檔案第5575行）｜函式 rescueGuide,1,1,
T3444,上次家庭交易未完成（,標題,家長,A,上次有操作沒有完成（,「交易」是術語,少見,1,index.html 腳本33 第5576行（檔案第5576行）｜函式 rescueGuide｜欄位 title,1,1,字串片段（與其他片段拼接成一句，須成對修改）
T3445,系統不能自動恢復，作答與存檔已暫停，以免弄壞資料。請按次序處理：①先按「匯出家庭完整備份」留一份現場資料（可能不完整，只作保存）。②按「還原家庭備份」，選最近一次有效的家庭備份檔；成功後未完成標記會自動清除。③真的沒有備份，才用下面的「清除目前帳戶資料（最後手段）」重新開始（所有孩子、教材和紀錄會清空）。,說明,家長,AB,系統不能自動處理，作答和存檔已暫停，以免弄壞資料。請按次序做：①先按「匯出家庭完整備份」，留一份現在的資料（可能不完整，只作留底）。②按「還原家庭備份」，選最近一次有效的備份檔。成功後，未完成的標記會自動清除。③真的沒有備份，才按下面的「清除目前帳戶資料（最後手段）」重新開始。所有孩子、教材和紀錄都會清空。,一段 39 字多個步驟，「保存」統一,少見,1,index.html 腳本33 第5577行（檔案第5577行）｜函式 rescueGuide｜欄位 text,1,1,
T3446,現場沒有家庭主資料，沒有產生空白備份。,錯誤,家長,A,目前沒有家庭資料，所以沒有建立空白備份。,「現場家庭主資料」是術語,少見,1,index.html 腳本33 第5581行（檔案第5581行）｜函式 rescueExportCheck｜欄位 reason,1,1,
T3447,現場家庭主資料已損壞，沒有產生備份。,錯誤,家長,A,目前的家庭資料已損壞，所以沒有建立備份。,「現場家庭主資料」是術語,少見,1,index.html 腳本33 第5582行（檔案第5582行）｜函式 rescueExportCheck｜欄位 reason,1,1,
T3448,現場家庭主資料未通過檢查，沒有產生備份。,錯誤,家長,A,目前的家庭資料沒通過檢查，所以沒有建立備份。,「現場家庭主資料」是術語,少見,1,index.html 腳本33 第5583行（檔案第5583行）｜函式 rescueExportCheck｜欄位 reason,1,1,
T3449,現場家庭主資料沒有任何孩子，沒有產生空白備份。,錯誤,家長,A,目前的家庭資料裏沒有孩子，所以沒有建立空白備份。,「現場家庭主資料」是術語,少見,1,index.html 腳本33 第5584行（檔案第5584行）｜函式 rescueExportCheck｜欄位 reason,1,1,
T3450,上次家庭交易未完成，已暫停寫入。請到「家長 → 家庭管理」按「恢復中斷交易」；日誌遺失時，請用家庭備份還原。,說明,家長,AE,上次有一個操作沒有完成，暫時不能儲存。請到「家長 → 家庭管理」按「處理未完成的操作」。如果備用紀錄不見了，請用家庭備份還原。,「交易」「寫入」「日誌」是術語,少見,1,index.html 腳本33 第5661行（檔案第5661行）｜函式 wq20MarkerMsg,1,1,
T3451,原有資料需要恢復；目前不會改動。,說明,家長,E,原有資料需要還原。現在不會改動。,「恢復」統一為「還原」,少見,1,index.html 腳本33 第5662行（檔案第5662行）｜函式 wq20BlockedText,1,1,
T3452,上次家庭交易未完成：,說明,家長,AD,上次有操作沒有完成：,「交易」是術語,少見,1,index.html 腳本33 第5664行（檔案第5664行）｜函式 wq20RestoreNote,2,1,
T3453,還原成功後，未完成標記會一併清除並解除暫停寫入；若還原失敗，目前資料和標記會保留。,說明,家長,A,還原成功後，未完成的標記會一起清除，儲存也會恢復正常。如果還原失敗，目前的資料和標記會保留。,「暫停寫入」是術語,少見,1,index.html 腳本33 第5664行（檔案第5664行）｜函式 wq20RestoreNote,1,0,
T3456,現場資料不完整，不能先建立安全快照，沒有改動任何資料：,錯誤,家長,A,目前的資料不完整，不能先建立安全備份，所以沒有改動任何資料：,「現場」「安全快照」是術語,少見,1,index.html 腳本33 第5687行（檔案第5687行）｜函式 wq20RescueBegin,1,1,字串片段（與其他片段拼接成一句，須成對修改）
T3457,家庭備份與救援,對話框,家長,E,家庭備份與還原,「救援」「還原」統一為「還原」,少見,1,index.html 腳本33 第5713行（檔案第5713行）｜函式 wq20MinimalPanel,1,1,
T3459,救援說明,標題,家長,E,還原說明,「救援」「還原」統一為「還原」,少見,1,index.html 腳本33 第5719行（檔案第5719行）｜函式 wq20DecoratePanel,1,1,
T3460,正在檢查復原日誌…,說明,家長,AE,正在檢查備用紀錄…,「復原日誌」是術語,少見,1,index.html 腳本33 第5719行（檔案第5719行）｜函式 wq20DecoratePanel,1,1,
T3461,上次家庭交易未完成，這個功能暫停。,說明,家長,AD,上次有操作沒有完成，這個功能暫時不能用。請先處理未完成的操作。,「交易」是術語，沒說下一步,少見,1,index.html 腳本33 第5721行（檔案第5721行）｜函式 wq20DecoratePanel,2,1,
T3462,請先按「恢復中斷交易」,說明,家長,AE,請先按「處理未完成的操作」,「恢復中斷交易」是術語,少見,1,index.html 腳本33 第5732行（檔案第5732行）｜函式 wq20FillRescue,2,1,
T3465,教材清理失敗,錯誤,家長,D,清理教材失敗，請再試一次。,沒說下一步,少見,1,index.html 腳本33 第5752行（檔案第5752行）｜函式 tx.onabort,1,1,
T3466,家長驗證,標籤,家長,E,家長確認,「驗證」「確認」統一為「確認」,少見,1,index.html 腳本33 第5823行（檔案第5823行）｜函式 wq20ShowGate,10,1,
T3467,家長驗證已過期，請重新輸入密碼,說明,家長,E,家長確認已過期，請重新輸入密碼。,「驗證」統一為「確認」,少見,1,index.html 腳本33 第5824行（檔案第5824行）｜函式 wq20ShowGate,1,1,字串片段（與其他片段拼接成一句，須成對修改）
T3468,家長確認只維持 5 分鐘。驗證後會回到這個視窗，已填寫的內容不會丟失；然後請再按一次,說明,家長,AE,家長確認只維持 5 分鐘。確認後會回到這個視窗，已填寫的內容不會丟失。然後請再按一次,「驗證」統一，句子偏長,少見,1,index.html 腳本33 第5824行（檔案第5824行）｜函式 wq20ShowGate,1,0,字串片段（與其他片段拼接成一句，須成對修改）
T3471,已完成家長驗證,說明,家長,E,已完成家長確認,「驗證」統一為「確認」,少見,1,index.html 腳本33 第5840行（檔案第5840行）｜函式 wq20GateUnlock,1,1,字串片段（與其他片段拼接成一句，須成對修改）
T3479,請先選擇小朋友的年級。,狀態,家長,E,請先選擇孩子的年級。,「小朋友」「孩子」混用,家長頁,1,index.html 腳本33 第6046行（檔案第6046行）｜函式 gradeError,1,1,
T3501,${left} 粒星,無障礙標籤,孩子,E,${left} 顆星,口語字「粒」，書面語用「顆」,首頁,1,index.html 腳本33 第6356行（檔案第6356行）｜函式 decorate,1,1,
T3503,今輪 5 個金幣已用完，休息一下，或者去學習。,說明,孩子,AE,這輪的 5 枚金幣已用完。休息一下，或去學習。,「個金幣」量詞不當，孩子句長 17 字,首頁,1,index.html 腳本33 第6361行（檔案第6361行）｜函式 decorate,1,1,
T3504,金幣用完了，完成一段學習就有新金幣！,說明,孩子,A,金幣用完了。完成一段學習，就有新金幣！,孩子句長 16 字,首頁,1,index.html 腳本33 第6361行（檔案第6361行）｜函式 decorate,1,1,
T3506,動感效果（震動、閃光、彩帶、手機震動）,說明,兩者,A,動感效果（畫面震動、閃光、彩帶，手機也會震動）,「震動」與「手機震動」重複，不清楚,首頁,1,index.html 腳本33 第6381行（檔案第6381行）,1,0,
T3509,向上、下、左、右滑動畫面，滾動方塊。,提示,兩者,A,上下左右滑動畫面，滾動方塊。,「向上、下、左、右」繞口,首頁,1,index.html 腳本33 第6398行（檔案第6398行）｜欄位 rolling-block.hint,1,1,
T3512,向左或向右滑動換跑道，輕按跳躍，向下滑動滑行。,提示,兩者,A,左右滑動換跑道，輕按跳躍，向下滑動滑行。,孩子句長 20 字,首頁,2,index.html 腳本33 第6401行（檔案第6401行）｜欄位 forest-dash.hint ‖ index.html 腳本33 第6402行（檔案第6402行）｜欄位 ruins-courier.hint,2,2,
T3514,左右拖動移動，輕按開降落傘，向下滑動加速落下。,提示,兩者,A,左右拖動移動，輕按開降落傘，向下滑動加速。,孩子句長 20 字,首頁,1,index.html 腳本33 第6405行（檔案第6405行）｜欄位 lighthouse-well.hint,1,1,
T3515,左右拖動移動，輕按擊球，向上滑跳躍，向下滑打短球。,提示,兩者,A,左右拖動移動，輕按擊球。向上滑跳起，向下滑打短球。,孩子句長 21 字,首頁,1,index.html 腳本33 第6406行（檔案第6406行）｜欄位 harbor-volley.hint,1,1,
T3516,用手指左右拖動兔仔。,提示,兩者,E,用手指左右拖動小兔。,口語字「兔仔」，其他提示用書面語,首頁,1,index.html 腳本33 第6408行（檔案第6408行）｜欄位 moon-bells.hint,1,1,
T3525,先選下方積木，再輕按棋盤：第一下預覽，第二下放置。,提示,兩者,A,先選下面的積木，再輕按棋盤。第一下預覽，第二下放置。,孩子句長 21 字,首頁,1,index.html 腳本33 第6417行（檔案第6417行）｜欄位 honeycomb-puzzle.hint,1,1,
T3527,輕按畫面旋轉，左右滑動移動，向下滑直接落下。,提示,兩者,A,輕按旋轉，左右滑動移動，向下滑直接落下。,孩子句長 19 字,首頁,1,index.html 腳本33 第6419行（檔案第6419行）｜欄位 block-studio.hint,1,1,
T3528,離開,標籤,孩子,E,返回,與全站「返回」一致；完整按鈕寫「儲存並返回」，短字不能令人以為不存檔,課堂中,1,index.html 腳本33 第6497行（檔案第6497行）｜函式 docks｜欄位 leave,17,5,
T3530,還原,標籤,孩子,E,縮小,「還原」只用於備份，這裏是離開放大畫面；原文「放大／還原」兩個意思，短標籤只留一個易誤會,課堂中,1,index.html 腳本33 第6497行（檔案第6497行）｜函式 docks｜欄位 r2-full,59,1,
T3534,圖像參數無效,錯誤,孩子,AD,圖像資料不正確,「參數」是術語,課堂中,1,index.html 腳本36 第6580行（檔案第6580行）｜函式 n,1,1,
T3536,角的張開及半圓量角器；0度基線向右,說明,孩子,E,角的張開和半圓量角器；0 度基線向右,數字與單位之間加空格,課堂中,1,index.html 腳本36 第6585行（檔案第6585行）｜函式 angle,1,1,
T3591,這是探索教具，不是額外的作答題。可更改數值比較；本題的準確圖像及條件以題幹為準。,說明,孩子,A,這是探索教具，不是額外的題目。可以改變數值來比較。本題的圖像和條件，以題目文字為準。,「準確圖像及條件以題幹為準」書面,課堂中,1,index.html 腳本36 第6610行（檔案第6610行）｜函式 bindTool,1,1,
T3599,"24小時數字時間：${String(t.hour).padStart(2,'0')}:${String(t.minute).padStart(2,'0')}。移動分鐘時，時針也會相應移動。",說明,孩子,A,"24 小時制的數字時間：${String(t.hour).padStart(2,'0')}:${String(t.minute).padStart(2,'0')}。移動分鐘時，時針也會跟着移動。",「相應」書面,課堂中,1,index.html 腳本36 第6624行（檔案第6624行）｜函式 tool,1,1,字串片段（與其他片段拼接成一句，須成對修改）
T3603,量角時把頂點對中心、第一條邊對0度基線，再讀另一邊的刻度。,說明,孩子,A,量角時，把頂點對準中心，第一條邊對準 0 度基線。再讀另一邊的刻度。,孩子句長 25 字,課堂中,1,index.html 腳本36 第6624行（檔案第6624行）｜函式 tool,1,1,字串片段（與其他片段拼接成一句，須成對修改）
T3604,一層 ${t.sx*t.sy} 粒，共 ${t.sz} 層，合共 ${t.sx*t.sy*t.sz} 粒單位立方體。,說明,孩子,E,一層有 ${t.sx*t.sy} 個，共 ${t.sz} 層，合共 ${t.sx*t.sy*t.sz} 個單位立方體。,口語量詞「粒」，書面語用「個」,課堂中,1,index.html 腳本36 第6624行（檔案第6624行）｜函式 tool,1,1,字串片段（與其他片段拼接成一句，須成對修改）
T3618,整數超出範圍,錯誤,兩者,AD,數字超出範圍，請輸入較小的整數。,沒說下一步,課堂中,1,index.html 腳本37 第6641行（檔案第6641行）｜函式 int,1,1,
T3619,請輸入數字，不要輸入其他資料,錯誤,兩者,A,請只輸入數字。,「其他資料」不自然,課堂中,1,index.html 腳本37 第6646行（檔案第6646行）｜函式 numberText,1,1,
T3621,分母不可為零,錯誤,兩者,D,分母不可以是 0，請重新輸入。,沒說下一步,課堂中,1,index.html 腳本37 第6656行（檔案第6656行）,1,1,
T3623,帶分數格式不正確,錯誤,兩者,AD,帶分數的寫法不對，請再檢查。,「格式」是術語，沒說下一步,課堂中,1,index.html 腳本37 第6667行（檔案第6667行）,1,1,
T3627,算式有不支援的符號,錯誤,兩者,D,算式有不能使用的符號，請刪除後再試。,沒說下一步,課堂中,1,index.html 腳本37 第6690行（檔案第6690行）｜函式 parseExpr,1,1,
T3630,算式未完成,錯誤,兩者,D,算式還沒寫完，請補完整。,沒說下一步,課堂中,2,index.html 腳本37 第6692行（檔案第6692行）｜函式 atom ‖ index.html 腳本37 第6702行（檔案第6702行）｜函式 parseExpr,2,2,
T3631,括號未配對,錯誤,兩者,A,括號沒有配對，請檢查。,「未配對」書面,課堂中,1,index.html 腳本37 第6693行（檔案第6693行）｜函式 atom,1,1,
T3632,floor 格式,錯誤,兩者,A,floor（取整數部分）的寫法不對,「floor 格式」是英文術語,課堂中,2,index.html 腳本37 第6695行（檔案第6695行）｜函式 atom ‖ index.html 腳本37 第6695行（檔案第6695行）｜函式 atom,2,2,
T3634,不支援的算式名稱,錯誤,兩者,AD,算式中有不能使用的名稱。,「不支援」是術語,課堂中,1,index.html 腳本37 第6708行（檔案第6708行）｜函式 evaluate,1,1,
T3635,條件格式無效,錯誤,兩者,A,條件的寫法不正確。,「條件格式無效」是術語,課堂中,1,index.html 腳本37 第6714行（檔案第6714行）｜函式 constraint,1,1,
T3641,等於幾多？,標籤,兩者,E,等於多少？,口語字「幾多」，其他地方用書面語,課堂中,1,index.html 腳本37 第6745行（檔案第6745行）｜函式 speakMath,10,1,
T3642,題目缺少參數 ,錯誤,兩者,A,題目缺少數值 ,「參數」是術語,課堂中,1,index.html 腳本37 第6747行（檔案第6747行）｜函式 fill,1,1,字串片段（與其他片段拼接成一句，須成對修改）
T3643,內容版本不支援,錯誤,兩者,AD,題庫的版本不對，這個版本讀不了。,「內容版本不支援」是術語,課堂中,1,index.html 腳本37 第6749行（檔案第6749行）｜函式 library,1,1,
T3644,技能 ID 重複,錯誤,兩者,AE,題庫有重複的技能編號。,「ID」統一為「編號」,課堂中,1,index.html 腳本37 第6751行（檔案第6751行）｜函式 library,1,1,
T3645,路線無效,錯誤,兩者,A,題庫的路線設定不正確。,「無效」書面,課堂中,1,index.html 腳本37 第6751行（檔案第6751行）｜函式 library,2,1,
T3646,先備技能不存在,錯誤,兩者,A,題庫要求的前置技能找不到。,「先備技能」是術語,課堂中,1,index.html 腳本37 第6752行（檔案第6752行）｜函式 library,1,1,
T3647,先備技能循環,錯誤,兩者,A,題庫的前置技能互相依賴，形成循環。,「循環」是術語,課堂中,1,index.html 腳本37 第6753行（檔案第6753行）｜函式 visit,1,1,
T3648,題目 ID 無效,錯誤,兩者,AE,題目編號不正確。,「ID」統一為「編號」,課堂中,1,index.html 腳本37 第6754行（檔案第6754行）｜函式 library,1,1,
T3649,題型無效,錯誤,兩者,A,題型不正確。,「無效」書面,課堂中,1,index.html 腳本37 第6754行（檔案第6754行）｜函式 library,1,1,
T3650,技能沒有題目,錯誤,兩者,A,有技能沒有題目。,句子太簡略,課堂中,1,index.html 腳本37 第6755行（檔案第6755行）｜函式 library,1,1,
T3651,題目模板不存在,錯誤,兩者,AC,找不到題目的範本。,「模板」偏內地用語，香港用「範本」,課堂中,2,index.html 腳本37 第6759行（檔案第6759行）｜函式 generate ‖ index.html 腳本37 第6830行（檔案第6830行）｜函式 templateRef,2,2,
T3652,參數名稱無效,錯誤,兩者,A,題目的數值名稱不正確。,「參數」是術語,課堂中,1,index.html 腳本37 第6761行（檔案第6761行）｜函式 generate,1,1,
T3653,參數清單錯誤,錯誤,兩者,AD,題目的數值清單有誤。,「參數清單」是術語,課堂中,1,index.html 腳本37 第6761行（檔案第6761行）｜函式 generate,1,1,
T3654,參數對照無效,錯誤,兩者,A,題目的數值對照不正確。,「參數對照」是術語,課堂中,1,index.html 腳本37 第6761行（檔案第6761行）｜函式 generate,1,1,
T3655,小數不能四捨五入後冒充精確值,錯誤,兩者,ABD,小數不能四捨五入後，當作精確的答案。,「冒充」不自然,課堂中,1,index.html 腳本37 第6761行（檔案第6761行）｜函式 generate,1,1,
T3656,題目條件無法滿足,錯誤,兩者,AD,題目的條件無法同時成立，不能出題。,「無法滿足」是術語,課堂中,1,index.html 腳本37 第6764行（檔案第6764行）｜函式 generate,1,1,
T3659,請用題目指定的數字格式作答。,說明,兩者,A,請按題目要求的數字寫法作答。,「格式」是術語,課堂中,1,index.html 腳本37 第6776行（檔案第6776行）｜函式 mark｜欄位 message,1,1,
T3667,數學備份版本不支援,錯誤,家長,AD,數學備份的版本不對，這個版本讀不了。,「不支援」是術語,課堂中,1,index.html 腳本37 第6817行（檔案第6817行）｜函式 validateState,1,1,
T3668,數學資料過大,錯誤,兩者,AD,數學資料太大，不能處理。,沒說下一步,課堂中,1,index.html 腳本37 第6817行（檔案第6817行）｜函式 validateState,1,1,
T3669,資料層數太多,錯誤,兩者,A,資料層次太多，備份檔不正確。,「資料層數」是術語,課堂中,1,index.html 腳本37 第6818行（檔案第6818行）｜函式 scan,1,1,
T3670,資料含不安全欄位,錯誤,兩者,A,資料裏有不安全的項目，已拒絕。,「欄位」是術語,課堂中,1,index.html 腳本37 第6818行（檔案第6818行）｜函式 scan,1,1,
T3671,資料物件無效,錯誤,兩者,A,備份檔的資料格式不正確。,「資料物件」是術語,課堂中,1,index.html 腳本37 第6820行（檔案第6820行）｜函式 obj,2,1,
T3672,資料列表無效,錯誤,兩者,A,備份檔的資料格式不正確。,「資料列表」是術語,課堂中,1,index.html 腳本37 第6821行（檔案第6821行）｜函式 array,1,1,
T3673,資料文字無效,錯誤,兩者,A,備份檔的資料格式不正確。,「資料文字」是術語,課堂中,1,index.html 腳本37 第6822行（檔案第6822行）｜函式 string,2,1,
T3674,資料數值無效,錯誤,兩者,A,備份檔的資料格式不正確。,「資料數值」是術語,課堂中,1,index.html 腳本37 第6823行（檔案第6823行）｜函式 finite,1,1,
T3675,資料狀態無效,錯誤,兩者,A,備份檔的資料格式不正確。,「資料狀態」是術語,課堂中,1,index.html 腳本37 第6824行（檔案第6824行）｜函式 bool,1,1,
T3676,作答模式無效,錯誤,兩者,A,作答方式不正確。,「模式無效」書面,課堂中,1,index.html 腳本37 第6826行（檔案第6826行）｜函式 mode,1,1,
T3677,技能路線無效,錯誤,兩者,A,技能路線不正確。,「無效」書面,課堂中,1,index.html 腳本37 第6827行（檔案第6827行）｜函式 trackSkill,1,1,
T3678,答案缺少數值,錯誤,兩者,A,答案缺少數字。,「數值」書面,課堂中,1,index.html 腳本37 第6828行（檔案第6828行）｜函式 answer,1,1,
T3679,迷思代碼無效,錯誤,兩者,A,錯誤類型的代碼不正確。,「迷思代碼」是術語,課堂中,1,index.html 腳本37 第6829行（檔案第6829行）｜函式 code,1,1,
T3680,題目模板與技能不一致,錯誤,兩者,AC,題目範本和技能不相符。,「模板」「一致」書面或內地用語,課堂中,1,index.html 腳本37 第6830行（檔案第6830行）｜函式 templateRef,1,1,
T3681,重複搬移收據,錯誤,兩者,AE,重複的轉入紀錄。,「搬移」統一為「轉入」，「收據」是術語,課堂中,1,index.html 腳本37 第6831行（檔案第6831行）｜函式 validateState,1,1,
T3682,搬移收據格式錯誤,錯誤,兩者,AE,轉入紀錄的格式不正確。,「搬移收據」是術語,課堂中,1,index.html 腳本37 第6831行（檔案第6831行）｜函式 validateState,1,1,
T3684,作答 ID 無效,錯誤,兩者,AE,作答編號不正確。,「ID」統一為「編號」,課堂中,2,index.html 腳本37 第6833行（檔案第6833行）｜函式 validateState ‖ index.html 腳本37 第6876行（檔案第6876行）｜函式 record,2,2,
T3685,題目難度與模板不一致,錯誤,兩者,AC,題目難度和範本不相符。,「模板」是內地用語,課堂中,1,index.html 腳本37 第6833行（檔案第6833行）｜函式 validateState,1,1,
T3686,重溫日期無效,錯誤,兩者,A,重溫日期不正確。,「無效」書面,課堂中,1,index.html 腳本37 第6834行（檔案第6834行）｜函式 validateState,1,1,
T3687,重溫基準無效,錯誤,兩者,A,重溫的計算基準不正確。,「重溫基準」是術語,課堂中,1,index.html 腳本37 第6834行（檔案第6834行）｜函式 validateState,1,1,
T3688,語言設定無效,錯誤,兩者,A,語言設定不正確。,「無效」書面,課堂中,1,index.html 腳本37 第6835行（檔案第6835行）｜函式 validateState,1,1,
T3689,錢包日期無效,錯誤,兩者,AE,金幣日期不正確。,「錢包」統一為「金幣」,課堂中,1,index.html 腳本37 第6837行（檔案第6837行）｜函式 validateState,1,1,
T3690,錢包任務重複,錯誤,兩者,AE,金幣任務重複。,「錢包」統一為「金幣」,課堂中,1,index.html 腳本37 第6837行（檔案第6837行）｜函式 validateState,1,1,
T3691,使用時間日期無效,錯誤,兩者,A,使用時間的日期不正確。,「無效」書面,課堂中,1,index.html 腳本37 第6838行（檔案第6838行）｜函式 validateState,1,1,
T3693,策略卡不存在,錯誤,兩者,A,找不到這張策略卡。,「不存在」書面,課堂中,1,index.html 腳本37 第6839行（檔案第6839行）｜函式 validateState,1,1,
T3694,獎勵 ID 重複,錯誤,兩者,AE,獎勵編號重複。,「ID」統一為「編號」,課堂中,1,index.html 腳本37 第6840行（檔案第6840行）｜函式 validateState,1,1,
T3695,獎勵紀錄無效,錯誤,兩者,A,獎勵紀錄不正確。,「無效」書面,課堂中,1,index.html 腳本37 第6841行（檔案第6841行）｜函式 validateState,1,1,
T3696,獎勵日期或任務不一致,錯誤,兩者,A,獎勵的日期或任務對不上。,「不一致」書面,課堂中,1,index.html 腳本37 第6841行（檔案第6841行）｜函式 validateState,1,1,
T3698,錯題技能無效,錯誤,兩者,A,錯題的技能不正確。,「無效」書面,課堂中,1,index.html 腳本37 第6842行（檔案第6842行）｜函式 validateState,1,1,
T3699,錯題日期無效,錯誤,兩者,A,錯題日期不正確。,「無效」書面,課堂中,1,index.html 腳本37 第6842行（檔案第6842行）｜函式 validateState,1,1,
T3700,課堂技能無效,錯誤,兩者,AE,學習中的技能不正確。,「課堂」與「課」混用,課堂中,1,index.html 腳本37 第6843行（檔案第6843行）｜函式 validateState,1,1,
T3701,出題技能無效,錯誤,兩者,A,出題用的技能不正確。,「無效」書面,課堂中,1,index.html 腳本37 第6844行（檔案第6844行）｜函式 validateState,1,1,
T3702,已完成課堂無效,錯誤,兩者,AE,已完成的學習紀錄不正確。,「課堂」與「課」混用,課堂中,1,index.html 腳本37 第6845行（檔案第6845行）｜函式 validateState,1,1,
T3703,課堂模式無效,錯誤,兩者,AE,學習模式不正確。,「課堂」與「課」混用,課堂中,2,index.html 腳本37 第6845行（檔案第6845行）｜函式 validateState ‖ index.html 腳本37 第6847行（檔案第6847行）｜函式 validateState,2,2,
T3704,報錯技能不一致,錯誤,兩者,A,題目報錯的技能對不上。,「不一致」書面,課堂中,1,index.html 腳本37 第6846行（檔案第6846行）｜函式 validateState,1,1,
T3705,課堂狀態無效,錯誤,兩者,AE,學習狀態不正確。,「課堂」與「課」混用,課堂中,1,index.html 腳本37 第6847行（檔案第6847行）｜函式 validateState,1,1,
T3706,教學課堂缺少技能或示範題,錯誤,兩者,AE,教學課缺少技能或示範題。,「課堂」與「課」混用,課堂中,1,index.html 腳本37 第6847行（檔案第6847行）｜函式 validateState,1,1,
T3707,操作遊戲無效,錯誤,兩者,A,操作遊戲不正確。,「無效」書面,課堂中,1,index.html 腳本37 第6847行（檔案第6847行）｜函式 validateState,1,1,
T3708,課堂步驟無效,錯誤,兩者,AE,學習步驟不正確。,「課堂」與「課」混用,課堂中,1,index.html 腳本37 第6848行（檔案第6848行）｜函式 validateState,1,1,
T3709,這個課堂步驟缺少題目；已停止恢復，沒有覆蓋原資料,錯誤,兩者,AE,這個學習步驟缺少題目，所以停止還原。原有資料沒有改動。,「課堂」「恢復」「覆蓋」統一，原句是系統用語,課堂中,1,index.html 腳本37 第6850行（檔案第6850行）｜函式 validateState,1,1,
T3710,課堂題目位置無效,錯誤,兩者,AE,學習中的題目位置不正確。,「課堂」與「課」混用,課堂中,1,index.html 腳本37 第6851行（檔案第6851行）｜函式 validateState,1,1,
T3711,評分欄位無效,錯誤,兩者,A,評分資料不正確。,「欄位」是術語,課堂中,1,index.html 腳本37 第6854行（檔案第6854行）｜函式 validateState,1,1,
T3712,教具狀態過大,錯誤,兩者,AD,教具的資料太大，不能儲存。,「教具狀態過大」是術語,課堂中,1,index.html 腳本37 第6855行（檔案第6855行）｜函式 validateState,1,1,
T3713,舊題目版本不存在,錯誤,兩者,A,找不到舊版題目。,「版本不存在」是術語,課堂中,1,index.html 腳本37 第6858行（檔案第6858行）｜函式 validateState,1,1,
T3714,題庫已更新。舊作答、金幣及設定已保留；未完成的課堂請重新開始。舊版評分不會改寫，請做新題確認掌握情況。,說明,兩者,AE,題庫已更新。舊的作答、金幣和設定都保留。未完成的練習要重新開始。舊的評分不會改動，請做新題，確認掌握情況。,孩子句長 18 字，「課堂」與「練習」混用,課堂中,1,index.html 腳本37 第6864行（檔案第6864行）｜函式 validateState,1,1,
T3715,題庫進度版本不支援，請保留原備份,錯誤,家長,A,題庫進度的版本不對，這個版本讀不了。請保留原有備份。,「不支援」是術語,課堂中,1,index.html 腳本37 第6867行（檔案第6867行）｜函式 validateState,1,1,
T3716,題目路線、技能或難度不一致,錯誤,兩者,A,題目的路線、技能或難度對不上。,「不一致」書面,課堂中,1,index.html 腳本37 第6876行（檔案第6876行）｜函式 record,1,1,
T3717,題目答案與種子不一致,錯誤,兩者,A,題目答案和出題資料對不上。,「種子」是術語,課堂中,1,index.html 腳本37 第6876行（檔案第6876行）｜函式 record,1,1,
T3718,沒有合適模板,錯誤,兩者,AC,沒有合適的題目範本。,「模板」是內地用語,課堂中,1,index.html 腳本37 第6902行（檔案第6902行）｜函式 choose,1,1,
T3719,未能產生不同數字的新題，請改練另一個技能。,錯誤,兩者,A,未能出到數字不同的新題。請改練另一個技能。,孩子句長 19 字,課堂中,1,index.html 腳本37 第6908行（檔案第6908行）｜函式 nextQuestion,1,1,
T3721,每日任務已達上限,錯誤,兩者,D,今天的任務已達上限，明天再來。,沒說下一步,課堂中,1,index.html 腳本37 第6922行（檔案第6922行）｜函式 standaloneAward,1,1,
T3722,任務識別碼無效,錯誤,兩者,AE,任務編號不正確。,「識別碼」統一為「編號」,課堂中,1,index.html 腳本37 第6925行（檔案第6925行）｜函式 enqueueReward,1,1,
T3723,待結算獎勵已達上限，請先重試同步並匯出備份,錯誤,家長,A,未處理的獎勵已滿。請先按「重試未處理的獎勵」，並匯出備份。,「待結算」「同步」是術語,課堂中,1,index.html 腳本37 第6926行（檔案第6926行）｜函式 enqueueReward,1,1,
T3724,英文程式的孩子資料未能讀取,錯誤,兩者,AD,讀不到英文部分的孩子資料。請重新整理頁面再試。,「英文程式」難明，沒說下一步,少見,1,index.html 腳本38 第6943行（檔案第6943行）｜函式 profile｜欄位 profile,1,1,
T3725,孩子或帳戶已切換；沒有發放獎勵,錯誤,兩者,A,已換了孩子或帳戶，沒有給獎勵。,「發放」書面,少見,1,index.html 腳本38 第6946行（檔案第6946行）｜函式 award｜欄位 award,2,1,
T3726,獎勵超過自動同步時限；請家長檢查,錯誤,家長,A,獎勵超過自動處理的時限。請家長檢查。,「自動同步」是術語,少見,1,index.html 腳本38 第6947行（檔案第6947行）｜函式 award｜欄位 award,1,1,
T3727,英文儲存已暫停；沒有更改錢包,錯誤,兩者,AE,英文部分暫時不能儲存，金幣沒有改動。,「錢包」統一為「金幣」,少見,1,index.html 腳本38 第6948行（檔案第6948行）｜函式 award｜欄位 award,1,1,
T3728,找不到英文錢包,錯誤,兩者,DE,找不到英文部分的金幣紀錄。請重新整理頁面再試。,「英文錢包」是術語，沒說下一步,少見,1,index.html 腳本38 第6952行（檔案第6952行）｜函式 award｜欄位 award,1,1,
T3729,英文錢包未儲存，已取消這次結算,錯誤,兩者,DE,金幣沒有儲存成功，已取消這次獎勵。請再試一次。,「錢包」「結算」是術語，沒說下一步,少見,1,index.html 腳本38 第6956行（檔案第6956行）｜函式 award｜欄位 award,1,1,
T3730,請先完成或結束正在進行的英文街機，再開啟數學。,錯誤,兩者,E,請先完成或結束正在玩的遊戲，再打開數學。,「英文街機」統一為「遊戲」,少見,1,index.html 腳本38 第6960行（檔案第6960行）｜函式 beforeOpen｜欄位 beforeOpen,1,1,
T3731,請先結束目前的小遊戲，再開啟數學。,錯誤,兩者,E,請先結束目前的遊戲，再打開數學。,「小遊戲」統一為「遊戲」,少見,1,index.html 腳本38 第6960行（檔案第6960行）｜函式 beforeOpen｜欄位 beforeOpen,1,1,
T3732,本機孩子名單損壞；請保留備份,錯誤,家長,A,孩子名單已損壞。請保留備份。,「本機」書面,少見,1,index.html 腳本38 第6965行（檔案第6965行）｜函式 registry,1,1,
T3733,孩子名單格式無效或有重複 ID,錯誤,兩者,AE,孩子名單的格式不正確，或有重複的編號。,「ID」統一為「編號」,少見,1,index.html 腳本38 第6965行（檔案第6965行）｜函式 registry,1,1,
T3734,目前學員 ID 不在名單內；請保留備份,錯誤,家長,AE,目前的孩子不在名單內。請保留備份。,「學員」統一為「孩子」,少見,1,index.html 腳本38 第6965行（檔案第6965行）｜函式 registry,1,1,
T3735,資料恢復試玩,標題,兩者,E,資料還原試玩,「恢復」統一為「還原」,少見,1,index.html 腳本38 第6968行（檔案第6968行）｜函式 profile｜欄位 profile.name,1,1,
T3736,原有孩子名單未能讀取，沒有重設或覆蓋。暫以訪客試玩，不儲存新進度。,說明,兩者,D,讀不到原有的孩子名單，名單沒有重設，也沒有改動。現在以訪客身份試玩，不會儲存新進度。,「覆蓋」書面,少見,1,index.html 腳本38 第6968行（檔案第6968行）｜函式 profile｜欄位 profile.recoveryError,1,1,字串片段（與其他片段拼接成一句，須成對修改）
T3737,試玩學員,標題,兩者,E,試玩訪客,「學員」統一為「孩子」,少見,1,index.html 腳本38 第6968行（檔案第6968行）｜函式 profile｜欄位 profile.name,1,1,
T3741,沒有可刪除的學員,錯誤,兩者,E,沒有可刪除的孩子。,「學員」統一為「孩子」,少見,1,index.html 腳本38 第6973行（檔案第6973行）｜函式 remove｜欄位 remove,1,1,
T3742,刪除未完成，請保留備份並檢查瀏覽器儲存。,錯誤,家長,A,刪除沒有完成。請保留備份，並檢查瀏覽器的儲存設定。,「檢查瀏覽器儲存」不清楚,少見,1,index.html 腳本38 第6975行（檔案第6975行）｜函式 remove｜欄位 remove,1,1,字串片段（與其他片段拼接成一句，須成對修改）
T3743,原有資料未能讀取；已停止儲存，沒有覆蓋原檔。,說明,兩者,BD,讀不到原有資料，所以沒有儲存，原有檔案也沒有改動。請先匯出備份。,沒說下一步,少見,1,index.html 腳本38 第6981行（檔案第6981行）,1,1,字串片段（與其他片段拼接成一句，須成對修改）
T3744,帳戶或孩子已切換，請重新開啟數學,錯誤,兩者,B,已換了帳戶或孩子，請重新打開數學。,「已切換」「重新開啟」書面,少見,1,index.html 腳本38 第6983行（檔案第6983行）,1,1,
T3745,另一個分頁更新了進度。為免覆蓋，請重新開啟本頁。,錯誤,兩者,B,另一個分頁更新了進度。以免蓋掉新進度，請重新打開這個頁面。,「為免覆蓋」「本頁」書面,少見,1,index.html 腳本38 第6984行（檔案第6984行）,1,1,
T3746,不是目前孩子的數學備份；沒有更改原資料,錯誤,家長,A,這不是目前這位孩子的數學備份，原有資料沒有改動。,「更改原資料」書面,少見,1,index.html 腳本38 第6998行（檔案第6998行）,1,1,
T3747,請先登入及選取目標孩子,錯誤,兩者,A,請先登入，並選好孩子。,「目標孩子」書面,少見,1,index.html 腳本38 第7001行（檔案第7001行）,1,1,
T3748,備份指紋無效,錯誤,家長,A,備份檔可能已損壞，或有人改過。,「指紋」是術語,少見,1,index.html 腳本38 第7001行（檔案第7001行）,1,1,
T3749,這份舊紀錄已搬入，沒有重複加入,錯誤,兩者,E,這份舊紀錄已轉入，沒有重複加入。,「搬入」統一為「轉入」,少見,1,index.html 腳本38 第7003行（檔案第7003行）,1,1,
T3750,請先完成或結束目前數學課堂，再搬入舊紀錄,錯誤,兩者,AE,請先完成或結束目前的數學練習，再轉入舊紀錄。,「課堂」「搬入」統一用語,少見,1,index.html 腳本38 第7004行（檔案第7004行）,1,1,
T3751,搬移作答ID衝突,錯誤,兩者,AE,轉入的作答編號重複。,「搬移作答ID衝突」是術語,少見,1,index.html 腳本38 第7009行（檔案第7009行）,1,1,
T3752,合併後超過5000筆；請保留兩份備份，沒有截斷或覆蓋,錯誤,家長,A,合併後會超過 5000 筆，所以沒有合併。請保留兩份備份。,「截斷」是術語,少見,1,index.html 腳本38 第7010行（檔案第7010行）,1,1,
T3753,合併後超過300節課，沒有丟棄舊紀錄；請先整理備份,錯誤,家長,A,合併後會超過 300 節課，所以沒有合併，舊紀錄都保留。請先整理備份。,「丟棄」書面,少見,1,index.html 腳本38 第7016行（檔案第7016行）,1,1,
T3754,搬移收據已滿,錯誤,兩者,AE,轉入紀錄已滿。,「搬移收據」是術語,少見,1,index.html 腳本38 第7019行（檔案第7019行）,1,1,
T3790,學習主頁,標籤,兩者,E,學習首頁,「主頁」「首頁」混用,課堂中,1,index.html 腳本39 第7071行（檔案第7071行）｜函式 nav,3,1,
T3798,切換學員,按鈕,兩者,E,切換孩子,「學員」統一為「孩子」,課堂中,1,index.html 腳本39 第7072行（檔案第7072行）｜函式 header,1,1,
T3800,發現數學新方法。,說明,兩者,B,用新方法學數學。,口號式「發現數學新方法」,課堂中,1,index.html 腳本39 第7074行（檔案第7074行）｜函式 home,1,1,
T3802,學懂的不只是答案。,說明,兩者,B,學到方法，不只是答案。,口號式「不只是…」句型,課堂中,1,index.html 腳本39 第7074行（檔案第7074行）｜函式 home,1,1,
T3810,同一個學習檔案，兩條獨立路線,說明,兩者,AE,同一個學習檔案，兩條路線,「獨立」難明,課堂中,1,index.html 腳本39 第7076行（檔案第7076行）｜函式 home,1,1,
T3818,"關閉後不保留進度，也不派金幣。${root.WQM_INTEGRATED?'請返回英文登入原有家庭帳戶。':btn('由家長建立本機學習檔案','nav:profiles','tiny-link')}",說明,家長,A,"關閉後不保留進度，也不會給金幣。${root.WQM_INTEGRATED?'請返回英文登入原有家庭帳戶。':btn('由家長建立本機學習檔案','nav:profiles','tiny-link')}",「派」是行政用語,課堂中,1,index.html 腳本39 第7080行（檔案第7080行）｜函式 home,1,0,局部替換：「也不派金幣。」→「也不會給金幣。」
T3837,；79個單元均有可作答的基礎選段。這不是每個官方學習重點均完成的全套課本；新增內容待教師審核。,說明,兩者,A,；79 個單元都有可作答的基礎選段。這不是涵蓋所有官方學習重點的完整課本。新增內容還沒有教師審核。,孩子句長 19 字，「均」書面,課堂中,1,index.html 腳本39 第7084行（檔案第7084行）｜函式 catalog,1,1,
T3839,待開發,標籤,兩者,D,還未有內容,「待開發」是內部開發用語,課堂中,1,index.html 腳本39 第7085行（檔案第7085行）｜函式 catalog,1,1,
T3845,先備：${sk.prerequisites.map(i=>L.skills.get(i).name_zh).map(esc).join('、')},說明,兩者,A,需要先會：${sk.prerequisites.map(i=>L.skills.get(i).name_zh).map(esc).join('、')},「先備」是術語,課堂中,1,index.html 腳本39 第7085行（檔案第7085行）｜函式 catalog,1,1,局部替換：「先備：」→「需要先會：」
T3846,課程位置已預留；這裏不會用其他題目冒充本單元。,說明,兩者,B,這個單元已預留位置，還沒有題目。這裏不會用其他單元的題目代替。,「冒充」不自然,課堂中,1,index.html 腳本39 第7085行（檔案第7085行）｜函式 catalog,1,1,
T3855,10題原創模擬卷,按鈕,兩者,E,10 題原創模擬卷,數字與量詞之間加空格,課堂中,1,index.html 腳本39 第7086行（檔案第7086行）｜函式 olympiad,1,1,
T3859,每層為五個基礎選題，不是完整競賽課程。模擬卷全部原創，沒有複製正式試卷，亦不冒充任何主辦機構的成績或排名。難度尚未以真實學生數據校準。,說明,兩者,AE,每層有五個基礎選題，不是完整的競賽課程。模擬卷全部是原創，沒有複製正式試卷，也不代表任何主辦機構的成績或排名。難度還沒有用真實孩子的數據校準。,孩子句長 31 字，「學生」「孩子」混用,課堂中,1,index.html 腳本39 第7086行（檔案第7086行）｜函式 olympiad,1,1,
T3861,同一主題至少兩題不用提示完成，並在小結選對方法，便會取得入門策略卡。這是本版的完成條件，不代表已全面掌握策略。,說明,兩者,A,同一主題至少兩題不用提示完成，並在小結選對方法，就能得到入門策略卡。這只是這個版本的條件，不代表已經全面掌握這個策略。,孩子句長 31 字,課堂中,1,index.html 腳本39 第7088行（檔案第7088行）｜函式 cards,1,1,
T3898,兩條總長相同。點上方的等份，試試不同分母的每一份有多大。,說明,兩者,A,兩條的總長相同。點上方的等份，看看不同分母的每一份有多大。,孩子句長 19 字,課堂中,1,index.html 腳本39 第7104行（檔案第7104行）｜函式 toolsHTML,1,1,
T3925,簡化港幣教具，不是真鈔圖樣。只用整元；小店找贖定位在小二或以上。,說明,兩者,A,簡化的港幣教具，不是真鈔圖樣。只用整元。小店找贖適合小二或以上。,「定位在」難明,課堂中,1,index.html 腳本39 第7111行（檔案第7111行）｜函式 toolsHTML,1,1,
T3948,按錢幣砌找贖，再交給客人。定位小二以上，會用同一題目引擎記錄。,說明,兩者,A,按錢幣砌出找贖，再交給客人。適合小二以上，成績會記在數學紀錄裏。,「同一題目引擎」是術語，孩子句長 16 字,課堂中,1,index.html 腳本39 第7117行（檔案第7117行）｜函式 toolsPage,1,1,
T3950,這兩款是數學操作練習，不是完整街機遊戲；原英文小遊戲沒有改動。,說明,兩者,A,這兩款是數學操作練習，不是完整的遊戲。原有的英文小遊戲沒有改動。,孩子句長 18 字,課堂中,1,index.html 腳本39 第7117行（檔案第7117行）｜函式 toolsPage,1,1,
T3953,先完成列出的先備技能,錯誤,兩者,A,請先完成列出的基礎技能。,「先備技能」是術語,課堂中,1,index.html 腳本39 第7118行（檔案第7118行）｜函式 makeSession,1,1,
T3967,④ 答句（答句格式）,標籤,兩者,A,④ 答句（數值加單位）,「答句格式」重複,課堂中,1,index.html 腳本39 第7136行（檔案第7136行）｜函式 questionView,1,1,
T3968,答句由數值和單位組成，並非 AI 自動批改自由文字。分數：數值 2、算式 1、單位 1。,說明,兩者,AB,答句由數值和單位組成，不會用 AI 批改自由文字。分數：數值 2、算式 1、單位 1。,孩子句長 20 字，「並非」書面,課堂中,1,index.html 腳本39 第7136行（檔案第7136行）｜函式 questionView,1,1,
T3980,下一步必須做一條不同數字的新題。,說明,兩者,B,下一步要做一題數字不同的新題。,「必須」書面,課堂中,1,index.html 腳本39 第7141行（檔案第7141行）｜函式 questionView,1,1,
T3988,先獨立試一試；這道開場題不計入掌握度。,說明,兩者,AE,先自己試一試。這道開場題不計入掌握度。,「獨立」統一為「自己」,課堂中,1,index.html 腳本39 第7145行（檔案第7145行）｜函式 questionView,1,1,
T3991,原來作答會保留作學習資料；下一題會換數字，不靠背答案。,說明,兩者,A,原來的作答會保留，作為學習紀錄。下一題會換數字，不能靠背答案。,「學習資料」「不靠」書面,課堂中,1,index.html 腳本39 第7147行（檔案第7147行）｜函式 feedbackHTML,1,1,
T4015,選擇本課真正用到的方法，不是最快按答案。,說明,兩者,A,選擇本課真正用到的方法。不是選最快按答案的。,孩子句長 18 字,課堂中,1,index.html 腳本39 第7157行（檔案第7157行）｜函式 lesson,1,1,
T4027,起步測試不會顯示總分，也不是全科或比賽能力評級。,說明,兩者,A,起步測試不會顯示總分。它也不是全科或比賽的能力評級。,孩子句長 22 字,課堂中,1,index.html 腳本39 第7160行（檔案第7160行）｜函式 summaryHTML,1,1,
T4028,你完成了 ${count} 次獨立練習作答。需要訂正的題目，會用新數字再練。,說明,兩者,AE,你完成了 ${count} 次自己作答的練習。需要訂正的題目，會用新數字再練。,「獨立」統一為「自己」,課堂中,1,index.html 腳本39 第7160行（檔案第7160行）｜函式 summaryHTML,1,1,
T4030,訪客模式沒有派金幣；建立學習檔案後才會保存。,說明,兩者,E,訪客模式沒有金幣。建立學習檔案後，才會儲存。,「派」「保存」統一用語,課堂中,1,index.html 腳本39 第7160行（檔案第7160行）｜函式 summaryHTML,1,1,
T4031,起步測試不派獎勵。,說明,兩者,A,起步測試沒有獎勵。,「派」是行政用語,課堂中,1,index.html 腳本39 第7160行（檔案第7160行）｜函式 summaryHTML,1,1,
T4033,這輪沒有額外金幣。今天可能已完成同一任務，或仍需多練習。,說明,兩者,A,這輪沒有多得金幣。今天可能已完成同一個任務，或需要多練習。,孩子句長 17 字,課堂中,1,index.html 腳本39 第7160行（檔案第7160行）｜函式 summaryHTML,1,1,
T4040,過一段時間再試新題，看看方法是否記得。,說明,兩者,A,過一段時間再試新題，看看還記不記得這個方法。,孩子句長 17 字,課堂中,1,index.html 腳本39 第7163行（檔案第7163行）｜函式 summaryHTML,1,1,
T4041,返回學習主頁,按鈕,兩者,E,返回學習首頁,「主頁」「首頁」混用,課堂中,1,index.html 腳本39 第7163行（檔案第7163行）｜函式 summaryHTML,1,1,
T4049,${normal.length} 次獨立練習紀錄 · 已掌握 ${mastered('normal')} 個入門技能,說明,兩者,AE,${normal.length} 次自己作答的練習紀錄 · 已掌握 ${mastered('normal')} 個入門技能,「獨立」統一為「自己」,課堂中,1,index.html 腳本39 第7166行（檔案第7166行）｜函式 parent,1,1,
T4052,奧數 · 獨立紀錄,標題,兩者,AE,奧數 · 另外的紀錄,「獨立」難明,課堂中,1,index.html 腳本39 第7166行（檔案第7166行）｜函式 parent,1,1,
T4053,${oly.length} 次獨立練習紀錄,說明,兩者,AE,${oly.length} 次自己作答的練習紀錄,「獨立」統一為「自己」,課堂中,1,index.html 腳本39 第7166行（檔案第7166行）｜函式 parent,1,1,
T4063,沿用英文家長驗證,標籤,家長,E,沿用英文部分的家長確認,「驗證」統一為「確認」,課堂中,1,index.html 腳本39 第7168行（檔案第7168行）｜函式 parent,1,1,
T4064,本機家長頁 · 無身份驗證,標籤,家長,A,這部裝置上的家長頁 · 沒有身份驗證,「本機」書面,課堂中,1,index.html 腳本39 第7168行（檔案第7168行）｜函式 parent,1,1,
T4072,讀題聲線（需裝置支援）,標籤,兩者,E,讀題聲音（需裝置支援）,「聲線」統一為「聲音」,課堂中,1,index.html 腳本39 第7168行（檔案第7168行）｜函式 parent,1,1,
T4078,慢速模式：停用快速亂估提示；所有練習本來都不計時,說明,兩者,A,慢速模式：不再顯示「快速亂估」提示。所有練習本來都沒有計時。,「停用」「快速亂估提示」難明,課堂中,1,index.html 腳本39 第7169行（檔案第7169行）｜函式 parent,1,1,
T4079,高小顯示數值成績（小一至小三仍不顯示百分比）,說明,兩者,A,高小顯示數值成績（小一至小三不顯示百分比）,孩子句長 20 字,課堂中,1,index.html 腳本39 第7169行（檔案第7169行）｜函式 parent,1,1,
T4081,此頁顯示數學時限；家庭備份與跨科安排頁另有全站總時限及合併週報。沒有排行榜、通知或廣告推送；本機家長頁不是安全的防繞過鎖。,說明,家長,A,這個頁面設定數學的時間上限。家庭備份與跨科安排頁另有每日總時間上限和合併的週報。沒有排行榜、通知或廣告。這個家長頁只在這部裝置上，不是安全的鎖，不能防止被繞過。,「全站總時限」「防繞過鎖」是術語,課堂中,1,index.html 腳本39 第7169行（檔案第7169行）｜函式 parent,1,1,
T4086,搬入舊學員紀錄,按鈕,兩者,E,轉入舊數學紀錄,「學員」「搬入」統一用語,課堂中,1,index.html 腳本39 第7170行（檔案第7170行）｜函式 parent,2,1,
T4087,重試待結算獎勵,按鈕,兩者,A,重試未處理的獎勵,「待結算」是術語,課堂中,1,index.html 腳本39 第7170行（檔案第7170行）｜函式 parent,1,1,
T4089,數學資料使用獨立旁存，避免被英文舊版驗證器刪掉；舊英文單科匯出不包含數學；R3家長頁「家庭完整備份」則一次包含全部孩子與媒體。清除數學進度不會撤回已發的英文金幣。,說明,家長,A,數學資料另外存放，避免被英文舊版的檢查程式刪掉。舊的英文單科匯出不包含數學。家長頁的「家庭完整備份」，則一次包含全部孩子、圖片和音檔。清除數學進度，不會收回已給的英文金幣。,「獨立旁存」「驗證器」「媒體」是術語,課堂中,1,index.html 腳本39 第7170行（檔案第7170行）｜函式 parent,1,1,
T4090,有 ${state.reports.length} 條題目報錯紀錄，已包含在數學備份中；尚未傳送到伺服器。,說明,家長,A,有 ${state.reports.length} 條題目報錯紀錄，已包含在數學備份中，還沒有傳到網上。,「伺服器」是術語,課堂中,1,index.html 腳本39 第7170行（檔案第7170行）｜函式 parent,1,1,
T4093,請返回英文程式，使用原有的孩子切換功能。,說明,兩者,A,請回到英文部分，用原有的切換孩子功能。,孩子句長 18 字,課堂中,1,index.html 腳本39 第7171行（檔案第7171行）｜函式 profiles,1,1,
T4096,選擇學員,標題,兩者,E,選擇孩子,「學員」統一為「孩子」,課堂中,1,index.html 腳本39 第7171行（檔案第7171行）｜函式 profiles,1,1,
T4101,刪除目前學員本機資料,按鈕,兩者,AE,刪除目前孩子在這部裝置上的資料,「學員」「本機資料」統一用語,課堂中,1,index.html 腳本39 第7171行（檔案第7171行）｜函式 profiles,1,1,
T4103,暱稱（毋須真名）,標籤,兩者,B,暱稱（不用真名）,「毋須」書面,課堂中,1,index.html 腳本39 第7171行（檔案第7171行）｜函式 profiles,1,1,
T4104,我是家長／照顧者，同意在這個瀏覽器保存孩子的暱稱、年級和學習資料。,說明,家長,E,我是家長／照顧者，同意在這個瀏覽器儲存孩子的暱稱、年級和學習資料。,「保存」統一為「儲存」,課堂中,1,index.html 腳本39 第7171行（檔案第7171行）｜函式 profiles,1,1,
T4107,已提交的答案已保存。繼續上次一課，或結束這輪再重新選擇。,說明,兩者,AE,已提交的答案已儲存。可以繼續上次的一課，或結束這一輪再重新選擇。,孩子句長 16 字，「保存」統一,課堂中,1,index.html 腳本39 第7189行（檔案第7189行）｜函式 render,1,1,
T4114,WordQuest Maths R3 · 保留0.1.2舊紀錄相容,說明,兩者,E,WordQuest 數學 · 相容舊版 0.1.2 的紀錄,英文「Maths」「R3」是開發用語,課堂中,1,index.html 腳本39 第7192行（檔案第7192行）｜函式 render,1,1,
T4115,2017 課程框架／2026 建模修訂另作版本記錄 · 課程及粵語語音仍待獨立教師與真人試用審核。,說明,兩者,A,課程框架（2017）和建模修訂（2026）另有版本紀錄。課程和粵語語音，還要由教師審核，並經真人試用。,孩子句長 34 字，「記錄／紀錄」混用,課堂中,1,index.html 腳本39 第7192行（檔案第7192行）｜函式 render,1,1,
T4116,102個普通數學技能選段＋20個奧數選題；79個普通數學單元有基礎練習，並非全套官方學習重點均已完成。離線答案可被檢視，不適合正式比賽判分。,說明,兩者,AB,102 個普通數學技能選段，加 20 個奧數選題。79 個普通數學單元有基礎練習，但未涵蓋所有官方學習重點。答案存在本機，可以被查看，不適合用作正式比賽的評分。,孩子句長 26 字，「並非」書面,課堂中,1,index.html 腳本39 第7192行（檔案第7192行）｜函式 render,1,1,
T4124,裝置沒有可用的${lang==='yue-HK'?'粵語':lang==='en-GB'?'英式英文':'普通話'}聲線。文字仍可使用；本版沒有內置真人錄音。,狀態,兩者,E,這部裝置沒有可用的${lang==='yue-HK'?'粵語':lang==='en-GB'?'英式英文':'普通話'}聲音。文字仍可使用。這個版本沒有內置真人錄音。,「聲線」統一為「聲音」，「本版」是開發用語,課堂中,1,index.html 腳本39 第7248行（檔案第7248行）｜函式 speech,1,1,局部替換：「裝置沒有可用的」→「這部裝置沒有可用的」 ‖ 「聲線。文字仍可使用；本版沒有內置真人錄音。」→「聲音。文字仍可使用。這個版本沒有內置真人錄音。」
T4126,請先完成家長驗證,錯誤,家長,E,請先完成家長確認,「驗證」統一為「確認」,課堂中,2,index.html 腳本39 第7257行（檔案第7257行）｜函式 chooseMigration ‖ index.html 腳本39 第7263行（檔案第7263行）｜函式 confirmMigration,5,2,
T4127,數學備份超過2.5 MB,錯誤,家長,E,數學備份超過 2.5 MB,數字與單位之間加空格,課堂中,1,index.html 腳本39 第7258行（檔案第7258行）｜函式 input.onchange,1,1,
T4128,需要支援SHA-256的安全瀏覽器環境,錯誤,兩者,A,這個瀏覽器不能檢查備份檔。請用 https 網址，或本機啟動器。,「SHA-256」「安全瀏覽器環境」是術語,課堂中,1,index.html 腳本39 第7258行（檔案第7258行）｜函式 input.onchange,1,1,
T4129,核對舊學員 → 目前孩子,標題,兩者,E,核對舊紀錄 → 目前孩子,「學員」統一為「孩子」,課堂中,1,index.html 腳本39 第7259行（檔案第7259行）｜函式 input.onchange,1,1,
T4130,來源：${esc(p.profile.name)}，小${p.profile.grade}，${p.state.attempts.length}次作答。,說明,兩者,E,來源：${esc(p.profile.name)}，小${p.profile.grade}，${p.state.attempts.length} 次作答。,數字與量詞之間加空格,課堂中,1,index.html 腳本39 第7259行（檔案第7259行）｜函式 input.onchange,1,1,
T4131,目標：${esc(store.profile.name)}，小${store.profile.grade}，已有${store.state.attempts.length}次作答。,說明,兩者,E,目標：${esc(store.profile.name)}，小${store.profile.grade}，已有 ${store.state.attempts.length} 次作答。,數字與量詞之間加空格,課堂中,1,index.html 腳本39 第7259行（檔案第7259行）｜函式 input.onchange,1,1,
T4132,保留現有英文錢包，不派發舊獎勵。已提交數學紀錄合併；相同紀錄去重。已完成的評分不重新計算，掌握度採最後更新的一份。同日數學時間取較大值，不將可能重疊的時段重複相加。未完成的舊課不搬移。,說明,兩者,A,會保留現有的英文金幣，不會再給舊的獎勵。已提交的數學紀錄會合併，相同的紀錄只留一份。已完成的評分不會重新計算，掌握度以最後更新的一份為準。同一天的數學時間，取較大的一個，不會把可能重疊的時間加起來。沒完成的舊練習不會轉入。,孩子句長 23 字，「去重」「搬移」是術語,課堂中,1,index.html 腳本39 第7259行（檔案第7259行）｜函式 input.onchange,1,1,
T4136,請先核對舊學員與目前孩子並勾選確認,錯誤,兩者,AE,請先核對舊紀錄和目前的孩子，並勾選確認。,「學員」統一為「孩子」,課堂中,1,index.html 腳本39 第7263行（檔案第7263行）｜函式 confirmMigration,1,1,
T4137,已合併 ${r.addedAttempts} 筆舊紀錄，合共 ${r.totalAttempts} 筆；沒有重複派金幣。,狀態,兩者,A,已合併 ${r.addedAttempts} 筆舊紀錄，合共 ${r.totalAttempts} 筆；沒有重複給金幣。,「派」是行政用語,課堂中,1,index.html 腳本39 第7263行（檔案第7263行）｜函式 confirmMigration,1,1,
T4138,試卷層級無效,錯誤,兩者,A,模擬卷的級別不正確。,「試卷層級無效」是術語,課堂中,1,index.html 腳本39 第7264行（檔案第7264行）｜函式 makeMock,1,1,
T4140,結束未完成的數學練習並開始模擬卷？已提交答案保留。,確認框,兩者,A,要結束未完成的數學練習，並開始模擬卷嗎？已提交的答案會保留。,孩子句長 16 字,課堂中,1,index.html 腳本39 第7264行（檔案第7264行）｜函式 makeMock,1,1,
T4141,這個層級題庫未齊,錯誤,兩者,A,這個級別的題庫還沒齊全。,「層級」是術語,課堂中,1,index.html 腳本39 第7265行（檔案第7265行）｜函式 makeMock,1,1,
T4142,原創10題模擬卷；不是任何主辦機構的真題、評級或正式競賽成績。,狀態,兩者,AE,原創 10 題模擬卷。不是任何主辦機構的真題、評級或正式競賽成績。,孩子句長 20 字，數字與量詞之間加空格,課堂中,1,index.html 腳本39 第7265行（檔案第7265行）｜函式 makeMock,1,1,
T4146,永久刪除目前學員的本機數學資料？請先匯出備份。,確認框,家長,E,要永久刪除目前孩子在這部裝置上的數學資料嗎？請先匯出備份。,「學員」統一為「孩子」,課堂中,1,index.html 腳本39 第7310行（檔案第7310行）｜函式 action,1,1,
T4154,數學資料已還原；沒有重新派金幣。,狀態,家長,A,數學資料已還原，沒有重新給金幣。,「派」是行政用語,課堂中,1,index.html 腳本39 第7317行（檔案第7317行）｜函式 ?.onchange,1,1,
T4155,已結算 ,狀態,兩者,B,已處理 ,「結算」是會計用語，與其他處「未處理」一致,課堂中,1,index.html 腳本39 第7318行（檔案第7318行）｜函式 action,1,1,字串片段（與其他片段拼接成一句，須成對修改）
T4156, 金幣。,狀態,兩者,E, 枚金幣。,貨幣量詞統一為「枚」,課堂中,1,index.html 腳本39 第7318行（檔案第7318行）｜函式 action,4,1,字串片段（與其他片段拼接成一句，須成對修改）
T4157,沒有未結算的新增金幣。,狀態,兩者,A,沒有未處理的新金幣。,「結算」是術語,課堂中,1,index.html 腳本39 第7318行（檔案第7318行）｜函式 action,1,1,
T4158,只清除目前孩子的數學進度？英文內容及英文錢包不變。,確認框,兩者,E,只清除目前孩子的數學進度？英文內容和英文部分的金幣都不變。,「錢包」統一為「金幣」,課堂中,1,index.html 腳本39 第7319行（檔案第7319行）｜函式 action,1,1,
T4159,已記錄這道題目，會隨數學備份一併儲存；尚未上傳。,狀態,家長,A,已記錄這道題目，會跟數學備份一起儲存，還沒有上傳到網上。,「一併」「尚未」書面,課堂中,1,index.html 腳本39 第7320行（檔案第7320行）｜函式 action,1,1,
T4160,未能連接英文帳戶；沒有建立另一個錢包。,錯誤,兩者,D,連接不到英文部分的帳戶，也沒有另建金幣紀錄。請回到英文部分，重新整理頁面再試。,沒說下一步,課堂中,1,index.html 腳本39 第7326行（檔案第7326行）｜函式 open,1,1,
T4161,草稿未能儲存。取消會保留目前畫面；確定則返回英文，未保存的草稿可能遺失。,確認框,兩者,AE,草稿儲存失敗。按「取消」會留在目前畫面。按「確定」會回到英文，沒儲存的草稿可能會丟失。,孩子句長 17 字，「保存」統一,課堂中,1,index.html 腳本39 第7374行（檔案第7374行）｜函式 close,1,1,
T4165,未能識別這個英文版本的帳戶或錢包介面。為免損壞資料，數學插件沒有啟動。請使用獨立試玩版，並提供原 HTML 作完整整合測試。,提示,兩者,AB,認不出這個英文版本的帳戶或金幣介面。以免損壞資料，數學功能沒有啟動。請使用獨立試玩版，並提供原來的 HTML 檔案做完整測試。,「插件」「為免」「識別」是術語或書面,課堂中,1,index.html 腳本39 第7386行（檔案第7386行）｜函式 launch.onclick,1,1,
T4166,本機資料暫時未能讀取,標題,兩者,AD,暫時讀不到這部裝置上的資料,「本機資料」書面，沒說下一步,課堂中,1,index.html 腳本39 第7390行（檔案第7390行）｜函式 mount,1,1,
T4167,沒有重設、刪除或覆蓋舊進度。請先保留原檔及備份，檢查瀏覽器是否允許儲存；不要為了重新開始而清除瀏覽資料。,說明,家長,A,舊進度沒有重設、刪除或蓋掉。請先保留原檔和備份，檢查瀏覽器有沒有允許儲存。不要為了重新開始而清除瀏覽資料。,「覆蓋」書面,課堂中,1,index.html 腳本39 第7390行（檔案第7390行）｜函式 mount,1,1,
T4169,修改損壞名單需要人工核對；本頁不會自動建立同名的新學員。,說明,兩者,DE,損壞的名單要人手核對才能修改。這個頁面不會自動建立同名的新孩子。,「學員」統一為「孩子」,課堂中,1,index.html 腳本39 第7390行（檔案第7390行）｜函式 mount,1,1,
T4170,瀏覽器仍拒絕讀取儲存資料；未有匯出。,說明,家長,A,瀏覽器仍然不讓網頁讀取儲存的資料，沒有匯出。,「拒絕讀取」書面,課堂中,1,index.html 腳本39 第7391行（檔案第7391行）｜函式 ?.onclick,1,1,字串片段（與其他片段拼接成一句，須成對修改）
T4171,新街機 · R2,標籤,孩子,E,新遊戲,「新街機」統一為「新遊戲」，版本號是開發用語,首頁,1,index.html 內嵌CSS 第288行｜函式 css,1,1,
T4172,WordQuest R3.4 · 街機手感與手機玩法,說明,兩者,E,WordQuest · 手機玩法與遊戲手感,版本號是開發用語，「街機」統一為「遊戲」,首頁,1,index.html 靜態HTML 第8行｜函式 static-html,1,1,
T4173,V13 功能預覽,說明,兩者,E,功能預覽,版本號是開發用語,首頁,1,index.html 靜態HTML 第482行｜函式 static-html,1,1,
T4176,此程式需要開啟 JavaScript 才能學習及儲存資料。,說明,兩者,A,這個程式需要開啟 JavaScript，才能學習和儲存資料。,孩子句長 16 字，「此」書面,首頁,1,index.html 靜態HTML 第484行｜函式 static-html,1,1,
T4177,本機試用帳戶，並非雲端服務。V20 已加入默書字詞點選、常用字分組及原相核對。未登入可練習及預覽，但不儲金幣或保存作答紀錄。,說明,兩者,AB,本機試用帳戶，不是雲端服務。未登入可以練習和預覽，但不會儲存金幣和作答紀錄。,「並非」書面，版本更新說明不屬於畫面文字,首頁,1,index.html 靜態HTML 第485行｜函式 static-html,1,1,
